ente,uf,ano,grupo,contrib_previdenciaria,recursos_acumulados,receita_investimentos_e_ativos,data_recebimento_adesao,data_adesao,data_cert_inicial,nivel_inicial,data_renovacao_cert,nivel_atual,contrib_previdenciaria_problema,recursos_acumulados_problema,receita_investimentos_e_ativos_problema
ABADIA DE GOIAS,GO,2019,PEQUENO PORTE,1758124.7,12719457.45,31242707.47,,,,,,,False,False,False
ABADIA DE GOIAS,GO,2020,PEQUENO PORTE,2301682.79,15368522.77,31061047.419999998,,,,,,,False,False,False
ABADIA DE GOIAS,GO,2021,PEQUENO PORTE,4252656.3,18796917.44,30908852.58,,,,,,,False,False,False
ABADIA DE GOIAS,GO,2022,PEQUENO PORTE,4842562.77,22538497.42,32214240.599999998,,,,,,,False,False,False
ABADIA DE GOIAS,GO,2023,PEQUENO PORTE,5174476.64,28285441.23,33836946.25,,,,,,,False,False,False
ABADIA DE GOIAS,GO,2024,PEQUENO PORTE,7734918.59,35775151.67,33055242.81,,,,,,,False,False,False
ABADIANIA,GO,2019,PEQUENO PORTE,2952154.01,372312.3199999999,29876155.91,,,,,,,False,False,False
ABADIANIA,GO,2020,PEQUENO PORTE,3174016.63,174719.81,29871926.759999998,,,,,,,False,False,False
ABADIANIA,GO,2021,PEQUENO PORTE,4089804.03,495236.36,29869379.72,,,,,,,False,False,False
ABADIANIA,GO,2022,PEQUENO PORTE,2687754.11,566472.49,29886527.41,,,,,,,False,False,False
ABADIANIA,GO,2023,PEQUENO PORTE,7175322.53,2083351.77,30038317.46,,,,,,,False,False,False
ABADIANIA,GO,2024,PEQUENO PORTE,4176226.88,2999886.31,30088527.25,,,,,,,False,False,False
ABREULANDIA,TO,2019,PEQUENO PORTE,604962.16,2425465.69,30113501.619999997,,,,,,,False,False,False
ABREULANDIA,TO,2020,PEQUENO PORTE,711403.21,2724357.1,30036948.15,,,,,,,False,False,False
ABREULANDIA,TO,2021,PEQUENO PORTE,771163.73,3302803.71,30164971.419999998,,,,,,,False,False,False
ABREULANDIA,TO,2022,PEQUENO PORTE,1079993.22,3778527.45,30151375.4,,,,,,,False,False,False
ABREULANDIA,TO,2023,PEQUENO PORTE,1266887.22,4312038.11,30497479.939999998,,,,,,,False,False,False
ABREULANDIA,TO,2024,PEQUENO PORTE,1152377.79,5368588.57,30202881.259999998,,,,,,,False,False,False
ACOPIARA,CE,2019,MÉDIO PORTE,5407857.47,40188724.76,34894777.12,,,,,,,False,False,False
ACOPIARA,CE,2020,MÉDIO PORTE,3925680.1,45910781.05,32543996.13,,,,,,,False,False,False
ACOPIARA,CE,2021,MÉDIO PORTE,8324584.23,47438707.72000001,29907225.81,,,,,,,False,False,False
ACOPIARA,CE,2022,MÉDIO PORTE,8954056.08,55730015.37,34869158.18,,,,,,,False,False,False
ACOPIARA,CE,2023,MÉDIO PORTE,5337943.09,64332032.55,40200920.03,,,,,,,False,False,False
ACOPIARA,CE,2024,MÉDIO PORTE,3506501.06,75436335.49,31436736.43,2023-09-04 00:00:00,2023-08-03 00:00:00,,,,,False,False,False
ACRE,AC,2019,ESTADO/DF,378039959.25,1294746.75,30253877.48,,,,,,,False,False,False
ACRE,AC,2020,ESTADO/DF,386453564.77,10137389.4,30170121.619999997,,,,,,,False,False,False
ACRE,AC,2021,ESTADO/DF,398800494.55,25654482.63,31029607.869999997,,,,,,,False,False,False
ACRE,AC,2022,ESTADO/DF,430306198.5,52007157.05,38220538.73,,,,,,,False,False,False
ACRE,AC,2023,ESTADO/DF,485703460.73,102515718.05,39811593.379999995,,,,,,,False,False,False
ACRE,AC,2024,ESTADO/DF,518335136.0,114651575.22,41894690.11,,,,,,,False,False,False
ACREUNA,GO,2019,MÉDIO PORTE,7289452.59,37107341.73,34981226.3,,,,,,,False,False,False
ACREUNA,GO,2020,MÉDIO PORTE,4634805.05,42459373.90000001,31575005.14,,,,,,,False,False,False
ACREUNA,GO,2021,MÉDIO PORTE,8550261.82,42288030.84,30307056.63,,,,,,,False,False,False
ACREUNA,GO,2022,MÉDIO PORTE,11447452.63,43130641.0,33272096.49,,,,,,,False,False,False
ACREUNA,GO,2023,MÉDIO PORTE,13296113.75,47607254.26,36538147.19,,,,,,,False,False,False
ACREUNA,GO,2024,MÉDIO PORTE,13855331.09,57013872.46,33917728.85,2022-08-25 00:00:00,2022-08-01 00:00:00,,,,,False,False,False
ADRIANOPOLIS,PR,2019,PEQUENO PORTE,2966646.89,5980959.859999999,30497976.65,,,,,,,False,False,False
ADRIANOPOLIS,PR,2020,PEQUENO PORTE,3567180.14,8010256.66,30187829.9,,,,,,,False,False,False
ADRIANOPOLIS,PR,2021,PEQUENO PORTE,3654093.66,8887939.950000001,30141706.509999998,,,,,,,False,False,False
ADRIANOPOLIS,PR,2022,PEQUENO PORTE,4172493.75,9344913.22,30891208.99,,,,,,,False,False,False
ADRIANOPOLIS,PR,2023,PEQUENO PORTE,3003362.73,10284297.47,31397572.349999998,,,,,,,False,False,False
ADRIANOPOLIS,PR,2024,PEQUENO PORTE,3744695.58,14039135.32,30922421.65,,,,,,,False,False,False
AFOGADOS DA INGAZEIRA,PE,2019,MÉDIO PORTE,6703717.56,98681.92,29865197.369999997,,,,,,,False,False,False
AFOGADOS DA INGAZEIRA,PE,2020,MÉDIO PORTE,6617601.6,405891.3199999999,29864043.72,,,,,,,False,False,False
AFOGADOS DA INGAZEIRA,PE,2021,MÉDIO PORTE,6598027.59,500352.29,29920284.689999998,,,,,,,False,False,False
AFOGADOS DA INGAZEIRA,PE,2022,MÉDIO PORTE,9471189.83,563773.68,29994839.66,,,,,,,False,False,False
AFOGADOS DA INGAZEIRA,PE,2023,MÉDIO PORTE,20363590.39,2774595.84,30105256.98,,,,,,,False,False,False
AFOGADOS DA INGAZEIRA,PE,2024,MÉDIO PORTE,24395726.36,1266572.91,30129126.779999997,,,,,,,False,False,False
AGRESTINA,PE,2019,PEQUENO PORTE,3996227.88,3335110.89,30189174.45,,,,,,,False,False,False
AGRESTINA,PE,2020,MÉDIO PORTE,5268871.37,4430202.46,30438332.77,,,,,,,False,False,False
AGRESTINA,PE,2021,MÉDIO PORTE,7590114.8,7322420.5,30514333.82,,,,,,,False,False,False
AGRESTINA,PE,2022,MÉDIO PORTE,7085824.02,14065390.11,31868005.15,,,,,,,False,False,False
AGRESTINA,PE,2023,MÉDIO PORTE,7960054.31,19438845.45,33263590.75,,,,,,,False,False,False
AGRESTINA,PE,2024,MÉDIO PORTE,8590376.68,28531041.31,32690713.31,2023-02-07 00:00:00,2023-02-03 00:00:00,,,,,False,False,False
AGRICOLANDIA,PI,2019,PEQUENO PORTE,1055155.81,689630.0499999999,29948784.91,,,,,,,False,False,False
AGRICOLANDIA,PI,2020,PEQUENO PORTE,1142079.07,979742.55,29924005.919999998,,,,,,,False,False,False
AGRICOLANDIA,PI,2021,PEQUENO PORTE,1440878.41,1153040.18,29987172.0,,,,,,,False,False,False
AGRICOLANDIA,PI,2022,PEQUENO PORTE,1825448.5,1753638.89,30051208.72,,,,,,,False,False,False
AGRICOLANDIA,PI,2023,PEQUENO PORTE,1718666.57,2484252.98,30237168.77,,,,,,,False,False,False
AGRICOLANDIA,PI,2024,PEQUENO PORTE,2112973.47,3225374.61,30084296.83,2022-01-28 00:00:00,2021-12-14 00:00:00,,,,,False,False,False
AGUA FRIA DE GOIAS,GO,2019,PEQUENO PORTE,1402894.91,8224478.9,30811692.8,,,,,,,False,False,False
AGUA FRIA DE GOIAS,GO,2020,PEQUENO PORTE,1716763.46,9668938.960000005,30428384.45,,,,,,,False,False,False
AGUA FRIA DE GOIAS,GO,2021,PEQUENO PORTE,1811923.94,10782748.38,29832089.73,,,,,,,False,False,False
AGUA FRIA DE GOIAS,GO,2022,PEQUENO PORTE,2149785.13,11198180.43,30841250.39,,,,,,,False,False,False
AGUA FRIA DE GOIAS,GO,2023,PEQUENO PORTE,3637754.26,12466445.13,31719637.939999998,,,,,,,False,False,False
AGUA FRIA DE GOIAS,GO,2024,PEQUENO PORTE,4266765.18,15370114.89,30496437.68,,,,,,,False,False,False
AGUA SANTA,RS,2019,PEQUENO PORTE,2381704.77,22889348.83,32095825.46,,,,,,,False,False,False
AGUA SANTA,RS,2020,PEQUENO PORTE,2628387.01,25992592.23,31219170.16,,,,,,,False,False,False
AGUA SANTA,RS,2021,PEQUENO PORTE,2474164.13,27901042.75,30115467.59,,,,,,,False,False,False
AGUA SANTA,RS,2022,PEQUENO PORTE,2726998.97,29589161.06,32289500.099999998,,,,,,,False,False,False
AGUA SANTA,RS,2023,PEQUENO PORTE,3236394.97,33433625.97,34328514.79,,,,,,,False,False,False
AGUA SANTA,RS,2024,PEQUENO PORTE,4052785.14,38633481.68,33157757.47,,,,,,,False,False,False
AGUAS BELAS,PE,2019,MÉDIO PORTE,8858962.7,425137.97,29884578.439999998,,,,,,,False,False,False
AGUAS BELAS,PE,2020,MÉDIO PORTE,9334001.72,21391.07,29869523.83,,,,,,,False,False,False
AGUAS BELAS,PE,2021,MÉDIO PORTE,9849257.53,324896.44,29872693.75,,,,,,,False,False,False
AGUAS BELAS,PE,2022,MÉDIO PORTE,13672078.98,713634.76,30004641.259999998,,,,,,,False,False,False
AGUAS BELAS,PE,2023,MÉDIO PORTE,16581237.09,1063435.72,30078977.07,,,,,,,False,False,False
AGUAS BELAS,PE,2024,MÉDIO PORTE,17776228.59,2139980.39,30013805.82,2023-07-18 00:00:00,2023-07-12 00:00:00,,,,,False,False,False
AGUAS FORMOSAS,MG,2019,PEQUENO PORTE,1402461.59,17828097.35,31591839.32,,,,,,,False,False,False
AGUAS FORMOSAS,MG,2020,PEQUENO PORTE,1475842.89,19761872.51,30186433.849999998,,,,,,,False,False,False
AGUAS FORMOSAS,MG,2021,PEQUENO PORTE,3225223.8,21076548.98,30664297.41,,,,,,,False,False,False
AGUAS FORMOSAS,MG,2022,PEQUENO PORTE,3572717.96,24593189.91,32327939.21,,,,,,,False,False,False
AGUAS FORMOSAS,MG,2023,PEQUENO PORTE,3160570.16,28837403.12,33566961.04,,,,,,,False,False,False
AGUAS FORMOSAS,MG,2024,PEQUENO PORTE,3737461.31,31932963.96,32604175.619999997,,,,,,,False,False,False
AGUDO,RS,2019,MÉDIO PORTE,6995501.76,56178501.66,37654739.589999996,,,,,,,False,False,False
AGUDO,RS,2020,MÉDIO PORTE,7234696.02,62107498.47,37000973.06,,,,,,,False,False,False
AGUDO,RS,2021,MÉDIO PORTE,7325483.78,61683788.91,33984777.78,,,,,,,False,False,False
AGUDO,RS,2022,MÉDIO PORTE,9612408.09,56363099.44000001,34534561.339999996,,,,,,,False,False,False
AGUDO,RS,2023,MÉDIO PORTE,10998984.48,55266454.38,38484361.55,,,,,,,False,False,False
AGUDO,RS,2024,MÉDIO PORTE,12456123.33,57807149.21,34420807.98,,,,,,,False,False,False
AGUIA BRANCA,ES,2019,PEQUENO PORTE,3323290.42,28830263.29,34045959.73,,,,,,,False,False,False
AGUIA BRANCA,ES,2020,PEQUENO PORTE,3425472.91,34266184.94000001,30834455.18,,,,,,,False,False,False
AGUIA BRANCA,ES,2021,PEQUENO PORTE,2387496.46,36812195.17,29697814.43,,,,,,,False,False,False
AGUIA BRANCA,ES,2022,PEQUENO PORTE,3156695.03,37212320.72,33344814.49,,,,,,,False,False,False
AGUIA BRANCA,ES,2023,PEQUENO PORTE,4282776.26,40881381.33,35361450.18,,,,,,,False,False,False
AGUIA BRANCA,ES,2024,PEQUENO PORTE,6314173.83,45681584.69,31857055.009999998,,,,,,,False,False,False
AIUABA,CE,2019,PEQUENO PORTE,1772066.39,1417706.46,30085060.11,,,,,,,False,False,False
AIUABA,CE,2020,PEQUENO PORTE,1015584.27,3786649.1,30075881.14,,,,,,,False,False,False
AIUABA,CE,2021,PEQUENO PORTE,2381878.55,4560722.060000001,29969061.36,,,,,,,False,False,False
AIUABA,CE,2022,PEQUENO PORTE,3463871.41,6824748.52,30516296.4,,,,,,,False,False,False
AIUABA,CE,2023,PEQUENO PORTE,3438590.55,10414825.6,31362528.61,,,,,,,False,False,False
AIUABA,CE,2024,PEQUENO PORTE,1671977.02,14501919.42,30853704.82,,,,,,,False,False,False
AJURICABA,RS,2019,PEQUENO PORTE,2199188.3,2403526.56,30537240.43,,,,,,,False,False,False
AJURICABA,RS,2020,PEQUENO PORTE,2942806.13,4024088.58,30169685.9,,,,,,,False,False,False
AJURICABA,RS,2021,PEQUENO PORTE,3247559.92,6632833.29,30566730.9,,,,,,,False,False,False
AJURICABA,RS,2022,PEQUENO PORTE,3982021.59,8473004.9,30714146.4,,,,,,,False,False,False
AJURICABA,RS,2023,PEQUENO PORTE,4266708.88,10635236.34,31316582.98,,,,,,,False,False,False
AJURICABA,RS,2024,PEQUENO PORTE,5051488.89,14154357.12,31276161.63,,,,,,,False,False,False
ALAGOA,MG,2019,PEQUENO PORTE,1749869.94,577340.97,29894851.849999998,,,,,,,False,False,False
ALAGOA,MG,2020,PEQUENO PORTE,1846348.61,280647.83,29880076.5,,,,,,,False,False,False
ALAGOA,MG,2021,PEQUENO PORTE,1871395.19,552020.35,29881713.11,,,,,,,False,False,False
ALAGOA,MG,2022,PEQUENO PORTE,3230422.63,492443.61,29935061.96,,,,,,,False,False,False
ALAGOA,MG,2023,PEQUENO PORTE,3239276.17,945884.58,29974790.04,,,,,,,False,False,False
ALAGOA,MG,2024,PEQUENO PORTE,2163012.01,1200687.91,29972694.66,,,,,,,False,False,False
ALAGOINHA,PB,2019,PEQUENO PORTE,3200163.85,20912076.39,31670875.98,,,,,,,False,False,False
ALAGOINHA,PB,2020,PEQUENO PORTE,3587568.95,21832223.22,32227280.619999997,,,,,,,False,False,False
ALAGOINHA,PB,2021,PEQUENO PORTE,5651029.02,24247854.13,30058824.82,,,,,,,False,False,False
ALAGOINHA,PB,2022,PEQUENO PORTE,5415349.96,25314888.08,32217389.73,,,,,,,False,False,False
ALAGOINHA,PB,2023,PEQUENO PORTE,3724230.43,26578442.69,33373162.08,,,,,,,False,False,False
ALAGOINHA,PB,2024,PEQUENO PORTE,3795899.91,26689255.17,31355459.54,,,,,,,False,False,False
ALAGOINHA,PE,2019,PEQUENO PORTE,2472967.63,11891829.59,31118774.34,,,,,,,False,False,False
ALAGOINHA,PE,2020,PEQUENO PORTE,1663993.26,12213829.65,31442801.36,,,,,,,False,False,False
ALAGOINHA,PE,2021,PEQUENO PORTE,3096805.43,10917113.48,30588099.79,,,,,,,False,False,False
ALAGOINHA,PE,2022,PEQUENO PORTE,3930727.38,9752995.83,30768214.13,,,,,,,False,False,False
ALAGOINHA,PE,2023,PEQUENO PORTE,4132084.7,9277013.49,30303421.84,,,,,,,False,False,False
ALAGOINHA,PE,2024,PEQUENO PORTE,4610996.07,8159668.63,30532501.529999997,,,,,,,False,False,False
ALEGRE,ES,2019,MÉDIO PORTE,12537245.66,13142924.76,30726227.919999998,,,,,,,False,False,False
ALEGRE,ES,2020,MÉDIO PORTE,14023697.04,16343341.57,30724024.68,,,,,,,False,False,False
ALEGRE,ES,2021,MÉDIO PORTE,14190751.93,21377041.03,30447086.009999998,,,,,,,False,False,False
ALEGRE,ES,2022,MÉDIO PORTE,15848043.36,22997908.82,31664689.06,,,,,,,False,False,False
ALEGRE,ES,2023,MÉDIO PORTE,17312532.8,27272823.59,34032095.0,,,,,,,False,False,False
ALEGRE,ES,2024,MÉDIO PORTE,19257593.28,41656258.05,32407576.7,2021-12-09 00:00:00,2021-12-06 00:00:00,,,,,False,False,False
ALEGRETE DO PIAUI,PI,2019,PEQUENO PORTE,610683.35,5898945.840000001,30258173.58,,,,,,,False,False,False
ALEGRETE DO PIAUI,PI,2020,PEQUENO PORTE,935012.13,6462262.0,30228052.439999998,,,,,,,False,False,False
ALEGRETE DO PIAUI,PI,2021,PEQUENO PORTE,1136630.17,6767612.010000002,29969912.43,,,,,,,False,False,False
ALEGRETE DO PIAUI,PI,2022,PEQUENO PORTE,1429688.18,6858137.92,30543719.36,,,,,,,False,False,False
ALEGRETE DO PIAUI,PI,2023,PEQUENO PORTE,1492011.12,7608146.65,30830837.96,,,,,,,False,False,False
ALEGRETE DO PIAUI,PI,2024,PEQUENO PORTE,1819617.16,7938805.19,30252537.98,2022-01-28 00:00:00,2021-12-14 00:00:00,,,,,False,False,False
ALEM PARAIBA,MG,2019,MÉDIO PORTE,4846281.38,43015416.74000001,36666771.629999995,,,,,,,False,False,False
ALEM PARAIBA,MG,2020,MÉDIO PORTE,5748072.07,50695223.29000001,32102350.36,,,,,,,False,False,False
ALEM PARAIBA,MG,2021,MÉDIO PORTE,5608196.17,52534922.83000001,30681520.71,,,,,,,False,False,False
ALEM PARAIBA,MG,2022,MÉDIO PORTE,5867250.44,51662101.77,35634289.66,,,,,,,False,False,False
ALEM PARAIBA,MG,2023,MÉDIO PORTE,6100578.37,53554118.03,37623841.95,,,,,,,False,False,False
ALEM PARAIBA,MG,2024,MÉDIO PORTE,6906634.9,62402332.53,32181180.25,,,,,,,False,False,False
ALGODAO DE JANDAIRA,PB,2019,MÉDIO PORTE,1073348.86,5953846.23,30783614.779999997,,,,,,,False,False,False
ALGODAO DE JANDAIRA,PB,2020,PEQUENO PORTE,1342081.18,7014898.38,30238249.02,,,,,,,False,False,False
ALGODAO DE JANDAIRA,PB,2021,PEQUENO PORTE,1615367.78,7658799.77,29783341.36,,,,,,,False,False,False
ALGODAO DE JANDAIRA,PB,2022,PEQUENO PORTE,2127622.13,8864399.58,29862452.79,,,,,,,False,False,False
ALGODAO DE JANDAIRA,PB,2023,PEQUENO PORTE,2106727.49,10784617.98,29862452.79,,,,,,,False,False,False
ALGODAO DE JANDAIRA,PB,2024,PEQUENO PORTE,2552818.74,13203210.2,29862452.79,,,,,,,False,False,False
ALHANDRA,PB,2019,MÉDIO PORTE,3789989.32,6338608.7,30736183.98,,,,,,,False,False,False
ALHANDRA,PB,2020,MÉDIO PORTE,2184718.3,6949215.54,30098721.64,,,,,,,False,False,False
ALHANDRA,PB,2021,MÉDIO PORTE,7137589.91,7327925.17,30043387.88,,,,,,,False,False,False
ALHANDRA,PB,2022,MÉDIO PORTE,10823238.76,8664639.73,30234421.47,,,,,,,False,False,False
ALHANDRA,PB,2023,MÉDIO PORTE,12237221.09,12446011.12,31704176.95,,,,,,,False,False,False
ALHANDRA,PB,2024,MÉDIO PORTE,16238590.42,17977246.78,31397653.45,,,,,,,False,False,False
ALIANCA,PE,2019,MÉDIO PORTE,12599702.05,8241.99,29864320.88,,,,,,,False,False,False
ALIANCA,PE,2020,MÉDIO PORTE,13507127.55,17269.16,29863635.73,,,,,,,False,False,False
ALIANCA,PE,2021,MÉDIO PORTE,14148894.84,436625.5,29863970.91,,,,,,,False,False,False
ALIANCA,PE,2022,MÉDIO PORTE,18333747.04,12091.05,29866618.18,,,,,,,False,False,False
ALIANCA,PE,2023,MÉDIO PORTE,21011345.78,182753.98,30068985.34,,,,,,,False,False,False
ALIANCA,PE,2024,MÉDIO PORTE,23384307.14,2033523.67,30084443.93,2023-03-08 00:00:00,2023-02-01 00:00:00,,,,,False,False,False
ALOANDIA,GO,2019,PEQUENO PORTE,1005573.46,3526154.34,30150742.099999998,,,,,,,False,False,False
ALOANDIA,GO,2020,PEQUENO PORTE,1086676.99,4053059.48,30074966.95,,,,,,,False,False,False
ALOANDIA,GO,2021,PEQUENO PORTE,1149152.03,4890243.11,29887339.13,,,,,,,False,False,False
ALOANDIA,GO,2022,PEQUENO PORTE,1283496.06,5421074.41,30410128.63,,,,,,,False,False,False
ALOANDIA,GO,2023,PEQUENO PORTE,1397894.52,6465707.49,30727223.3,,,,,,,False,False,False
ALOANDIA,GO,2024,PEQUENO PORTE,1831882.26,8201286.4,30325719.939999998,,,,,,,False,False,False
ALTAMIRA DO PARANA,PR,2019,PEQUENO PORTE,1304241.77,3267732.7,30271196.669999998,,,,,,,False,False,False
ALTAMIRA DO PARANA,PR,2020,PEQUENO PORTE,1403339.01,3755172.35,29786084.259999998,,,,,,,False,False,False
ALTAMIRA DO PARANA,PR,2021,PEQUENO PORTE,1468404.74,4904111.100000001,29876673.279999997,,,,,,,False,False,False
ALTAMIRA DO PARANA,PR,2022,PEQUENO PORTE,1688972.8,6138534.56,30532797.0,,,,,,,False,False,False
ALTAMIRA DO PARANA,PR,2023,PEQUENO PORTE,1833791.89,6981139.18,30399961.759999998,,,,,,,False,False,False
ALTAMIRA DO PARANA,PR,2024,PEQUENO PORTE,2096193.14,7692333.95,30427409.099999998,,,,,,,False,False,False
ALTINHO,PE,2019,MÉDIO PORTE,4361589.51,1259115.8,30165512.08,,,,,,,False,False,False
ALTINHO,PE,2020,MÉDIO PORTE,4974546.28,2169372.65,30034137.939999998,,,,,,,False,False,False
ALTINHO,PE,2021,MÉDIO PORTE,6357763.82,1871286.11,29946900.81,,,,,,,False,False,False
ALTINHO,PE,2022,MÉDIO PORTE,7474299.54,344407.58,29935343.59,,,,,,,False,False,False
ALTINHO,PE,2023,MÉDIO PORTE,9026068.5,1448835.56,30151472.45,,,,,,,False,False,False
ALTINHO,PE,2024,MÉDIO PORTE,11843143.73,1568724.54,29951224.91,2022-12-19 00:00:00,2022-10-04 00:00:00,,,,,False,False,False
ALTINOPOLIS,SP,2019,MÉDIO PORTE,4922024.47,60523044.03,36160614.76,,,,,,,False,False,False
ALTINOPOLIS,SP,2020,MÉDIO PORTE,4926009.6,68378784.39,32717361.39,,,,,,,False,False,False
ALTINOPOLIS,SP,2021,MÉDIO PORTE,5350949.87,72759179.19,30225501.06,,,,,,,False,False,False
ALTINOPOLIS,SP,2022,MÉDIO PORTE,6686362.39,74999003.28,35783800.96,,,,,,,False,False,False
ALTINOPOLIS,SP,2023,MÉDIO PORTE,8735375.19,82644196.92,45980497.31,,,,,,,False,False,False
ALTINOPOLIS,SP,2024,MÉDIO PORTE,9592103.35,97131937.89,37246471.07,,,,,,,False,False,False
ALTO ALEGRE,RS,2019,PEQUENO PORTE,858769.17,9903543.85,30811371.369999997,,,,,,,False,False,False
ALTO ALEGRE,RS,2020,PEQUENO PORTE,961741.11,11007483.47,30343946.09,,,,,,,False,False,False
ALTO ALEGRE,RS,2021,PEQUENO PORTE,1004495.85,11678930.64,30283745.86,,,,,,,False,False,False
ALTO ALEGRE,RS,2022,PEQUENO PORTE,928149.0,12245137.98,30687551.63,,,,,,,False,False,False
ALTO ALEGRE,RS,2023,PEQUENO PORTE,1059685.48,12854559.96,31681438.939999998,,,,,,,False,False,False
ALTO ALEGRE,RS,2024,PEQUENO PORTE,1400246.89,15281509.97,31083112.27,,,,,,,False,False,False
ALTO ARAGUAIA,MT,2019,MÉDIO PORTE,5980424.85,42805735.2,33167083.08,,,,,,,False,False,False
ALTO ARAGUAIA,MT,2020,MÉDIO PORTE,7641322.92,49622404.02,30542025.27,,,,,,,False,False,False
ALTO ARAGUAIA,MT,2021,MÉDIO PORTE,8273686.97,55721248.15000001,29862452.79,,,,,,,False,False,False
ALTO ARAGUAIA,MT,2022,MÉDIO PORTE,9328916.05,58120452.39,29865088.189999998,,,,,,,False,False,False
ALTO ARAGUAIA,MT,2023,MÉDIO PORTE,11552253.19,63972601.82,29888648.05,,,,,,,False,False,False
ALTO ARAGUAIA,MT,2024,MÉDIO PORTE,13183734.4,74086453.35,47002303.07,,,,,,,False,False,False
ALTO FELIZ,RS,2019,PEQUENO PORTE,1529542.34,13517106.63,31566752.66,,,,,,,False,False,False
ALTO FELIZ,RS,2020,PEQUENO PORTE,1641706.57,15987599.16,30949079.27,,,,,,,False,False,False
ALTO FELIZ,RS,2021,PEQUENO PORTE,1966938.6,17588415.01,30338613.46,,,,,,,False,False,False
ALTO FELIZ,RS,2022,PEQUENO PORTE,2044985.21,19076601.34,31462338.939999998,,,,,,,False,False,False
ALTO FELIZ,RS,2023,PEQUENO PORTE,2297018.8,21772899.58,32185004.5,,,,,,,False,False,False
ALTO FELIZ,RS,2024,PEQUENO PORTE,2658092.08,25679190.22,32181716.15,,,,,,,False,False,False
ALTO PARAISO DE GOIAS,GO,2019,PEQUENO PORTE,2128664.73,3363316.14,30277167.39,,,,,,,False,False,False
ALTO PARAISO DE GOIAS,GO,2020,PEQUENO PORTE,2897867.83,3253880.68,30054705.439999998,,,,,,,False,False,False
ALTO PARAISO DE GOIAS,GO,2021,PEQUENO PORTE,2905433.39,3615777.08,29824907.57,,,,,,,False,False,False
ALTO PARAISO DE GOIAS,GO,2022,PEQUENO PORTE,4009438.07,3486476.57,30083273.16,,,,,,,False,False,False
ALTO PARAISO DE GOIAS,GO,2023,PEQUENO PORTE,5667235.03,3197629.03,30293739.79,,,,,,,False,False,False
ALTO PARAISO DE GOIAS,GO,2024,PEQUENO PORTE,7394332.84,3623166.49,29955558.259999998,,,,,,,False,False,False
ALTONIA,PR,2019,MÉDIO PORTE,3986822.53,2984000.55,30170827.56,,,,,,,False,False,False
ALTONIA,PR,2020,MÉDIO PORTE,4165470.36,3427326.46,30082780.66,,,,,,,False,False,False
ALTONIA,PR,2021,MÉDIO PORTE,4742448.99,4804179.83,30034321.88,,,,,,,False,False,False
ALTONIA,PR,2022,MÉDIO PORTE,5769941.84,4418689.88,31230618.279999997,,,,,,,False,False,False
ALTONIA,PR,2023,MÉDIO PORTE,6425158.83,13867001.6,31196496.529999997,,,,,,,False,False,False
ALTONIA,PR,2024,MÉDIO PORTE,6951791.16,14139309.18,30645979.77,,,,,,,False,False,False
ALVARO DE CARVALHO,SP,2019,PEQUENO PORTE,1447366.33,1980499.61,29862452.79,,,,,,,False,False,False
ALVARO DE CARVALHO,SP,2020,PEQUENO PORTE,2091224.67,2936719.03,30108936.779999997,,,,,,,False,False,False
ALVARO DE CARVALHO,SP,2021,PEQUENO PORTE,2284846.19,4133379.39,30011433.02,,,,,,,False,False,False
ALVARO DE CARVALHO,SP,2022,PEQUENO PORTE,2933323.58,4780316.05,30470503.33,,,,,,,False,False,False
ALVARO DE CARVALHO,SP,2023,PEQUENO PORTE,2956303.15,6824712.19,30802189.7,,,,,,,False,False,False
ALVARO DE CARVALHO,SP,2024,PEQUENO PORTE,1781690.71,8818534.43,30611404.029999997,,,,,,,False,False,False
ALVINOPOLIS,MG,2019,PEQUENO PORTE,2655816.68,23358257.54,33592177.94,,,,,,,False,False,False
ALVINOPOLIS,MG,2020,PEQUENO PORTE,3042485.93,27555478.39,31183959.56,,,,,,,False,False,False
ALVINOPOLIS,MG,2021,PEQUENO PORTE,3224377.75,29649142.38,29766128.13,,,,,,,False,False,False
ALVINOPOLIS,MG,2022,PEQUENO PORTE,4125359.1,30282994.58,31831884.58,,,,,,,False,False,False
ALVINOPOLIS,MG,2023,PEQUENO PORTE,4842429.98,32505654.58,34431572.089999996,,,,,,,False,False,False
ALVINOPOLIS,MG,2024,PEQUENO PORTE,5386378.51,37548997.38,31929503.77,2022-03-18 00:00:00,2022-03-07 00:00:00,,,,,False,False,False
ALVORADA DO NORTE,GO,2019,PEQUENO PORTE,1538234.98,12235420.83,31732274.55,,,,,,,False,False,False
ALVORADA DO NORTE,GO,2020,PEQUENO PORTE,2988870.3,13596360.79,30778637.11,,,,,,,False,False,False
ALVORADA DO NORTE,GO,2021,PEQUENO PORTE,3318137.22,15910170.22,29748839.279999997,,,,,,,False,False,False
ALVORADA DO NORTE,GO,2022,PEQUENO PORTE,3673222.02,16257374.24,30983138.95,,,,,,,False,False,False
ALVORADA DO NORTE,GO,2023,PEQUENO PORTE,1852561.43,17615152.25,32323355.38,,,,,,,False,False,False
ALVORADA DO NORTE,GO,2024,PEQUENO PORTE,2624743.56,16568255.68,29909189.43,,,,,,,False,False,False
AMAPORA,PR,2019,PEQUENO PORTE,1579197.32,14255802.86,32565152.049999997,,,,,,,False,False,False
AMAPORA,PR,2020,PEQUENO PORTE,1838087.13,16926647.4,30649325.099999998,,,,,,,False,False,False
AMAPORA,PR,2021,PEQUENO PORTE,1969478.21,16992816.26,29628141.97,,,,,,,False,False,False
AMAPORA,PR,2022,PEQUENO PORTE,2407210.31,15510864.34,31703496.099999998,,,,,,,False,False,False
AMAPORA,PR,2023,PEQUENO PORTE,2873425.78,19063749.26,33754859.29,,,,,,,False,False,False
AMAPORA,PR,2024,PEQUENO PORTE,3082643.84,21957761.53,32103212.2,,,,,,,False,False,False
AMERICANA,SP,2019,MÉDIO PORTE,12957143.96,71673493.42999999,41372814.59,,,,,,,False,False,False
AMERICANA,SP,2020,MÉDIO PORTE,10797786.83,93173178.24,34399150.36,,,,,,,False,False,False
AMERICANA,SP,2021,MÉDIO PORTE,13754982.85,99672646.93,28301367.99,,,,,,,False,False,False
AMERICANA,SP,2022,MÉDIO PORTE,15608798.77,118667822.03,37610268.28,,,,,,,False,False,False
AMERICANA,SP,2023,MÉDIO PORTE,17909746.97,149026369.95,50296082.480000004,,,,,,,False,False,False
AMERICANA,SP,2024,MÉDIO PORTE,14212507.17,194899064.95,43135463.64,,,,,,,False,False,False
AMETISTA DO SUL,RS,2019,PEQUENO PORTE,2142856.82,29217066.5,33763885.04,,,,,,,False,False,False
AMETISTA DO SUL,RS,2020,PEQUENO PORTE,2177441.34,34266928.03,31806480.24,,,,,,,False,False,False
AMETISTA DO SUL,RS,2021,PEQUENO PORTE,1975739.05,37337767.58000001,30405478.5,,,,,,,False,False,False
AMETISTA DO SUL,RS,2022,PEQUENO PORTE,2471478.32,38430187.75,33221253.03,,,,,,,False,False,False
AMETISTA DO SUL,RS,2023,PEQUENO PORTE,2723744.91,42596556.25,35738356.73,,,,,,,False,False,False
AMETISTA DO SUL,RS,2024,PEQUENO PORTE,3559174.64,47933926.17,32087869.46,,,,,,,False,False,False
ANAPOLIS,GO,2019,GRANDE PORTE,78620214.22,85319556.0,35594247.0,,,,,,,False,False,False
ANAPOLIS,GO,2020,GRANDE PORTE,115362347.27,37115684.66,29838011.52,,,,,,,False,False,False
ANAPOLIS,GO,2021,GRANDE PORTE,143059084.67,5597169.87,30070945.36,,,,,,,False,False,False
ANAPOLIS,GO,2022,GRANDE PORTE,190883445.5,585858.4099999999,31690413.82,,,,,,,False,False,False
ANAPOLIS,GO,2023,GRANDE PORTE,184060349.3,19961088.37,32055882.419999998,,,,,,,False,False,False
ANAPOLIS,GO,2024,GRANDE PORTE,202329028.4,24209597.12,31119561.58,2019-10-21 00:00:00,2019-10-18 00:00:00,,,,,False,False,False
ANCHIETA,ES,2019,MÉDIO PORTE,13754391.29,137374808.04,53275173.57,,,,,,,False,False,False
ANCHIETA,ES,2020,MÉDIO PORTE,15412740.35,163429697.43,29862452.79,,,,,,,False,False,False
ANCHIETA,ES,2021,MÉDIO PORTE,17299746.95,177258739.76,29862452.79,,,,,,,False,False,False
ANCHIETA,ES,2022,MÉDIO PORTE,17160571.02,178102071.37,29862452.79,,,,,,,False,False,False
ANCHIETA,ES,2023,MÉDIO PORTE,21646424.6,192748955.04,30310286.06,,,,,,,False,False,False
ANCHIETA,ES,2024,MÉDIO PORTE,24333698.18,213443426.34,29863135.56,2023-01-05 00:00:00,2022-12-18 00:00:00,,,,,False,False,False
ANDIRA,PR,2019,MÉDIO PORTE,7108211.58,35111624.84,34303670.66,,,,,,,False,False,False
ANDIRA,PR,2020,MÉDIO PORTE,7703416.77,42312706.92,32929484.13,,,,,,,False,False,False
ANDIRA,PR,2021,MÉDIO PORTE,8431485.03,49879995.34,28703727.77,,,,,,,False,False,False
ANDIRA,PR,2022,MÉDIO PORTE,9409173.18,51443039.01000001,33712708.129999995,,,,,,,False,False,False
ANDIRA,PR,2023,MÉDIO PORTE,10099740.58,58407521.31,38056983.7,,,,,,,False,False,False
ANDIRA,PR,2024,MÉDIO PORTE,11417256.81,68375010.24,32395766.189999998,2021-10-08 00:00:00,2021-10-08 00:00:00,2023-01-12 00:00:00,I,,I,False,False,False
ANDRADAS,MG,2019,MÉDIO PORTE,7422620.34,43510395.14999999,34795755.99,,,,,,,False,False,False
ANDRADAS,MG,2020,MÉDIO PORTE,8724474.51,51836594.73,33715138.69,,,,,,,False,False,False
ANDRADAS,MG,2021,MÉDIO PORTE,9672383.89,59792299.84,29959263.27,,,,,,,False,False,False
ANDRADAS,MG,2022,MÉDIO PORTE,11522333.8,65166615.33,35825261.58,,,,,,,False,False,False
ANDRADAS,MG,2023,MÉDIO PORTE,12619694.89,77699139.04,35498553.36,,,,,,,False,False,False
ANDRADAS,MG,2024,MÉDIO PORTE,9914475.91,90431737.16,30400015.07,2022-04-04 00:00:00,2022-03-31 00:00:00,,,,,False,False,False
ANGELICA,MS,2019,PEQUENO PORTE,3107631.69,12167993.8,31530760.88,,,,,,,False,False,False
ANGELICA,MS,2020,PEQUENO PORTE,4212456.71,15705353.27,29922651.93,,,,,,,False,False,False
ANGELICA,MS,2021,PEQUENO PORTE,4340505.21,19046529.2,29943010.41,,,,,,,False,False,False
ANGELICA,MS,2022,PEQUENO PORTE,5171181.46,21400033.54,29931439.759999998,,,,,,,False,False,False
ANGELICA,MS,2023,PEQUENO PORTE,4725837.33,25726761.93,30018704.4,,,,,,,False,False,False
ANGELICA,MS,2024,PEQUENO PORTE,6033397.7,30284661.6,30117897.97,2024-08-22 00:00:00,2024-03-24 00:00:00,2024-04-24 00:00:00,I,,I,False,False,False
ANGELIM,PE,2019,PEQUENO PORTE,1947116.48,373005.09,29872682.59,,,,,,,False,False,False
ANGELIM,PE,2020,PEQUENO PORTE,3192801.73,223470.23,29866000.41,,,,,,,False,False,False
ANGELIM,PE,2021,PEQUENO PORTE,3526227.35,255276.07,29862501.96,,,,,,,False,False,False
ANGELIM,PE,2022,PEQUENO PORTE,2979905.8,142242.31,29862452.79,,,,,,,False,False,False
ANGELIM,PE,2023,PEQUENO PORTE,3200552.64,446338.37,29862452.79,,,,,,,False,False,False
ANGELIM,PE,2024,PEQUENO PORTE,4700598.71,666671.83,29920596.369999997,,,,,,,False,False,False
ANGELINA,SC,2019,PEQUENO PORTE,1995299.96,21462245.53,33104931.13,,,,,,,False,False,False
ANGELINA,SC,2020,PEQUENO PORTE,2059867.11,25414077.07,31503630.27,,,,,,,False,False,False
ANGELINA,SC,2021,PEQUENO PORTE,2199507.25,27235980.68,30010940.09,,,,,,,False,False,False
ANGELINA,SC,2022,PEQUENO PORTE,2463798.83,28071063.86,31932488.14,,,,,,,False,False,False
ANGELINA,SC,2023,PEQUENO PORTE,2774043.93,30434370.18,34137564.81,,,,,,,False,False,False
ANGELINA,SC,2024,PEQUENO PORTE,2722955.59,35085094.36,31894068.49,2021-04-29 00:00:00,2021-04-27 00:00:00,,,,,False,False,False
ANGICAL DO PIAUI,PI,2019,PEQUENO PORTE,1048662.15,3211591.79,30116091.599999998,,,,,,,False,False,False
ANGICAL DO PIAUI,PI,2020,PEQUENO PORTE,1163231.46,3476505.33,30042894.52,,,,,,,False,False,False
ANGICAL DO PIAUI,PI,2021,PEQUENO PORTE,1617165.94,3482459.59,29877683.71,,,,,,,False,False,False
ANGICAL DO PIAUI,PI,2022,PEQUENO PORTE,2600029.62,3441880.06,30151159.16,,,,,,,False,False,False
ANGICAL DO PIAUI,PI,2023,PEQUENO PORTE,3286467.24,4321855.21,30472863.99,,,,,,,False,False,False
ANGICAL DO PIAUI,PI,2024,PEQUENO PORTE,3224958.76,5649249.38,30295851.24,2022-02-23 00:00:00,2021-12-14 00:00:00,,,,,False,False,False
ANGULO,PR,2019,PEQUENO PORTE,1197949.29,18699339.71,32461662.15,,,,,,,False,False,False
ANGULO,PR,2020,PEQUENO PORTE,1255346.9,21625117.33,31379513.06,,,,,,,False,False,False
ANGULO,PR,2021,PEQUENO PORTE,1684514.67,23603486.01,29927509.54,,,,,,,False,False,False
ANGULO,PR,2022,PEQUENO PORTE,2158153.34,24770847.59,32161132.07,,,,,,,False,False,False
ANGULO,PR,2023,PEQUENO PORTE,2457984.71,27772336.62,33822065.29,,,,,,,False,False,False
ANGULO,PR,2024,PEQUENO PORTE,2018281.03,32706566.42,31335231.7,,,,,,,False,False,False
ANHANGUERA,GO,2019,PEQUENO PORTE,721377.18,1478134.96,29990399.41,,,,,,,False,False,False
ANHANGUERA,GO,2020,PEQUENO PORTE,763953.58,1566134.45,29958968.439999998,,,,,,,False,False,False
ANHANGUERA,GO,2021,PEQUENO PORTE,788120.23,1595152.45,29923722.11,,,,,,,False,False,False
ANHANGUERA,GO,2022,PEQUENO PORTE,825761.43,1398612.0,30002609.68,,,,,,,False,False,False
ANHANGUERA,GO,2023,PEQUENO PORTE,1882722.49,1417783.45,30075177.029999997,,,,,,,False,False,False
ANHANGUERA,GO,2024,PEQUENO PORTE,2772423.36,1854126.47,30066432.14,,,,,,,False,False,False
ANITAPOLIS,SC,2019,PEQUENO PORTE,936707.75,12959283.48,31506311.07,,,,,,,False,False,False
ANITAPOLIS,SC,2020,PEQUENO PORTE,997910.66,14739837.58,30387371.56,,,,,,,False,False,False
ANITAPOLIS,SC,2021,PEQUENO PORTE,1071243.79,15518867.53,29880141.07,,,,,,,False,False,False
ANITAPOLIS,SC,2022,PEQUENO PORTE,1205329.3,15414688.46,31153532.49,,,,,,,False,False,False
ANITAPOLIS,SC,2023,PEQUENO PORTE,1408480.53,16705088.93,31879655.97,,,,,,,False,False,False
ANITAPOLIS,SC,2024,PEQUENO PORTE,1426583.06,18610987.51,31590714.669999998,2021-04-30 00:00:00,2021-04-28 00:00:00,,,,,False,False,False
ANTA GORDA,RS,2019,PEQUENO PORTE,2497620.05,20992085.09,31966104.66,,,,,,,False,False,False
ANTA GORDA,RS,2020,PEQUENO PORTE,2818830.5,23503691.72,31266775.61,,,,,,,False,False,False
ANTA GORDA,RS,2021,PEQUENO PORTE,2832863.33,25554157.53,30381284.7,,,,,,,False,False,False
ANTA GORDA,RS,2022,PEQUENO PORTE,2036349.5,26483618.24,32631177.7,,,,,,,False,False,False
ANTA GORDA,RS,2023,PEQUENO PORTE,1592535.78,28814858.48,33741516.58,,,,,,,False,False,False
ANTA GORDA,RS,2024,PEQUENO PORTE,2298784.89,32819256.4,31629565.31,,,,,,,False,False,False
ANTONIO ALMEIDA,PI,2019,PEQUENO PORTE,940492.51,2684978.26,30099786.439999998,,,,,,,False,False,False
ANTONIO ALMEIDA,PI,2020,PEQUENO PORTE,1059180.82,3145558.58,30005065.5,,,,,,,False,False,False
ANTONIO ALMEIDA,PI,2021,PEQUENO PORTE,1077650.08,3615430.74,29916496.779999997,,,,,,,False,False,False
ANTONIO ALMEIDA,PI,2022,PEQUENO PORTE,1558217.7,3903667.24,30284178.49,,,,,,,False,False,False
ANTONIO ALMEIDA,PI,2023,PEQUENO PORTE,2062420.32,4622439.59,30569325.08,,,,,,,False,False,False
ANTONIO ALMEIDA,PI,2024,PEQUENO PORTE,1943802.73,6330902.8,30303667.5,2021-12-14 00:00:00,2021-12-14 00:00:00,,,,,False,False,False
ANTONIO CARLOS,SC,2019,PEQUENO PORTE,3402252.1,28554500.16,33481895.47,,,,,,,False,False,False
ANTONIO CARLOS,SC,2020,PEQUENO PORTE,3566936.15,33620695.44000001,31322847.95,,,,,,,False,False,False
ANTONIO CARLOS,SC,2021,PEQUENO PORTE,3682717.71,36608655.17,30557613.86,,,,,,,False,False,False
ANTONIO CARLOS,SC,2022,PEQUENO PORTE,5148338.26,38328134.63,33330235.13,,,,,,,False,False,False
ANTONIO CARLOS,SC,2023,PEQUENO PORTE,6181590.96,42172341.97,36031658.81,,,,,,,False,False,False
ANTONIO CARLOS,SC,2024,PEQUENO PORTE,6965689.54,51497962.95,32863303.24,2021-04-30 00:00:00,2021-04-28 00:00:00,,,,,False,False,False
ANTONIO JOAO,MS,2019,PEQUENO PORTE,2579325.46,21210327.48,33364167.23,,,,,,,False,False,False
ANTONIO JOAO,MS,2020,PEQUENO PORTE,2862569.59,25409820.76,31318482.65,,,,,,,False,False,False
ANTONIO JOAO,MS,2021,PEQUENO PORTE,3246037.63,27949865.7,29574024.349999998,,,,,,,False,False,False
ANTONIO JOAO,MS,2022,PEQUENO PORTE,3535101.97,29323107.47,31666986.56,,,,,,,False,False,False
ANTONIO JOAO,MS,2023,PEQUENO PORTE,4011096.12,33408672.81,35064356.9,,,,,,,False,False,False
ANTONIO JOAO,MS,2024,PEQUENO PORTE,4769138.39,40300128.53,31880331.45,,,,,,,False,False,False
APARECIDA D'OESTE,SP,2019,PEQUENO PORTE,1641947.69,2864433.8,30430820.07,,,,,,,False,False,False
APARECIDA D'OESTE,SP,2020,PEQUENO PORTE,1568438.15,3185769.110000001,30023890.79,,,,,,,False,False,False
APARECIDA D'OESTE,SP,2021,PEQUENO PORTE,1718651.86,3827259.83,29867009.21,,,,,,,False,False,False
APARECIDA D'OESTE,SP,2022,PEQUENO PORTE,1884987.16,3775313.57,30246702.0,,,,,,,False,False,False
APARECIDA D'OESTE,SP,2023,PEQUENO PORTE,2133453.83,4521386.58,30473359.45,,,,,,,False,False,False
APARECIDA D'OESTE,SP,2024,PEQUENO PORTE,1624697.19,5493902.48,30179837.07,,,,,,,False,False,False
APARECIDA DO RIO DOCE,GO,2019,PEQUENO PORTE,1792853.3,7029842.310000001,30681952.7,,,,,,,False,False,False
APARECIDA DO RIO DOCE,GO,2020,PEQUENO PORTE,2592989.21,7623135.59,30335568.55,,,,,,,False,False,False
APARECIDA DO RIO DOCE,GO,2021,PEQUENO PORTE,2811246.85,8530652.370000001,30116284.099999998,,,,,,,False,False,False
APARECIDA DO RIO DOCE,GO,2022,PEQUENO PORTE,3490592.89,9018666.710000005,30650581.74,,,,,,,False,False,False
APARECIDA DO RIO DOCE,GO,2023,PEQUENO PORTE,3729696.65,10078499.05,31124869.49,,,,,,,False,False,False
APARECIDA DO RIO DOCE,GO,2024,PEQUENO PORTE,3953611.2,11802170.01,30796519.57,,,,,,,False,False,False
APARECIDA DO TABOADO,MS,2019,MÉDIO PORTE,15010080.54,48192989.90000001,34362848.19,,,,,,,False,False,False
APARECIDA DO TABOADO,MS,2020,MÉDIO PORTE,17018352.07,60861036.1,29939575.06,,,,,,,False,False,False
APARECIDA DO TABOADO,MS,2021,MÉDIO PORTE,17859762.79,77547770.63000001,31567468.41,,,,,,,False,False,False
APARECIDA DO TABOADO,MS,2022,MÉDIO PORTE,20660478.95,83661852.52000001,38275325.69,,,,,,,False,False,False
APARECIDA DO TABOADO,MS,2023,MÉDIO PORTE,21242973.84,92617156.51,46242080.73,,,,,,,False,False,False
APARECIDA DO TABOADO,MS,2024,MÉDIO PORTE,26033104.38,110996605.55,37461088.21,,,,,,,False,False,False
APERIBE,RJ,2019,MÉDIO PORTE,2787764.85,12505934.01,30065142.07,,,,,,,False,False,False
APERIBE,RJ,2020,MÉDIO PORTE,2206080.93,15321902.63,29874446.71,,,,,,,False,False,False
APERIBE,RJ,2021,MÉDIO PORTE,5629134.71,15612409.23,29863348.79,,,,,,,False,False,False
APERIBE,RJ,2022,MÉDIO PORTE,6887639.7,19396636.98,29869249.599999998,,,,,,,False,False,False
APERIBE,RJ,2023,MÉDIO PORTE,6769876.89,23733725.57,32932812.869999997,,,,,,,False,False,False
APERIBE,RJ,2024,MÉDIO PORTE,6136997.05,27139001.78,31328584.52,,,,,,,False,False,False
AQUIDAUANA,MS,2019,MÉDIO PORTE,9038543.19,44918277.3,37304006.49,,,,,,,False,False,False
AQUIDAUANA,MS,2020,MÉDIO PORTE,9364938.88,50850639.53,39039383.61,,,,,,,False,False,False
AQUIDAUANA,MS,2021,MÉDIO PORTE,11051922.42,53840301.45,34057140.25,,,,,,,False,False,False
AQUIDAUANA,MS,2022,MÉDIO PORTE,14392229.03,50434957.63,37477455.65,,,,,,,False,False,False
AQUIDAUANA,MS,2023,MÉDIO PORTE,15709734.22,49379176.4,39375202.06,,,,,,,False,False,False
AQUIDAUANA,MS,2024,MÉDIO PORTE,15630397.58,48542452.36,30743154.82,2019-12-20 00:00:00,2019-10-29 00:00:00,2021-10-22 00:00:00,I,2025-01-15 00:00:00,II,False,False,False
ARACARIGUAMA,SP,2019,MÉDIO PORTE,5226137.26,51736016.32,35570675.01,,,,,,,False,False,False
ARACARIGUAMA,SP,2020,MÉDIO PORTE,2742901.51,58818683.24,33336662.15,,,,,,,False,False,False
ARACARIGUAMA,SP,2021,MÉDIO PORTE,9454641.66,67158250.65,29862452.79,,,,,,,False,False,False
ARACARIGUAMA,SP,2022,MÉDIO PORTE,7877180.19,71519207.54,29862452.79,,,,,,,False,False,False
ARACARIGUAMA,SP,2023,MÉDIO PORTE,9656782.43,80505611.68,31800571.16,,,,,,,False,False,False
ARACARIGUAMA,SP,2024,MÉDIO PORTE,6050618.39,94129123.66,30422054.38,2024-08-22 00:00:00,2024-07-30 00:00:00,,,,,False,False,False
ARACOIABA,PE,2019,PEQUENO PORTE,2616182.17,8529065.33,30842854.49,,,,,,,False,False,False
ARACOIABA,PE,2020,PEQUENO PORTE,2717064.8,10771611.37,30152122.41,,,,,,,False,False,False
ARACOIABA,PE,2021,PEQUENO PORTE,4040416.95,13832875.99,30050324.5,,,,,,,False,False,False
ARACOIABA,PE,2022,PEQUENO PORTE,4268805.23,16931423.23,30835355.06,,,,,,,False,False,False
ARACOIABA,PE,2023,PEQUENO PORTE,3883331.49,21011425.95,33011556.57,,,,,,,False,False,False
ARACOIABA,PE,2024,PEQUENO PORTE,3961689.42,25897267.0,30827169.48,2021-12-30 00:00:00,2021-12-30 00:00:00,,,,,False,False,False
ARACU,GO,2019,PEQUENO PORTE,1384866.08,473588.1799999999,29870778.119999997,,,,,,,False,False,False
ARACU,GO,2020,PEQUENO PORTE,1801599.68,473254.8399999999,29871438.07,,,,,,,False,False,False
ARACU,GO,2021,PEQUENO PORTE,2320585.53,380508.6,29875564.27,,,,,,,False,False,False
ARACU,GO,2022,PEQUENO PORTE,2803375.26,16274.5,29932169.81,,,,,,,False,False,False
ARACU,GO,2023,PEQUENO PORTE,3630095.22,874530.22,29967224.47,,,,,,,False,False,False
ARACU,GO,2024,PEQUENO PORTE,3945033.52,1724519.05,30044142.4,,,,,,,False,False,False
ARAGUAINHA,MT,2019,PEQUENO PORTE,1021177.25,13145.54,29862534.99,,,,,,,False,False,False
ARAGUAINHA,MT,2020,PEQUENO PORTE,808870.38,13229.45,29863442.15,,,,,,,False,False,False
ARAGUAINHA,MT,2021,PEQUENO PORTE,1561935.73,156223.97,29861290.7,,,,,,,False,False,False
ARAGUAINHA,MT,2022,PEQUENO PORTE,1784669.61,345471.4699999999,29897733.919999998,,,,,,,False,False,False
ARAGUAINHA,MT,2023,PEQUENO PORTE,1214778.12,405450.13,29971843.9,,,,,,,False,False,False
ARAGUAINHA,MT,2024,PEQUENO PORTE,1543781.73,1392758.66,29876870.41,,,,,,,False,False,False
ARAGUATINS,TO,2019,MÉDIO PORTE,3068281.18,28773452.49,32745770.65,,,,,,,False,False,False
ARAGUATINS,TO,2020,MÉDIO PORTE,2247511.16,33993889.03,32897395.27,,,,,,,False,False,False
ARAGUATINS,TO,2021,MÉDIO PORTE,6658063.67,38445075.49,31941775.06,,,,,,,False,False,False
ARAGUATINS,TO,2022,MÉDIO PORTE,7614564.32,43481935.64,33151110.43,,,,,,,False,False,False
ARAGUATINS,TO,2023,MÉDIO PORTE,3414489.63,50273367.37,35503612.12,,,,,,,False,False,False
ARAGUATINS,TO,2024,MÉDIO PORTE,4708764.42,58157725.22,35450072.41,,,,,,,False,False,False
ARAL MOREIRA,MS,2019,PEQUENO PORTE,897012.77,7054741.53,29862452.79,,,,,,,False,False,False
ARAL MOREIRA,MS,2020,PEQUENO PORTE,877680.32,7450656.41,29862452.79,,,,,,,False,False,False
ARAL MOREIRA,MS,2021,PEQUENO PORTE,2442908.89,9689898.83,29862452.79,,,,,,,False,False,False
ARAL MOREIRA,MS,2022,PEQUENO PORTE,1209388.72,12507747.6,29862452.79,,,,,,,False,False,False
ARAL MOREIRA,MS,2023,PEQUENO PORTE,1404203.78,15605478.78,29862452.79,,,,,,,False,False,False
ARAL MOREIRA,MS,2024,PEQUENO PORTE,1283268.56,18042469.77,30739209.89,,,,,,,False,False,False
ARANDU,SP,2019,PEQUENO PORTE,3593541.78,13042806.58,31484123.52,,,,,,,False,False,False
ARANDU,SP,2020,PEQUENO PORTE,2273423.93,16810140.0,30993691.61,,,,,,,False,False,False
ARANDU,SP,2021,PEQUENO PORTE,3205289.25,19349838.58,30327230.9,,,,,,,False,False,False
ARANDU,SP,2022,PEQUENO PORTE,3032020.84,21875633.65,31478375.04,,,,,,,False,False,False
ARANDU,SP,2023,PEQUENO PORTE,3911411.85,26268455.95,33566781.46,,,,,,,False,False,False
ARANDU,SP,2024,PEQUENO PORTE,4613835.75,32369633.38,31370340.18,,,,,,,False,False,False
ARAPIRACA,AL,2019,GRANDE PORTE,36479408.2,45289028.72,37285608.08,,,,,,,False,False,False
ARAPIRACA,AL,2020,GRANDE PORTE,36760199.54,55055470.92,32645569.599999998,,,,,,,False,False,False
ARAPIRACA,AL,2021,GRANDE PORTE,37268095.54,47570965.15000001,29388655.23,,,,,,,False,False,False
ARAPIRACA,AL,2022,MÉDIO PORTE,40434663.42,37671028.37,32821572.75,,,,,,,False,False,False
ARAPIRACA,AL,2023,GRANDE PORTE,59548513.03,31518041.7,33478137.11,,,,,,,False,False,False
ARAPIRACA,AL,2024,GRANDE PORTE,159347819.33,32948229.94,32138954.81,,,,,,,False,False,False
ARAPOTI,PR,2019,MÉDIO PORTE,7498587.49,51730001.46,39648324.69,,,,,,,False,False,False
ARAPOTI,PR,2020,MÉDIO PORTE,7950731.56,61315745.67,39746180.89,,,,,,,False,False,False
ARAPOTI,PR,2021,MÉDIO PORTE,9627915.98,64985651.55,29337584.56,,,,,,,False,False,False
ARAPOTI,PR,2022,MÉDIO PORTE,11068160.42,64077321.38,33854707.2,,,,,,,False,False,False
ARAPOTI,PR,2023,MÉDIO PORTE,12284303.5,66356879.02,40033073.6,,,,,,,False,False,False
ARAPOTI,PR,2024,MÉDIO PORTE,15797817.26,79485620.59,32444524.95,,,,,,,False,False,False
ARAPUTANGA,MT,2019,PEQUENO PORTE,3994852.59,33052538.24000001,29906608.009999998,,,,,,,False,False,False
ARAPUTANGA,MT,2020,PEQUENO PORTE,4449795.37,38741698.69000001,29921918.3,,,,,,,False,False,False
ARAPUTANGA,MT,2021,PEQUENO PORTE,4769880.21,44187296.94000001,29919347.869999997,,,,,,,False,False,False
ARAPUTANGA,MT,2022,PEQUENO PORTE,5283360.71,46783048.14,29987468.22,,,,,,,False,False,False
ARAPUTANGA,MT,2023,PEQUENO PORTE,5759610.29,51425056.09,30041153.89,,,,,,,False,False,False
ARAPUTANGA,MT,2024,PEQUENO PORTE,6339981.75,60861025.42,30625285.61,,,,,,,False,False,False
ARARIPE,CE,2019,MÉDIO PORTE,5902905.5,28929607.9,33830328.82,,,,,,,False,False,False
ARARIPE,CE,2020,MÉDIO PORTE,3324916.59,32664308.42,32154241.46,,,,,,,False,False,False
ARARIPE,CE,2021,MÉDIO PORTE,7804493.86,35030382.79,30341058.65,,,,,,,False,False,False
ARARIPE,CE,2022,MÉDIO PORTE,12714914.3,39341203.11,33237156.439999998,,,,,,,False,False,False
ARARIPE,CE,2023,MÉDIO PORTE,6341027.85,44163259.39,35726095.55,,,,,,,False,False,False
ARARIPE,CE,2024,MÉDIO PORTE,9685944.53,50335472.44,32092087.349999998,,,,,,,False,False,False
ARARIPINA,PE,2019,MÉDIO PORTE,13019240.68,622329.12,29864398.27,,,,,,,False,False,False
ARARIPINA,PE,2020,MÉDIO PORTE,12811719.19,10131.49,29862886.68,,,,,,,False,False,False
ARARIPINA,PE,2021,MÉDIO PORTE,18247497.31,1178199.33,29890709.68,,,,,,,False,False,False
ARARIPINA,PE,2022,GRANDE PORTE,20034756.28,2543814.21,30067244.919999998,,,,,,,False,False,False
ARARIPINA,PE,2023,MÉDIO PORTE,29170558.4,1221416.69,29891946.419999998,,,,,,,False,False,False
ARARIPINA,PE,2024,MÉDIO PORTE,33409413.42,1282203.86,30349700.779999997,,,,,,,False,False,False
ARCEBURGO,MG,2019,PEQUENO PORTE,1667841.87,16367050.54,31597774.88,,,,,,,False,False,False
ARCEBURGO,MG,2020,PEQUENO PORTE,1873509.22,19097543.58,32340634.74,,,,,,,False,False,False
ARCEBURGO,MG,2021,PEQUENO PORTE,2210427.78,22189590.45,30821993.91,,,,,,,False,False,False
ARCEBURGO,MG,2022,PEQUENO PORTE,2707489.44,23604669.41,32309106.68,,,,,,,False,False,False
ARCEBURGO,MG,2023,PEQUENO PORTE,3257389.5,26683721.97,33160095.259999998,,,,,,,False,False,False
ARCEBURGO,MG,2024,PEQUENO PORTE,3497620.46,31151771.03,31816001.259999998,,,,,,,False,False,False
ARCOVERDE,PE,2019,MÉDIO PORTE,10502863.49,7750988.210000001,30430048.21,,,,,,,False,False,False
ARCOVERDE,PE,2020,MÉDIO PORTE,12382566.26,10547195.57,30205219.38,,,,,,,False,False,False
ARCOVERDE,PE,2021,MÉDIO PORTE,13692378.96,5532113.53,29969455.22,,,,,,,False,False,False
ARCOVERDE,PE,2022,MÉDIO PORTE,21358776.69,1110516.41,30003041.61,,,,,,,False,False,False
ARCOVERDE,PE,2023,MÉDIO PORTE,16743447.3,792032.41,30002473.5,,,,,,,False,False,False
ARCOVERDE,PE,2024,MÉDIO PORTE,17849820.55,965625.71,29947639.509999998,,,,,,,False,False,False
AREAL,RJ,2019,MÉDIO PORTE,5935824.12,30004711.73,34048336.08,,,,,,,False,False,False
AREAL,RJ,2020,MÉDIO PORTE,3789251.45,32262668.48,35084376.33,,,,,,,False,False,False
AREAL,RJ,2021,MÉDIO PORTE,7994226.21,34377239.59,32902856.02,,,,,,,False,False,False
AREAL,RJ,2022,MÉDIO PORTE,9801017.23,38568242.95,35618190.4,,,,,,,False,False,False
AREAL,RJ,2023,MÉDIO PORTE,9589584.03,45005342.02,38918092.379999995,,,,,,,False,False,False
AREAL,RJ,2024,MÉDIO PORTE,10979686.76,56892083.14,35970558.56,,,,,,,False,False,False
ARIPUANA,MT,2019,MÉDIO PORTE,4611893.74,37992365.76,36921991.65,,,,,,,False,False,False
ARIPUANA,MT,2020,MÉDIO PORTE,5822498.47,46900343.01000001,33141795.64,,,,,,,False,False,False
ARIPUANA,MT,2021,MÉDIO PORTE,5960951.34,53783371.03,29915089.31,,,,,,,False,False,False
ARIPUANA,MT,2022,MÉDIO PORTE,9464699.93,56909075.86000001,33437586.4,,,,,,,False,False,False
ARIPUANA,MT,2023,MÉDIO PORTE,10785070.71,65029078.15,40053224.29,,,,,,,False,False,False
ARIPUANA,MT,2024,MÉDIO PORTE,12141451.27,81442146.16,35722975.67,,,,,,,False,False,False
ARMACAO DOS BUZIOS,RJ,2019,MÉDIO PORTE,16708570.88,70346641.36999999,39648228.01,,,,,,,False,False,False
ARMACAO DOS BUZIOS,RJ,2020,MÉDIO PORTE,21905495.43,90922154.27,34303648.41,,,,,,,False,False,False
ARMACAO DOS BUZIOS,RJ,2021,MÉDIO PORTE,24817371.32,100275379.34,29398277.27,,,,,,,False,False,False
ARMACAO DOS BUZIOS,RJ,2022,MÉDIO PORTE,27451252.79,141697681.75,36850866.73,,,,,,,False,False,False
ARMACAO DOS BUZIOS,RJ,2023,MÉDIO PORTE,32741003.57,174569975.12,49667133.5,,,,,,,False,False,False
ARMACAO DOS BUZIOS,RJ,2024,MÉDIO PORTE,31048415.64,230588968.97,49145664.93,2024-02-07 00:00:00,2023-03-26 00:00:00,2023-12-07 00:00:00,I,,I,False,False,False
AROAZES,PI,2019,PEQUENO PORTE,875130.47,978123.87,29940784.43,,,,,,,False,False,False
AROAZES,PI,2020,PEQUENO PORTE,881997.14,1241867.05,29924240.119999997,,,,,,,False,False,False
AROAZES,PI,2021,PEQUENO PORTE,1096297.23,746207.57,29872285.47,,,,,,,False,False,False
AROAZES,PI,2022,PEQUENO PORTE,1466477.82,1242015.35,29963005.66,,,,,,,False,False,False
AROAZES,PI,2023,PEQUENO PORTE,1623640.37,874805.83,29937299.81,,,,,,,False,False,False
AROAZES,PI,2024,PEQUENO PORTE,1828223.22,454380.64,29880282.259999998,2022-01-28 00:00:00,2021-12-14 00:00:00,,,,,False,False,False
ARRAIAL DO CABO,RJ,2019,MÉDIO PORTE,10088473.98,126926.5,29906466.88,,,,,,,False,False,False
ARRAIAL DO CABO,RJ,2020,MÉDIO PORTE,11578903.88,428394.51,29884783.349999998,,,,,,,False,False,False
ARRAIAL DO CABO,RJ,2021,MÉDIO PORTE,13366100.49,513512.97,29866798.02,,,,,,,False,False,False
ARRAIAL DO CABO,RJ,2022,MÉDIO PORTE,17239351.7,909228.23,30218424.04,,,,,,,False,False,False
ARRAIAL DO CABO,RJ,2023,MÉDIO PORTE,18753322.89,10018902.97,32169673.96,,,,,,,False,False,False
ARRAIAL DO CABO,RJ,2024,MÉDIO PORTE,21209604.63,27333919.58,31958149.39,2025-02-24 00:00:00,2025-02-17 00:00:00,,,,,False,False,False
ARRAIAS,TO,2019,PEQUENO PORTE,1882257.15,259657.62,29967869.529999997,,,,,,,False,False,False
ARRAIAS,TO,2020,PEQUENO PORTE,2039053.34,2037561.12,29938340.619999997,,,,,,,False,False,False
ARRAIAS,TO,2021,PEQUENO PORTE,2396491.56,4257945.83,30088886.119999997,,,,,,,False,False,False
ARRAIAS,TO,2022,PEQUENO PORTE,3136402.33,5978629.51,30275879.95,,,,,,,False,False,False
ARRAIAS,TO,2023,PEQUENO PORTE,3663353.95,8313769.12,31024949.83,,,,,,,False,False,False
ARRAIAS,TO,2024,PEQUENO PORTE,3420162.37,11044537.76,30932682.759999998,,,,,,,False,False,False
ARROIO DO MEIO,RS,2019,PEQUENO PORTE,2384466.52,15564768.52,31414694.97,,,,,,,False,False,False
ARROIO DO MEIO,RS,2020,PEQUENO PORTE,2586104.61,15648402.49,30574595.509999998,,,,,,,False,False,False
ARROIO DO MEIO,RS,2021,PEQUENO PORTE,1374698.73,14743395.44,30226143.43,,,,,,,False,False,False
ARROIO DO MEIO,RS,2022,PEQUENO PORTE,1285079.32,13612161.1,31069707.61,,,,,,,False,False,False
ARROIO DO MEIO,RS,2023,PEQUENO PORTE,1413507.73,13114951.52,31506163.43,,,,,,,False,False,False
ARROIO DO MEIO,RS,2024,PEQUENO PORTE,1442988.81,12699878.97,30824542.82,,,,,,,False,False,False
ARROIO TRINTA,SC,2019,PEQUENO PORTE,1679855.55,23186055.96,29862452.79,,,,,,,False,False,False
ARROIO TRINTA,SC,2020,PEQUENO PORTE,1982342.69,28255376.49,32772777.83,,,,,,,False,False,False
ARROIO TRINTA,SC,2021,PEQUENO PORTE,1991904.96,30223658.1,29424535.31,,,,,,,False,False,False
ARROIO TRINTA,SC,2022,PEQUENO PORTE,2263102.54,29955600.44,29698998.509999998,,,,,,,False,False,False
ARROIO TRINTA,SC,2023,PEQUENO PORTE,2672377.17,33309982.87,34377452.41,,,,,,,False,False,False
ARROIO TRINTA,SC,2024,PEQUENO PORTE,3065624.69,37515128.58,31962020.97,2021-04-30 00:00:00,2021-04-29 00:00:00,,,,,False,False,False
ARUANA,GO,2019,PEQUENO PORTE,1589221.16,1243309.38,29973700.56,,,,,,,False,False,False
ARUANA,GO,2020,PEQUENO PORTE,1989297.97,1534768.63,29951896.16,,,,,,,False,False,False
ARUANA,GO,2021,PEQUENO PORTE,2259110.44,2102872.97,29974210.52,,,,,,,False,False,False
ARUANA,GO,2022,PEQUENO PORTE,2800399.09,2522185.41,30151503.04,,,,,,,False,False,False
ARUANA,GO,2023,PEQUENO PORTE,3230733.22,3336366.54,30285532.21,,,,,,,False,False,False
ARUANA,GO,2024,PEQUENO PORTE,4725166.87,4068039.82,30268691.849999998,,,,,,,False,False,False
ARVOREZINHA,RS,2019,PEQUENO PORTE,2131262.05,22640176.15,32579616.299999997,,,,,,,False,False,False
ARVOREZINHA,RS,2020,PEQUENO PORTE,3125549.05,25676612.2,31227365.75,,,,,,,False,False,False
ARVOREZINHA,RS,2021,PEQUENO PORTE,2426739.38,27454461.9,30948177.45,,,,,,,False,False,False
ARVOREZINHA,RS,2022,PEQUENO PORTE,2861151.26,28794985.56,31675424.49,,,,,,,False,False,False
ARVOREZINHA,RS,2023,PEQUENO PORTE,3553520.89,31695816.47,32566542.54,,,,,,,False,False,False
ARVOREZINHA,RS,2024,PEQUENO PORTE,3778083.4,36275490.24,32787300.36,,,,,,,False,False,False
ASTORGA,PR,2019,MÉDIO PORTE,4681245.05,33961159.14,33957134.15,,,,,,,False,False,False
ASTORGA,PR,2020,MÉDIO PORTE,5404118.57,38653339.23,34183439.62,,,,,,,False,False,False
ASTORGA,PR,2021,MÉDIO PORTE,6419835.21,43663918.46,32274861.04,,,,,,,False,False,False
ASTORGA,PR,2022,MÉDIO PORTE,8049463.83,43154145.48,35992595.06,,,,,,,False,False,False
ASTORGA,PR,2023,MÉDIO PORTE,9084821.24,48075105.51,38089591.85,,,,,,,False,False,False
ASTORGA,PR,2024,MÉDIO PORTE,7923685.74,53924522.93,33607675.6,,,,,,,False,False,False
ATALAIA,AL,2019,MÉDIO PORTE,16275723.27,82196.47,29870598.34,,,,,,,False,False,False
ATALAIA,AL,2020,MÉDIO PORTE,22017558.46,34585.79,29873784.64,,,,,,,False,False,False
ATALAIA,AL,2021,MÉDIO PORTE,23400967.91,1350332.09,29868797.91,,,,,,,False,False,False
ATALAIA,AL,2022,MÉDIO PORTE,26364672.87,1956170.08,31163053.54,,,,,,,False,False,False
ATALAIA,AL,2023,MÉDIO PORTE,27621381.16,16812379.16,29944716.24,,,,,,,False,False,False
ATALAIA,AL,2024,MÉDIO PORTE,15000196.08,741437.86,29895681.46,,,,,,,False,False,False
ATALAIA,PR,2019,PEQUENO PORTE,1527813.98,10946358.05,30663598.2,,,,,,,False,False,False
ATALAIA,PR,2020,PEQUENO PORTE,1601597.99,10762875.82,30222440.07,,,,,,,False,False,False
ATALAIA,PR,2021,PEQUENO PORTE,1728925.09,10353888.12,29827651.939999998,,,,,,,False,False,False
ATALAIA,PR,2022,PEQUENO PORTE,2123379.92,9453227.81,30338192.39,,,,,,,False,False,False
ATALAIA,PR,2023,PEQUENO PORTE,2348918.73,9511422.61,31026893.47,,,,,,,False,False,False
ATALAIA,PR,2024,PEQUENO PORTE,2713899.94,10241086.05,30406843.39,,,,,,,False,False,False
AURILANDIA,GO,2019,PEQUENO PORTE,2559673.87,9456.72,29874686.98,,,,,,,False,False,False
AURILANDIA,GO,2020,PEQUENO PORTE,2464704.86,220115.3,29887069.07,,,,,,,False,False,False
AURILANDIA,GO,2021,PEQUENO PORTE,2405229.05,802836.7899999999,29885277.04,,,,,,,False,False,False
AURILANDIA,GO,2022,PEQUENO PORTE,2573582.8,837393.3999999999,29907318.68,,,,,,,False,False,False
AURILANDIA,GO,2023,PEQUENO PORTE,2890061.06,414455.43,29874370.08,,,,,,,False,False,False
AURILANDIA,GO,2024,PEQUENO PORTE,3506580.69,197707.36,29862452.79,,,,,,,False,False,False
BAEPENDI,MG,2019,MÉDIO PORTE,3807908.41,25713599.03,32864944.299999997,,,,,,,False,False,False
BAEPENDI,MG,2020,MÉDIO PORTE,3986597.33,29042429.21,32276043.33,,,,,,,False,False,False
BAEPENDI,MG,2021,MÉDIO PORTE,4164738.85,32105527.38,31062020.95,,,,,,,False,False,False
BAEPENDI,MG,2022,PEQUENO PORTE,4720902.64,32418634.69,33319252.66,,,,,,,False,False,False
BAEPENDI,MG,2023,PEQUENO PORTE,5193185.94,34531795.82,34359961.01,,,,,,,False,False,False
BAEPENDI,MG,2024,PEQUENO PORTE,5409254.49,38099529.41,32914340.21,,,,,,,False,False,False
BAHIA,BA,2019,ESTADO/DF,3113480323.11,6408918.83,63441011.15,,,,,,,False,False,False
BAHIA,BA,2020,ESTADO/DF,3210660952.87,93747836.88,31143780.15,,,,,,,False,False,False
BAHIA,BA,2021,ESTADO/DF,3176057397.73,67120448.52000001,31954682.169999998,,,,,,,False,False,False
BAHIA,BA,2022,ESTADO/DF,3480089886.69,106803003.1,37089485.269999996,,,,,,,False,False,False
BAHIA,BA,2023,ESTADO/DF,4213311706.07,114299093.4,46839180.980000004,,,,,,,False,False,False
BAHIA,BA,2024,ESTADO/DF,4516522796.9,129748224.8,51146464.269999996,,,,,,,False,False,False
BALIZA,GO,2019,PEQUENO PORTE,1316265.04,6902877.34,30299291.11,,,,,,,False,False,False
BALIZA,GO,2020,PEQUENO PORTE,942400.19,7606356.09,30116416.33,,,,,,,False,False,False
BALIZA,GO,2021,PEQUENO PORTE,1563803.22,8440528.19,30139972.9,,,,,,,False,False,False
BALIZA,GO,2022,PEQUENO PORTE,1949611.37,9426526.86,30964926.72,,,,,,,False,False,False
BALIZA,GO,2023,PEQUENO PORTE,2217634.47,11656228.81,31353114.49,,,,,,,False,False,False
BALIZA,GO,2024,PEQUENO PORTE,2044203.32,13545032.2,31035535.63,,,,,,,False,False,False
BALNEARIO BARRA DO SUL,SC,2019,PEQUENO PORTE,3492928.44,22932232.28,33608243.9,,,,,,,False,False,False
BALNEARIO BARRA DO SUL,SC,2020,PEQUENO PORTE,3451465.26,28560825.86,31387201.27,,,,,,,False,False,False
BALNEARIO BARRA DO SUL,SC,2021,PEQUENO PORTE,4987539.23,31551422.71,29985465.7,,,,,,,False,False,False
BALNEARIO BARRA DO SUL,SC,2022,PEQUENO PORTE,5903628.71,34438678.46,32335591.97,,,,,,,False,False,False
BALNEARIO BARRA DO SUL,SC,2023,PEQUENO PORTE,6714599.02,39705852.67,33399842.509999998,,,,,,,False,False,False
BALNEARIO BARRA DO SUL,SC,2024,PEQUENO PORTE,7572636.28,48338188.45,34341731.19,2019-02-11 00:00:00,2019-02-09 00:00:00,2020-12-28 00:00:00,I,VENCIDA,,False,False,False
BAMBUI,MG,2019,PEQUENO PORTE,2803429.77,10981998.97,31021250.99,,,,,,,False,False,False
BAMBUI,MG,2020,PEQUENO PORTE,2301911.24,10156360.45,30118691.009999998,,,,,,,False,False,False
BAMBUI,MG,2021,PEQUENO PORTE,3151033.43,7677900.66,29746197.23,,,,,,,False,False,False
BAMBUI,MG,2022,PEQUENO PORTE,4386336.91,5289561.810000001,30260488.439999998,,,,,,,False,False,False
BAMBUI,MG,2023,MÉDIO PORTE,4795647.15,3645934.9,30249036.06,,,,,,,False,False,False
BAMBUI,MG,2024,MÉDIO PORTE,4946539.16,2680476.47,29998395.15,,,,,,,False,False,False
BARAO,RS,2019,PEQUENO PORTE,2314600.33,14498265.74,31809946.5,,,,,,,False,False,False
BARAO,RS,2020,PEQUENO PORTE,2790022.87,17477480.4,30965437.81,,,,,,,False,False,False
BARAO,RS,2021,PEQUENO PORTE,3251850.02,20005444.6,30133590.23,,,,,,,False,False,False
BARAO,RS,2022,PEQUENO PORTE,3493437.36,21740355.1,31911170.79,,,,,,,False,False,False
BARAO,RS,2023,PEQUENO PORTE,3727086.0,24958428.29,32911811.52,,,,,,,False,False,False
BARAO,RS,2024,PEQUENO PORTE,3686153.3,29174760.32,31573658.599999998,,,,,,,False,False,False
BARRA DE GUABIRABA,PE,2019,PEQUENO PORTE,2701695.75,7257.26,29867020.71,,,,,,,False,False,False
BARRA DE GUABIRABA,PE,2020,PEQUENO PORTE,3138952.49,93575.9,29897968.509999998,,,,,,,False,False,False
BARRA DE GUABIRABA,PE,2021,MÉDIO PORTE,4204385.61,5429.17,29868250.2,,,,,,,False,False,False
BARRA DE GUABIRABA,PE,2022,PEQUENO PORTE,6099200.62,358444.7199999999,29973842.48,,,,,,,False,False,False
BARRA DE GUABIRABA,PE,2023,MÉDIO PORTE,6848248.29,1417167.64,30015592.3,,,,,,,False,False,False
BARRA DE GUABIRABA,PE,2024,PEQUENO PORTE,6292627.31,266453.78,29968503.93,2023-05-24 00:00:00,2023-05-23 00:00:00,,,,,False,False,False
BARRA DE SAO FRANCISCO,ES,2019,MÉDIO PORTE,8635182.61,1366877.65,29952534.419999998,,,,,,,False,False,False
BARRA DE SAO FRANCISCO,ES,2020,MÉDIO PORTE,11481244.95,2620547.55,30105816.33,,,,,,,False,False,False
BARRA DE SAO FRANCISCO,ES,2021,MÉDIO PORTE,13360749.98,6462135.41,30114451.63,,,,,,,False,False,False
BARRA DE SAO FRANCISCO,ES,2022,MÉDIO PORTE,16773288.28,10661927.13,35100991.25,,,,,,,False,False,False
BARRA DE SAO FRANCISCO,ES,2023,MÉDIO PORTE,14657449.93,18270049.09,32753786.86,,,,,,,False,False,False
BARRA DE SAO FRANCISCO,ES,2024,MÉDIO PORTE,14820710.0,27108759.67,32707669.45,,,,,,,False,False,False
BARRA DO BUGRES,MT,2019,MÉDIO PORTE,6958459.82,58205200.5,30183468.119999997,,,,,,,False,False,False
BARRA DO BUGRES,MT,2020,MÉDIO PORTE,5410408.48,68810446.77000001,30150968.56,,,,,,,False,False,False
BARRA DO BUGRES,MT,2021,MÉDIO PORTE,7638862.37,72110084.9,29873663.09,,,,,,,False,False,False
BARRA DO BUGRES,MT,2022,MÉDIO PORTE,10758124.95,73874692.35000001,35105524.6,,,,,,,False,False,False
BARRA DO BUGRES,MT,2023,MÉDIO PORTE,13226416.09,82511774.75,41366038.64,,,,,,,False,False,False
BARRA DO BUGRES,MT,2024,MÉDIO PORTE,17489440.9,96994693.26,32927891.32,2023-01-24 00:00:00,2023-01-20 00:00:00,,,,,False,False,False
BARRA DO GUARITA,RS,2019,PEQUENO PORTE,1039730.31,14324336.29,31870885.0,,,,,,,False,False,False
BARRA DO GUARITA,RS,2020,PEQUENO PORTE,958808.45,16834069.7,30745623.81,,,,,,,False,False,False
BARRA DO GUARITA,RS,2021,PEQUENO PORTE,977426.57,18489059.81,30129900.65,,,,,,,False,False,False
BARRA DO GUARITA,RS,2022,PEQUENO PORTE,1032389.05,18770901.49,31425464.07,,,,,,,False,False,False
BARRA DO GUARITA,RS,2023,PEQUENO PORTE,1043791.74,20752564.7,33133719.08,,,,,,,False,False,False
BARRA DO GUARITA,RS,2024,PEQUENO PORTE,1118582.77,24088352.42,31435404.13,,,,,,,False,False,False
BARRA DO RIO AZUL,RS,2019,PEQUENO PORTE,818001.54,20255687.56,32203035.49,,,,,,,False,False,False
BARRA DO RIO AZUL,RS,2020,PEQUENO PORTE,948742.07,22701383.52,31260740.63,,,,,,,False,False,False
BARRA DO RIO AZUL,RS,2021,PEQUENO PORTE,998918.52,24386575.78,30540413.48,,,,,,,False,False,False
BARRA DO RIO AZUL,RS,2022,PEQUENO PORTE,1131503.79,25303829.08,31706543.98,,,,,,,False,False,False
BARRA DO RIO AZUL,RS,2023,PEQUENO PORTE,1205951.06,27735765.09,30504074.65,,,,,,,False,False,False
BARRA DO RIO AZUL,RS,2024,PEQUENO PORTE,1360937.15,31548974.54,29862452.79,,,,,,,False,False,False
BARRA FUNDA,RS,2019,PEQUENO PORTE,1366547.94,23469031.44,32395738.32,,,,,,,False,False,False
BARRA FUNDA,RS,2020,PEQUENO PORTE,1223783.82,26202425.8,31410284.88,,,,,,,False,False,False
BARRA FUNDA,RS,2021,PEQUENO PORTE,1198115.72,27856808.23,30928863.71,,,,,,,False,False,False
BARRA FUNDA,RS,2022,PEQUENO PORTE,1229133.99,28679537.47,32667218.0,,,,,,,False,False,False
BARRA FUNDA,RS,2023,PEQUENO PORTE,1273547.31,30997996.73,33760062.65,,,,,,,False,False,False
BARRA FUNDA,RS,2024,PEQUENO PORTE,974113.22,34764532.43,32135511.56,,,,,,,False,False,False
BARRA VELHA,SC,2019,MÉDIO PORTE,7901770.32,26989417.16,33758624.35,,,,,,,False,False,False
BARRA VELHA,SC,2020,MÉDIO PORTE,8741384.17,34229798.85,31658212.43,,,,,,,False,False,False
BARRA VELHA,SC,2021,MÉDIO PORTE,10367792.51,41548059.22000001,30542253.86,,,,,,,False,False,False
BARRA VELHA,SC,2022,MÉDIO PORTE,12526189.28,47934782.27,34089490.37,,,,,,,False,False,False
BARRA VELHA,SC,2023,MÉDIO PORTE,15922718.51,58669278.74,32190905.299999997,,,,,,,False,False,False
BARRA VELHA,SC,2024,MÉDIO PORTE,19175779.53,77097034.55,33095208.34,2019-05-02 00:00:00,2019-05-02 00:00:00,2021-02-08 00:00:00,I,VENCIDA,,False,False,False
BARRACAO,PR,2019,PEQUENO PORTE,2291324.94,15255825.78,31365549.7,,,,,,,False,False,False
BARRACAO,PR,2020,PEQUENO PORTE,2595694.32,17027054.94,30803930.919999998,,,,,,,False,False,False
BARRACAO,PR,2021,PEQUENO PORTE,2765970.94,18225973.63,30431160.72,,,,,,,False,False,False
BARRACAO,PR,2022,PEQUENO PORTE,2980183.78,19508305.08,31983931.07,,,,,,,False,False,False
BARRACAO,PR,2023,PEQUENO PORTE,4010357.82,22104520.88,32721812.03,,,,,,,False,False,False
BARRACAO,PR,2024,PEQUENO PORTE,4436830.48,26049911.76,32044118.49,,,,,,,False,False,False
BARREIROS,PE,2019,MÉDIO PORTE,3187401.92,1472595.46,29938638.099999998,,,,,,,False,False,False
BARREIROS,PE,2020,MÉDIO PORTE,493128.76,4855894.41,30363159.66,,,,,,,False,False,False
BARREIROS,PE,2021,MÉDIO PORTE,8093754.79,8910900.13,30413885.58,,,,,,,False,False,False
BARREIROS,PE,2022,MÉDIO PORTE,5849044.9,15139362.23,31038082.09,,,,,,,False,False,False
BARREIROS,PE,2023,MÉDIO PORTE,4062569.29,21527079.32,35781297.89,,,,,,,False,False,False
BARREIROS,PE,2024,MÉDIO PORTE,7861482.24,21494581.67,31123526.66,,,,,,,False,False,False
BARRO ALTO,GO,2019,MÉDIO PORTE,3662658.43,11622098.71,31030783.36,,,,,,,False,False,False
BARRO ALTO,GO,2020,MÉDIO PORTE,3915842.21,13206312.69,30399955.22,,,,,,,False,False,False
BARRO ALTO,GO,2021,MÉDIO PORTE,6390883.32,13309747.54,29851338.09,,,,,,,False,False,False
BARRO ALTO,GO,2022,MÉDIO PORTE,8430304.49,15643235.56,31280971.11,,,,,,,False,False,False
BARRO ALTO,GO,2023,MÉDIO PORTE,9788998.38,20760033.58,32836955.25,,,,,,,False,False,False
BARRO ALTO,GO,2024,MÉDIO PORTE,12351370.25,28947742.84,31597194.05,,,,,,,False,False,False
BARROS CASSAL,RS,2019,PEQUENO PORTE,2466054.35,28844425.92,32510727.24,,,,,,,False,False,False
BARROS CASSAL,RS,2020,PEQUENO PORTE,2645489.46,30742985.32,31892422.27,,,,,,,False,False,False
BARROS CASSAL,RS,2021,PEQUENO PORTE,2682852.29,31629909.47,30879626.15,,,,,,,False,False,False
BARROS CASSAL,RS,2022,PEQUENO PORTE,2770490.71,32050170.08,33175343.14,,,,,,,False,False,False
BARROS CASSAL,RS,2023,PEQUENO PORTE,2820998.63,33941307.59,34108387.96,,,,,,,False,False,False
BARROS CASSAL,RS,2024,PEQUENO PORTE,2743806.47,36705685.68,32396296.25,,,,,,,False,False,False
BEBERIBE,CE,2019,MÉDIO PORTE,11681574.96,45416676.93,36720125.56,,,,,,,False,False,False
BEBERIBE,CE,2020,MÉDIO PORTE,9291674.95,55698586.81,31458361.83,,,,,,,False,False,False
BEBERIBE,CE,2021,MÉDIO PORTE,15042649.39,57810442.36000001,31269038.68,,,,,,,False,False,False
BEBERIBE,CE,2022,MÉDIO PORTE,17083508.05,61880252.15,36900557.29,,,,,,,False,False,False
BEBERIBE,CE,2023,MÉDIO PORTE,15416004.18,68568503.2,30995361.369999997,,,,,,,False,False,False
BEBERIBE,CE,2024,MÉDIO PORTE,21764795.17,75584344.9,35227147.73,2022-10-27 00:00:00,2022-10-21 00:00:00,2023-10-24 00:00:00,I,,I,False,False,False
BELA VISTA DE GOIAS,GO,2019,MÉDIO PORTE,8404939.29,20476469.21,31923322.68,,,,,,,False,False,False
BELA VISTA DE GOIAS,GO,2020,MÉDIO PORTE,9553836.87,24742739.6,31480995.88,,,,,,,False,False,False
BELA VISTA DE GOIAS,GO,2021,MÉDIO PORTE,9796660.06,29428813.48,30266864.46,,,,,,,False,False,False
BELA VISTA DE GOIAS,GO,2022,MÉDIO PORTE,13881436.67,32607422.95,33494078.36,,,,,,,False,False,False
BELA VISTA DE GOIAS,GO,2023,MÉDIO PORTE,14965857.32,40634549.88,35369479.519999996,,,,,,,False,False,False
BELA VISTA DE GOIAS,GO,2024,MÉDIO PORTE,17414759.74,49938536.43,34827412.86,,,,,,,False,False,False
BELEM DE SAO FRANCISCO,PE,2019,MÉDIO PORTE,3935194.92,5659.54,29865214.96,,,,,,,False,False,False
BELEM DE SAO FRANCISCO,PE,2020,MÉDIO PORTE,3757184.22,93901.29,29866775.89,,,,,,,False,False,False
BELEM DE SAO FRANCISCO,PE,2021,MÉDIO PORTE,4585590.84,187526.38,29862405.46,,,,,,,False,False,False
BELEM DE SAO FRANCISCO,PE,2022,MÉDIO PORTE,5553944.94,269368.82,29862626.599999998,,,,,,,False,False,False
BELEM DE SAO FRANCISCO,PE,2023,MÉDIO PORTE,6842911.82,997699.37,29895557.21,,,,,,,False,False,False
BELEM DE SAO FRANCISCO,PE,2024,MÉDIO PORTE,5643317.1,2554.02,29893754.99,,,,,,,False,False,False
BELFORD ROXO,RJ,2019,GRANDE PORTE,38166197.2,34262501.2,31323576.849999998,,,,,,,False,False,False
BELFORD ROXO,RJ,2020,GRANDE PORTE,39934378.55,30809736.12,32838324.33,,,,,,,False,False,False
BELFORD ROXO,RJ,2021,GRANDE PORTE,37910368.71,29308341.84,31331882.8,,,,,,,False,False,False
BELFORD ROXO,RJ,2022,MÉDIO PORTE,38112199.14,18411734.73,31948501.279999997,,,,,,,False,False,False
BELFORD ROXO,RJ,2023,MÉDIO PORTE,41683559.05,12559952.99,30429370.3,,,,,,,False,False,False
BELFORD ROXO,RJ,2024,MÉDIO PORTE,27900265.2,11653447.6,30564350.7,,,,,,,False,False,False
BERIZAL,MG,2019,PEQUENO PORTE,539274.71,2691917.25,29862452.79,,,,,,,False,False,False
BERIZAL,MG,2020,PEQUENO PORTE,631599.95,2977026.82,29862452.79,,,,,,,False,False,False
BERIZAL,MG,2021,PEQUENO PORTE,1145342.04,3662390.01,29862452.79,,,,,,,False,False,False
BERIZAL,MG,2022,PEQUENO PORTE,1466558.95,4618753.07,29862452.79,,,,,,,False,False,False
BERIZAL,MG,2023,PEQUENO PORTE,1652822.33,6214639.03,29862452.79,,,,,,,False,False,False
BERIZAL,MG,2024,PEQUENO PORTE,1596602.05,8182601.99,30060920.77,,,,,,,False,False,False
BIGUACU,SC,2019,MÉDIO PORTE,15045652.39,110737063.61,44609653.379999995,,,,,,,False,False,False
BIGUACU,SC,2020,MÉDIO PORTE,16285592.14,132207482.83,32627150.689999998,,,,,,,False,False,False
BIGUACU,SC,2021,MÉDIO PORTE,19147718.21,144755043.75,32918810.63,,,,,,,False,False,False
BIGUACU,SC,2022,MÉDIO PORTE,23543545.39,152226558.81,42306925.97,,,,,,,False,False,False
BIGUACU,SC,2023,MÉDIO PORTE,28110563.22,173429444.57,52802953.43,,,,,,,False,False,False
BIGUACU,SC,2024,MÉDIO PORTE,31912359.05,206350303.84,46260230.68,2021-04-27 00:00:00,2021-04-26 00:00:00,,,,,False,False,False
BILAC,SP,2019,PEQUENO PORTE,3434236.06,16021973.74,31662912.509999998,,,,,,,False,False,False
BILAC,SP,2020,PEQUENO PORTE,2835148.01,17422829.14,30586050.02,,,,,,,False,False,False
BILAC,SP,2021,PEQUENO PORTE,4007619.44,17367233.97,30735275.16,,,,,,,False,False,False
BILAC,SP,2022,PEQUENO PORTE,4429849.81,17973907.99,31452239.0,,,,,,,False,False,False
BILAC,SP,2023,PEQUENO PORTE,5985719.36,19592210.94,32331451.25,,,,,,,False,False,False
BILAC,SP,2024,PEQUENO PORTE,6390822.2,23735864.03,31743696.64,,,,,,,False,False,False
BOA ESPERANCA,ES,2019,MÉDIO PORTE,3451160.15,19606388.62,31593939.38,,,,,,,False,False,False
BOA ESPERANCA,ES,2020,MÉDIO PORTE,3786840.28,21494655.14,31451534.009999998,,,,,,,False,False,False
BOA ESPERANCA,ES,2021,MÉDIO PORTE,3989410.68,23690371.89,30443630.7,,,,,,,False,False,False
BOA ESPERANCA,ES,2022,PEQUENO PORTE,4181729.7,24826796.66,32334510.48,,,,,,,False,False,False
BOA ESPERANCA,ES,2023,PEQUENO PORTE,4531969.96,28296129.07,33593172.31,,,,,,,False,False,False
BOA ESPERANCA,ES,2024,PEQUENO PORTE,5384868.34,33462623.64,32897407.09,,,,,,,False,False,False
BOA ESPERANCA,MG,2019,MÉDIO PORTE,11260955.69,12446540.35,32114702.54,,,,,,,False,False,False
BOA ESPERANCA,MG,2020,MÉDIO PORTE,6252085.72,17078241.02,30298138.11,,,,,,,False,False,False
BOA ESPERANCA,MG,2021,MÉDIO PORTE,8967845.05,17172530.92,30572714.08,,,,,,,False,False,False
BOA ESPERANCA,MG,2022,MÉDIO PORTE,14176136.74,15110916.6,29862452.79,,,,,,,False,False,False
BOA ESPERANCA,MG,2023,MÉDIO PORTE,15711988.96,16052767.17,29978560.939999998,,,,,,,False,False,False
BOA ESPERANCA,MG,2024,MÉDIO PORTE,13060673.29,21093538.45,30206715.79,2022-04-05 00:00:00,2022-03-08 00:00:00,2024-04-02 00:00:00,I,,I,False,False,False
BOA SAUDE (ANTIGO JANUARIO CICCO),RN,2019,PEQUENO PORTE,1720920.08,4506500.87,30383413.77,,,,,,,False,False,False
BOA SAUDE (ANTIGO JANUARIO CICCO),RN,2020,PEQUENO PORTE,1354554.78,4937182.25,29862452.79,,,,,,,False,False,False
BOA SAUDE (ANTIGO JANUARIO CICCO),RN,2021,PEQUENO PORTE,1970450.52,4630831.890000001,29963682.57,,,,,,,False,False,False
BOA SAUDE (ANTIGO JANUARIO CICCO),RN,2022,PEQUENO PORTE,3431372.72,4242232.73,30050847.59,,,,,,,False,False,False
BOA SAUDE (ANTIGO JANUARIO CICCO),RN,2023,PEQUENO PORTE,4792022.36,3995970.39,29862452.79,,,,,,,False,False,False
BOA SAUDE (ANTIGO JANUARIO CICCO),RN,2024,PEQUENO PORTE,3220631.47,5645441.62,29862452.79,,,,,,,False,False,False
BOA VENTURA DE SAO ROQUE,PR,2019,PEQUENO PORTE,1536754.11,20337348.14,32488780.64,,,,,,,False,False,False
BOA VENTURA DE SAO ROQUE,PR,2020,PEQUENO PORTE,1870590.38,23838944.21,31576195.29,,,,,,,False,False,False
BOA VENTURA DE SAO ROQUE,PR,2021,PEQUENO PORTE,2044074.12,25518941.54,30424835.64,,,,,,,False,False,False
BOA VENTURA DE SAO ROQUE,PR,2022,PEQUENO PORTE,3011079.54,24686331.28,32596713.16,,,,,,,False,False,False
BOA VENTURA DE SAO ROQUE,PR,2023,PEQUENO PORTE,3281461.36,27055534.58,34768268.86,,,,,,,False,False,False
BOA VENTURA DE SAO ROQUE,PR,2024,PEQUENO PORTE,1861631.85,36803746.42,31284380.59,,,,,,,False,False,False
BOA VISTA,PB,2019,PEQUENO PORTE,1779517.71,20253855.84,32214435.7,,,,,,,False,False,False
BOA VISTA,PB,2020,PEQUENO PORTE,1871949.68,23823623.0,31361151.25,,,,,,,False,False,False
BOA VISTA,PB,2021,PEQUENO PORTE,2190534.0,26856359.16,29201313.89,,,,,,,False,False,False
BOA VISTA,PB,2022,PEQUENO PORTE,1963187.96,28016643.49,33684806.91,,,,,,,False,False,False
BOA VISTA,PB,2023,PEQUENO PORTE,3216511.32,32255769.12,35470682.81,,,,,,,False,False,False
BOA VISTA,PB,2024,PEQUENO PORTE,3076984.45,40111714.11,32997613.49,,,,,,,False,False,False
BOA VISTA,RR,2019,GRANDE PORTE,72770034.22,598770493.9,101821985.6,,,,,,,False,False,False
BOA VISTA,RR,2020,GRANDE PORTE,83250280.93,726322109.52,75618590.72999999,,,,,,,False,False,False
BOA VISTA,RR,2021,GRANDE PORTE,82749832.31,831449604.1,27166482.08,,,,,,,False,False,False
BOA VISTA,RR,2022,GRANDE PORTE,101180324.95,883510900.85,80458163.85,,,,,,,False,False,False
BOA VISTA,RR,2023,GRANDE PORTE,115316239.57,986207455.29,173855985.72,,,,,,,False,False,False
BOA VISTA,RR,2024,GRANDE PORTE,132579344.03,1197851278.09,113839241.16,2020-08-13 00:00:00,2020-08-06 00:00:00,2021-10-18 00:00:00,I,VENCIDA,,False,False,False
BOA VISTA DAS MISSOES,RS,2019,PEQUENO PORTE,1699839.33,19816153.73,32203359.049999997,,,,,,,False,False,False
BOA VISTA DAS MISSOES,RS,2020,PEQUENO PORTE,1907992.81,23167920.43,30771336.14,,,,,,,False,False,False
BOA VISTA DAS MISSOES,RS,2021,PEQUENO PORTE,1519621.6,25840632.48,30696710.779999997,,,,,,,False,False,False
BOA VISTA DAS MISSOES,RS,2022,PEQUENO PORTE,1583884.45,27646346.08,32854611.549999997,,,,,,,False,False,False
BOA VISTA DAS MISSOES,RS,2023,PEQUENO PORTE,2006447.71,31131083.14,33921542.67,,,,,,,False,False,False
BOA VISTA DAS MISSOES,RS,2024,PEQUENO PORTE,2526124.09,36320769.01,32630075.799999997,,,,,,,False,False,False
BOA VISTA DO SUL,RS,2019,PEQUENO PORTE,1803285.49,24733764.94,33547243.13,,,,,,,False,False,False
BOA VISTA DO SUL,RS,2020,PEQUENO PORTE,1897532.15,28823178.35,31407339.32,,,,,,,False,False,False
BOA VISTA DO SUL,RS,2021,PEQUENO PORTE,1891681.85,30493728.57,30638495.52,,,,,,,False,False,False
BOA VISTA DO SUL,RS,2022,PEQUENO PORTE,2354905.05,31221074.35,31894780.66,,,,,,,False,False,False
BOA VISTA DO SUL,RS,2023,PEQUENO PORTE,2639897.43,33194579.47,34208484.6,,,,,,,False,False,False
BOA VISTA DO SUL,RS,2024,PEQUENO PORTE,1875261.36,37236088.86,32084469.4,,,,,,,False,False,False
BODOCO,PE,2019,MÉDIO PORTE,8415160.64,6949533.32,30636612.669999998,,,,,,,False,False,False
BODOCO,PE,2020,MÉDIO PORTE,7016341.46,9316312.38,30273813.099999998,,,,,,,False,False,False
BODOCO,PE,2021,MÉDIO PORTE,16707681.45,7678788.85,30123970.96,,,,,,,False,False,False
BODOCO,PE,2022,MÉDIO PORTE,17273829.95,15852021.59,31749434.98,,,,,,,False,False,False
BODOCO,PE,2023,MÉDIO PORTE,13572292.04,23082561.24,33099520.24,,,,,,,False,False,False
BODOCO,PE,2024,MÉDIO PORTE,17727244.12,26311053.74,31578138.11,,,,,,,False,False,False
BOM CONSELHO,PE,2019,MÉDIO PORTE,8127457.35,13585349.38,31223160.279999997,,,,,,,False,False,False
BOM CONSELHO,PE,2020,MÉDIO PORTE,8563057.1,10639209.49,30337470.57,,,,,,,False,False,False
BOM CONSELHO,PE,2021,MÉDIO PORTE,11442987.1,6237035.15,30122149.099999998,,,,,,,False,False,False
BOM CONSELHO,PE,2022,MÉDIO PORTE,17176399.57,3092638.96,30202985.7,,,,,,,False,False,False
BOM CONSELHO,PE,2023,MÉDIO PORTE,19926702.83,3175975.59,30204412.529999997,,,,,,,False,False,False
BOM CONSELHO,PE,2024,MÉDIO PORTE,19422627.85,3304698.98,30086995.77,,,,,,,False,False,False
BOM DESPACHO,MG,2019,MÉDIO PORTE,9941989.17,30619988.84,35021175.56,,,,,,,False,False,False
BOM DESPACHO,MG,2020,MÉDIO PORTE,11635681.42,35019773.16,31012540.029999997,,,,,,,False,False,False
BOM DESPACHO,MG,2021,MÉDIO PORTE,13056113.19,35943669.52,29247989.45,,,,,,,False,False,False
BOM DESPACHO,MG,2022,MÉDIO PORTE,16993707.5,34151383.16,32226683.84,,,,,,,False,False,False
BOM DESPACHO,MG,2023,MÉDIO PORTE,21929718.7,37252608.53,34889187.05,,,,,,,False,False,False
BOM DESPACHO,MG,2024,MÉDIO PORTE,26751253.11,43856820.56,31547718.72,,,,,,,False,False,False
BOM JARDIM,PE,2019,MÉDIO PORTE,6728505.46,765593.12,29941245.009999998,,,,,,,False,False,False
BOM JARDIM,PE,2020,MÉDIO PORTE,8916256.22,102421.26,29903680.919999998,,,,,,,False,False,False
BOM JARDIM,PE,2021,MÉDIO PORTE,10276832.22,136752.35,29873778.099999998,,,,,,,False,False,False
BOM JARDIM,PE,2022,MÉDIO PORTE,12999970.28,1041632.78,30035661.5,,,,,,,False,False,False
BOM JARDIM,PE,2023,MÉDIO PORTE,11230082.64,824619.01,30023794.29,,,,,,,False,False,False
BOM JARDIM,PE,2024,MÉDIO PORTE,15486675.48,631712.33,30183775.41,,,,,,,False,False,False
BOM JARDIM,RJ,2019,MÉDIO PORTE,7963139.56,21594522.79,32786274.59,,,,,,,False,False,False
BOM JARDIM,RJ,2020,MÉDIO PORTE,8413803.86,26475471.5,32205488.28,,,,,,,False,False,False
BOM JARDIM,RJ,2021,MÉDIO PORTE,9186254.18,30621396.09,31796516.099999998,,,,,,,False,False,False
BOM JARDIM,RJ,2022,MÉDIO PORTE,10548272.49,36208066.21,34472505.11,,,,,,,False,False,False
BOM JARDIM,RJ,2023,MÉDIO PORTE,11505106.31,46217471.45,36368930.26,,,,,,,False,False,False
BOM JARDIM,RJ,2024,MÉDIO PORTE,12994581.9,58274374.03,35080635.629999995,,,,,,,False,False,False
BOM JARDIM DE GOIAS,GO,2019,PEQUENO PORTE,1854335.09,4545392.380000001,30152563.169999998,,,,,,,False,False,False
BOM JARDIM DE GOIAS,GO,2020,PEQUENO PORTE,2016908.13,5152898.47,30047357.06,,,,,,,False,False,False
BOM JARDIM DE GOIAS,GO,2021,PEQUENO PORTE,2034713.89,5887221.51,30015644.95,,,,,,,False,False,False
BOM JARDIM DE GOIAS,GO,2022,PEQUENO PORTE,2565400.61,6218529.95,30563515.689999998,,,,,,,False,False,False
BOM JARDIM DE GOIAS,GO,2023,PEQUENO PORTE,3119259.93,7228270.45,30788113.22,,,,,,,False,False,False
BOM JARDIM DE GOIAS,GO,2024,PEQUENO PORTE,1770781.38,9045518.23,30656831.41,,,,,,,False,False,False
BOM JESUS,RN,2019,PEQUENO PORTE,1391521.77,1060028.61,29986604.439999998,,,,,,,False,False,False
BOM JESUS,RN,2020,PEQUENO PORTE,1619740.57,787012.25,29891500.66,,,,,,,False,False,False
BOM JESUS,RN,2021,PEQUENO PORTE,2860214.16,328820.85,29863614.58,,,,,,,False,False,False
BOM JESUS,RN,2022,PEQUENO PORTE,3306359.27,105448.82,29887768.669999998,,,,,,,False,False,False
BOM JESUS,RN,2023,PEQUENO PORTE,4393125.57,648582.39,29975801.65,,,,,,,False,False,False
BOM JESUS,RN,2024,PEQUENO PORTE,5898503.19,1237069.09,30062721.15,,,,,,,False,False,False
BOM JESUS DA PENHA,MG,2019,PEQUENO PORTE,2254194.58,12632542.21,31146283.169999998,,,,,,,False,False,False
BOM JESUS DA PENHA,MG,2020,PEQUENO PORTE,1536582.92,13779172.16,30778739.22,,,,,,,False,False,False
BOM JESUS DA PENHA,MG,2021,PEQUENO PORTE,1597795.95,13846861.79,30444971.34,,,,,,,False,False,False
BOM JESUS DA PENHA,MG,2022,PEQUENO PORTE,1745927.63,14699828.52,31459503.89,,,,,,,False,False,False
BOM JESUS DA PENHA,MG,2023,PEQUENO PORTE,2592509.3,16043080.64,32145622.36,,,,,,,False,False,False
BOM JESUS DA PENHA,MG,2024,PEQUENO PORTE,2885067.33,18640269.8,31506939.88,,,,,,,False,False,False
BOM JESUS DE GOIAS,GO,2019,MÉDIO PORTE,5236420.95,13490129.26,31417730.36,,,,,,,False,False,False
BOM JESUS DE GOIAS,GO,2020,MÉDIO PORTE,7467396.63,13853539.3,30385100.14,,,,,,,False,False,False
BOM JESUS DE GOIAS,GO,2021,MÉDIO PORTE,9380674.77,15773596.79,30112002.9,,,,,,,False,False,False
BOM JESUS DE GOIAS,GO,2022,MÉDIO PORTE,10166499.89,16088465.01,31055421.43,,,,,,,False,False,False
BOM JESUS DE GOIAS,GO,2023,MÉDIO PORTE,12368924.68,15596256.52,31814644.33,,,,,,,False,False,False
BOM JESUS DE GOIAS,GO,2024,MÉDIO PORTE,14476854.62,18405153.11,48351157.72,,,,,,,False,False,False
BOM JESUS DOS PERDOES,SP,2019,MÉDIO PORTE,8954484.96,49737306.94999999,33779599.089999996,,,,,,,False,False,False
BOM JESUS DOS PERDOES,SP,2020,MÉDIO PORTE,9752803.62,58596388.1,29720204.759999998,,,,,,,False,False,False
BOM JESUS DOS PERDOES,SP,2021,MÉDIO PORTE,10996584.56,60214853.3,29788661.55,,,,,,,False,False,False
BOM JESUS DOS PERDOES,SP,2022,MÉDIO PORTE,14008615.43,64247869.14,32981794.65,,,,,,,False,False,False
BOM JESUS DOS PERDOES,SP,2023,MÉDIO PORTE,15806780.99,69527822.73,40460768.47,,,,,,,False,False,False
BOM JESUS DOS PERDOES,SP,2024,MÉDIO PORTE,18974187.33,78538748.21,37978928.7,,,,,,,False,False,False
BOM PRINCIPIO DO PIAUI,PI,2019,PEQUENO PORTE,1533411.69,2487893.32,30052632.4,,,,,,,False,False,False
BOM PRINCIPIO DO PIAUI,PI,2020,PEQUENO PORTE,1373686.17,3067496.33,30058974.04,,,,,,,False,False,False
BOM PRINCIPIO DO PIAUI,PI,2021,PEQUENO PORTE,1498483.85,3645795.43,29925555.88,,,,,,,False,False,False
BOM PRINCIPIO DO PIAUI,PI,2022,PEQUENO PORTE,1366797.2,4368076.88,30309186.63,,,,,,,False,False,False
BOM PRINCIPIO DO PIAUI,PI,2023,PEQUENO PORTE,1642760.32,5327505.75,30526664.22,,,,,,,False,False,False
BOM PRINCIPIO DO PIAUI,PI,2024,PEQUENO PORTE,782374.46,5327662.34,30139917.2,2022-02-03 00:00:00,2021-12-14 00:00:00,,,,,False,False,False
BONFINOPOLIS,GO,2019,PEQUENO PORTE,2110175.79,7401082.07,30727197.5,,,,,,,False,False,False
BONFINOPOLIS,GO,2020,PEQUENO PORTE,2419319.3,8839238.92,30877437.38,,,,,,,False,False,False
BONFINOPOLIS,GO,2021,PEQUENO PORTE,2522266.56,10645702.2,30149640.369999997,,,,,,,False,False,False
BONFINOPOLIS,GO,2022,PEQUENO PORTE,3172696.62,11767379.85,30914763.83,,,,,,,False,False,False
BONFINOPOLIS,GO,2023,PEQUENO PORTE,3771278.55,14013603.5,31654497.06,,,,,,,False,False,False
BONFINOPOLIS,GO,2024,PEQUENO PORTE,4416429.0,17358808.1,31334045.9,,,,,,,False,False,False
BONITO,MS,2019,MÉDIO PORTE,6794241.73,27536477.27,33396045.65,,,,,,,False,False,False
BONITO,MS,2020,MÉDIO PORTE,9254843.4,32126816.55,35015431.589999996,,,,,,,False,False,False
BONITO,MS,2021,MÉDIO PORTE,11650925.57,36776136.06,32978246.799999997,,,,,,,False,False,False
BONITO,MS,2022,MÉDIO PORTE,13353975.4,42105542.82,34108390.58,,,,,,,False,False,False
BONITO,MS,2023,MÉDIO PORTE,16506221.11,48339579.98,36775804.629999995,,,,,,,False,False,False
BONITO,MS,2024,MÉDIO PORTE,18015071.64,59945166.65,35198300.79,,,,,,,False,False,False
BONITO DE SANTA FE,PB,2019,PEQUENO PORTE,3456443.66,72131.81,29862452.79,,,,,,,False,False,False
BONITO DE SANTA FE,PB,2020,PEQUENO PORTE,3888661.64,70123.47,29862452.79,,,,,,,False,False,False
BONITO DE SANTA FE,PB,2021,PEQUENO PORTE,2929350.32,102421.18,29864539.669999998,,,,,,,False,False,False
BONITO DE SANTA FE,PB,2022,PEQUENO PORTE,5298029.13,287357.18,29936687.47,,,,,,,False,False,False
BONITO DE SANTA FE,PB,2023,PEQUENO PORTE,6517225.51,3679339.44,30516165.5,,,,,,,False,False,False
BONITO DE SANTA FE,PB,2024,PEQUENO PORTE,6627351.46,5928605.62,30103487.52,,,,,,,False,False,False
BOQUEIRAO DO LEAO,RS,2019,PEQUENO PORTE,2198857.71,25708349.86,32909868.45,,,,,,,False,False,False
BOQUEIRAO DO LEAO,RS,2020,PEQUENO PORTE,1973881.48,27714207.42,31526062.81,,,,,,,False,False,False
BOQUEIRAO DO LEAO,RS,2021,MÉDIO PORTE,2167881.14,29174426.46,30672831.21,,,,,,,False,False,False
BOQUEIRAO DO LEAO,RS,2022,MÉDIO PORTE,2409414.73,29038456.83,32860684.93,,,,,,,False,False,False
BOQUEIRAO DO LEAO,RS,2023,PEQUENO PORTE,2701629.52,31367915.49,34004056.08,,,,,,,False,False,False
BOQUEIRAO DO LEAO,RS,2024,PEQUENO PORTE,3342714.97,34238749.15,32215594.47,,,,,,,False,False,False
BRASILIA DE MINAS,MG,2019,MÉDIO PORTE,2791738.87,46277517.83,36690896.379999995,,,,,,,False,False,False
BRASILIA DE MINAS,MG,2020,MÉDIO PORTE,3499388.18,53669972.18,32262391.369999997,,,,,,,False,False,False
BRASILIA DE MINAS,MG,2021,MÉDIO PORTE,5763784.57,60339670.58,31058471.96,,,,,,,False,False,False
BRASILIA DE MINAS,MG,2022,MÉDIO PORTE,8581439.43,65184400.46,33629214.2,,,,,,,False,False,False
BRASILIA DE MINAS,MG,2023,MÉDIO PORTE,11648737.93,78638340.93,41534587.59,,,,,,,False,False,False
BRASILIA DE MINAS,MG,2024,MÉDIO PORTE,13394751.47,97038021.76,34657274.9,2022-02-10 00:00:00,2022-02-03 00:00:00,,,,,False,False,False
BRASOPOLIS,MG,2019,PEQUENO PORTE,2770038.43,5354208.08,30594120.55,,,,,,,False,False,False
BRASOPOLIS,MG,2020,PEQUENO PORTE,3054685.71,7808633.42,30849284.68,,,,,,,False,False,False
BRASOPOLIS,MG,2021,PEQUENO PORTE,2825332.83,9609752.08,30725586.48,,,,,,,False,False,False
BRASOPOLIS,MG,2022,PEQUENO PORTE,3367307.07,10750584.16,31379017.72,,,,,,,False,False,False
BRASOPOLIS,MG,2023,PEQUENO PORTE,4409402.43,12137269.21,31730360.869999997,,,,,,,False,False,False
BRASOPOLIS,MG,2024,PEQUENO PORTE,5174494.75,15319035.05,31818285.52,2022-06-06 00:00:00,2022-06-10 00:00:00,2024-01-16 00:00:00,I,,I,False,False,False
BREJINHO,PE,2019,PEQUENO PORTE,2104182.15,2883019.52,30050709.68,,,,,,,False,False,False
BREJINHO,PE,2020,PEQUENO PORTE,2380606.32,3113518.66,29973962.77,,,,,,,False,False,False
BREJINHO,PE,2021,PEQUENO PORTE,2329695.17,33302490.26,29955684.11,,,,,,,False,False,False
BREJINHO,PE,2022,PEQUENO PORTE,2889795.79,3763897.64,30253481.8,,,,,,,False,False,False
BREJINHO,PE,2023,PEQUENO PORTE,3442157.7,4043743.34,30265610.939999998,,,,,,,False,False,False
BREJINHO,PE,2024,PEQUENO PORTE,2811336.81,4150683.73,30180418.09,,,,,,,False,False,False
BREJO DA MADRE DE DEUS,PE,2019,MÉDIO PORTE,7176549.89,335152.65,29868617.54,,,,,,,False,False,False
BREJO DA MADRE DE DEUS,PE,2020,MÉDIO PORTE,6754491.14,204935.9,29866830.25,,,,,,,False,False,False
BREJO DA MADRE DE DEUS,PE,2021,MÉDIO PORTE,10915876.15,185760.3,29868336.5,,,,,,,False,False,False
BREJO DA MADRE DE DEUS,PE,2022,MÉDIO PORTE,13429463.08,521629.66,29948574.119999997,,,,,,,False,False,False
BREJO DA MADRE DE DEUS,PE,2023,MÉDIO PORTE,14174668.85,1688919.52,30457720.54,,,,,,,False,False,False
BREJO DA MADRE DE DEUS,PE,2024,MÉDIO PORTE,18274310.31,2237259.37,30008685.93,,,,,,,False,False,False
BREJO DO CRUZ,PB,2019,MÉDIO PORTE,3198726.28,8337195.15,30987607.46,,,,,,,False,False,False
BREJO DO CRUZ,PB,2020,PEQUENO PORTE,3710598.67,10443642.73,30813686.23,,,,,,,False,False,False
BREJO DO CRUZ,PB,2021,PEQUENO PORTE,4632747.71,11828622.7,30450971.49,,,,,,,False,False,False
BREJO DO CRUZ,PB,2022,PEQUENO PORTE,5686842.6,13144707.62,31251443.77,,,,,,,False,False,False
BREJO DO CRUZ,PB,2023,PEQUENO PORTE,6243280.37,14196466.78,31986845.509999998,,,,,,,False,False,False
BREJO DO CRUZ,PB,2024,PEQUENO PORTE,6989098.82,16132318.0,31412292.47,,,,,,,False,False,False
BREVES,PA,2019,MÉDIO PORTE,14842426.16,295945.05,29865178.73,,,,,,,False,False,False
BREVES,PA,2020,MÉDIO PORTE,17087296.07,67668.82,29863826.25,,,,,,,False,False,False
BREVES,PA,2021,MÉDIO PORTE,17649811.21,357528.03,29989863.36,,,,,,,False,False,False
BREVES,PA,2022,MÉDIO PORTE,40350692.24,4775659.77,31393099.849999998,,,,,,,False,False,False
BREVES,PA,2023,MÉDIO PORTE,25885525.34,27854212.61,34449930.99,,,,,,,False,False,False
BREVES,PA,2024,MÉDIO PORTE,13139093.99,46310966.04,33819164.72,,,,,,,False,False,False
BUENOS AIRES,PE,2019,PEQUENO PORTE,2467813.23,7414590.42,30684394.27,,,,,,,False,False,False
BUENOS AIRES,PE,2020,PEQUENO PORTE,2518837.29,10024038.84,30298708.91,,,,,,,False,False,False
BUENOS AIRES,PE,2021,PEQUENO PORTE,4168475.71,11943111.33,30441649.009999998,,,,,,,False,False,False
BUENOS AIRES,PE,2022,PEQUENO PORTE,5658103.88,13272748.2,31864550.58,,,,,,,False,False,False
BUENOS AIRES,PE,2023,PEQUENO PORTE,6680343.72,16496261.54,32499535.15,,,,,,,False,False,False
BUENOS AIRES,PE,2024,PEQUENO PORTE,5605128.56,21234955.72,31800114.0,2023-03-31 00:00:00,2023-03-31 00:00:00,,,,,False,False,False
BURI,SP,2019,MÉDIO PORTE,5206169.69,45465690.69,33241499.54,,,,,,,False,False,False
BURI,SP,2020,MÉDIO PORTE,5245447.48,51183990.77,32350332.369999997,,,,,,,False,False,False
BURI,SP,2021,MÉDIO PORTE,6870085.08,55864035.03,30376973.73,,,,,,,False,False,False
BURI,SP,2022,MÉDIO PORTE,9426786.66,63409839.99,48492974.17,,,,,,,False,False,False
BURI,SP,2023,MÉDIO PORTE,9362201.73,76817822.43,39316800.75,,,,,,,False,False,False
BURI,SP,2024,MÉDIO PORTE,12731129.38,91788150.68,38442263.17,,,,,,,False,False,False
BURITAMA,SP,2019,MÉDIO PORTE,6899246.82,45653099.81,36157883.73,,,,,,,False,False,False
BURITAMA,SP,2020,MÉDIO PORTE,6232226.16,53715640.12,33321210.49,,,,,,,False,False,False
BURITAMA,SP,2021,MÉDIO PORTE,7451850.63,59254045.28,31022909.869999997,,,,,,,False,False,False
BURITAMA,SP,2022,MÉDIO PORTE,8502652.11,62101278.49,36353676.33,,,,,,,False,False,False
BURITAMA,SP,2023,MÉDIO PORTE,9469684.96,70027969.93,38665493.7,,,,,,,False,False,False
BURITAMA,SP,2024,MÉDIO PORTE,7726529.94,79563536.05,37215663.589999996,2023-09-11 00:00:00,2023-09-01 00:00:00,,,,,False,False,False
BURITICUPU,MA,2019,MÉDIO PORTE,7879066.4,82977041.38000001,48284087.78,,,,,,,False,False,False
BURITICUPU,MA,2020,MÉDIO PORTE,11425479.1,101306423.92,34880895.75,,,,,,,False,False,False
BURITICUPU,MA,2021,MÉDIO PORTE,14525351.67,102489308.27,30800655.13,,,,,,,False,False,False
BURITICUPU,MA,2022,MÉDIO PORTE,17943484.97,119749501.58,37815518.12,,,,,,,False,False,False
BURITICUPU,MA,2023,MÉDIO PORTE,11679692.56,136631320.85,48201387.849999994,,,,,,,False,False,False
BURITICUPU,MA,2024,MÉDIO PORTE,11720989.94,152163716.67,43257539.07,2021-05-25 00:00:00,2021-05-24 00:00:00,,,,,False,False,False
BURITINOPOLIS,GO,2019,PEQUENO PORTE,496399.01,5734886.76,30662296.16,,,,,,,False,False,False
BURITINOPOLIS,GO,2020,PEQUENO PORTE,502745.72,6251000.21,30288941.72,,,,,,,False,False,False
BURITINOPOLIS,GO,2021,PEQUENO PORTE,1109269.06,6925262.7,29837633.83,,,,,,,False,False,False
BURITINOPOLIS,GO,2022,PEQUENO PORTE,1885774.99,7943143.02,30551810.439999998,,,,,,,False,False,False
BURITINOPOLIS,GO,2023,PEQUENO PORTE,2355799.34,10130429.47,31399848.91,,,,,,,False,False,False
BURITINOPOLIS,GO,2024,PEQUENO PORTE,2498925.49,13257947.47,30291683.689999998,,,,,,,False,False,False
BURITIS,MG,2019,MÉDIO PORTE,5234894.4,10340759.89,31436549.34,,,,,,,False,False,False
BURITIS,MG,2020,MÉDIO PORTE,5839277.18,12824660.29,31864806.509999998,,,,,,,False,False,False
BURITIS,MG,2021,MÉDIO PORTE,6208214.15,15550293.98,30112842.259999998,,,,,,,False,False,False
BURITIS,MG,2022,MÉDIO PORTE,7107129.55,17289685.29,31209386.14,,,,,,,False,False,False
BURITIS,MG,2023,MÉDIO PORTE,7742001.26,20280811.06,32753614.74,,,,,,,False,False,False
BURITIS,MG,2024,MÉDIO PORTE,8252375.18,22733021.5,31255008.74,,,,,,,False,False,False
BURITIS,RO,2019,MÉDIO PORTE,4939532.73,60458758.3,35969412.39,,,,,,,False,False,False
BURITIS,RO,2020,MÉDIO PORTE,5572221.54,68703800.04,34725009.589999996,,,,,,,False,False,False
BURITIS,RO,2021,MÉDIO PORTE,6018334.22,76260010.93,33958725.48,,,,,,,False,False,False
BURITIS,RO,2022,MÉDIO PORTE,7124855.32,80447671.87,38998040.53,,,,,,,False,False,False
BURITIS,RO,2023,MÉDIO PORTE,7341225.01,91135035.66,42022474.43,,,,,,,False,False,False
BURITIS,RO,2024,MÉDIO PORTE,7559382.45,107896613.24,36197422.62,2022-11-23 00:00:00,2022-11-22 00:00:00,,,,,False,False,False
CAAPORA,PB,2019,MÉDIO PORTE,6447011.05,17189.49,29862660.099999998,,,,,,,False,False,False
CAAPORA,PB,2020,MÉDIO PORTE,7158259.49,146201.69,30005602.61,,,,,,,False,False,False
CAAPORA,PB,2021,MÉDIO PORTE,7858277.37,60145.53,29885746.43,,,,,,,False,False,False
CAAPORA,PB,2022,MÉDIO PORTE,8821660.86,7061.12,29869564.369999997,,,,,,,False,False,False
CAAPORA,PB,2023,MÉDIO PORTE,7192988.24,59254.69,29991294.08,,,,,,,False,False,False
CAAPORA,PB,2024,MÉDIO PORTE,10000688.3,1160458.56,29907199.83,2024-09-11 00:00:00,2024-08-24 00:00:00,,,,,False,False,False
CAARAPO,MS,2019,MÉDIO PORTE,10627461.05,21867468.53,33159889.39,,,,,,,False,False,False
CAARAPO,MS,2020,MÉDIO PORTE,8987037.04,30638571.7,30911717.71,,,,,,,False,False,False
CAARAPO,MS,2021,MÉDIO PORTE,14624487.96,37797825.96,30139576.259999998,,,,,,,False,False,False
CAARAPO,MS,2022,MÉDIO PORTE,18257818.13,45594792.32,33667707.96,,,,,,,False,False,False
CAARAPO,MS,2023,MÉDIO PORTE,12746263.97,60712700.95,39556944.11,,,,,,,False,False,False
CAARAPO,MS,2024,MÉDIO PORTE,12385417.23,73241831.78,33352873.24,,,,,,,False,False,False
CABECEIRA GRANDE,MG,2019,PEQUENO PORTE,2182319.98,15387194.09,32124635.97,,,,,,,False,False,False
CABECEIRA GRANDE,MG,2020,PEQUENO PORTE,2469287.42,18441494.28,31875284.72,,,,,,,False,False,False
CABECEIRA GRANDE,MG,2021,PEQUENO PORTE,3370799.07,20720052.3,30062079.46,,,,,,,False,False,False
CABECEIRA GRANDE,MG,2022,PEQUENO PORTE,3750867.76,23329615.12,32130931.84,,,,,,,False,False,False
CABECEIRA GRANDE,MG,2023,PEQUENO PORTE,3997245.7,27148561.19,33781621.32,,,,,,,False,False,False
CABECEIRA GRANDE,MG,2024,PEQUENO PORTE,3270074.12,33259012.73,32346533.5,,,,,,,False,False,False
CABO FRIO,RJ,2019,GRANDE PORTE,14596429.67,11339169.07,29862452.79,,,,,,,False,False,False
CABO FRIO,RJ,2020,GRANDE PORTE,7729560.48,13124339.57,29862452.79,,,,,,,False,False,False
CABO FRIO,RJ,2021,GRANDE PORTE,47337716.99,12580660.23,29871771.86,,,,,,,False,False,False
CABO FRIO,RJ,2022,GRANDE PORTE,60999047.38,28207419.32,34036479.95,,,,,,,False,False,False
CABO FRIO,RJ,2023,GRANDE PORTE,73051032.82,45897584.51,31565591.18,,,,,,,False,False,False
CABO FRIO,RJ,2024,GRANDE PORTE,48509687.32,71479317.7,30890733.22,,,,,,,False,False,False
CABROBO,PE,2019,MÉDIO PORTE,9689998.17,26351.12,29864628.61,,,,,,,False,False,False
CABROBO,PE,2020,MÉDIO PORTE,10400998.7,148589.99,29863560.58,,,,,,,False,False,False
CABROBO,PE,2021,MÉDIO PORTE,12921875.37,510775.3,29866599.099999998,,,,,,,False,False,False
CABROBO,PE,2022,MÉDIO PORTE,11350024.1,2424878.92,29956893.74,,,,,,,False,False,False
CABROBO,PE,2023,MÉDIO PORTE,12605787.82,253371.93,29908475.259999998,,,,,,,False,False,False
CABROBO,PE,2024,MÉDIO PORTE,14459883.15,243600.3,29895098.99,,,,,,,False,False,False
CACADOR,SC,2019,MÉDIO PORTE,16020862.0,108644098.56,44495291.65,,,,,,,False,False,False
CACADOR,SC,2020,MÉDIO PORTE,20944446.57,122150061.57,36530536.72,,,,,,,False,False,False
CACADOR,SC,2021,MÉDIO PORTE,21850781.38,137866967.84,28475001.18,,,,,,,False,False,False
CACADOR,SC,2022,MÉDIO PORTE,25240177.46,146905661.78,31786044.34,,,,,,,False,False,False
CACADOR,SC,2023,MÉDIO PORTE,21449873.29,157646466.67,53077159.989999995,,,,,,,False,False,False
CACADOR,SC,2024,MÉDIO PORTE,26170250.11,181864876.6,48592288.84,2019-03-15 00:00:00,2019-03-11 00:00:00,2020-03-20 00:00:00,II,2023-03-23 00:00:00,II,False,False,False
CACAPAVA DO SUL,RS,2019,MÉDIO PORTE,14484078.51,35323271.68,34554562.379999995,,,,,,,False,False,False
CACAPAVA DO SUL,RS,2020,MÉDIO PORTE,12683410.96,36315367.63,31762345.2,,,,,,,False,False,False
CACAPAVA DO SUL,RS,2021,MÉDIO PORTE,31140534.27,33706821.85,30966068.169999998,,,,,,,False,False,False
CACAPAVA DO SUL,RS,2022,MÉDIO PORTE,38024791.57,41784864.86,33895490.56,,,,,,,False,False,False
CACAPAVA DO SUL,RS,2023,MÉDIO PORTE,25798432.15,51974675.02,36524267.19,,,,,,,False,False,False
CACAPAVA DO SUL,RS,2024,MÉDIO PORTE,21712811.12,54400753.11,34183141.18,,,,,,,False,False,False
CACAULANDIA,RO,2019,PEQUENO PORTE,1656170.67,16568386.57,32301477.009999998,,,,,,,False,False,False
CACAULANDIA,RO,2020,PEQUENO PORTE,1704018.28,20254164.05,31106901.14,,,,,,,False,False,False
CACAULANDIA,RO,2021,PEQUENO PORTE,1989185.64,23092345.92,30278255.86,,,,,,,False,False,False
CACAULANDIA,RO,2022,PEQUENO PORTE,2382657.89,25094463.75,31682140.8,,,,,,,False,False,False
CACAULANDIA,RO,2023,PEQUENO PORTE,2354236.78,28495532.36,34291015.6,,,,,,,False,False,False
CACAULANDIA,RO,2024,PEQUENO PORTE,2566111.06,34116628.22,32967375.68,2023-01-26 00:00:00,2023-01-26 00:00:00,,,,,False,False,False
CACHOEIRA DE GOIAS,GO,2019,PEQUENO PORTE,981549.16,2218523.76,30000162.89,,,,,,,False,False,False
CACHOEIRA DE GOIAS,GO,2020,PEQUENO PORTE,1231034.58,2554432.65,30036567.43,,,,,,,False,False,False
CACHOEIRA DE GOIAS,GO,2021,PEQUENO PORTE,1408303.44,3241998.92,29885102.83,,,,,,,False,False,False
CACHOEIRA DE GOIAS,GO,2022,PEQUENO PORTE,1815400.48,4475092.23,30247242.15,,,,,,,False,False,False
CACHOEIRA DE GOIAS,GO,2023,PEQUENO PORTE,1904698.2,4823108.96,30555975.669999998,,,,,,,False,False,False
CACHOEIRA DE GOIAS,GO,2024,PEQUENO PORTE,1819709.0,7225643.98,30346057.86,,,,,,,False,False,False
CACHOEIRA DOURADA,MG,2019,PEQUENO PORTE,2075858.17,21804871.35,32217421.48,,,,,,,False,False,False
CACHOEIRA DOURADA,MG,2020,PEQUENO PORTE,1921791.56,22432768.84,31892476.169999998,,,,,,,False,False,False
CACHOEIRA DOURADA,MG,2021,PEQUENO PORTE,2628574.12,21780447.53,31064456.55,,,,,,,False,False,False
CACHOEIRA DOURADA,MG,2022,PEQUENO PORTE,3205395.14,21728296.02,32332614.53,,,,,,,False,False,False
CACHOEIRA DOURADA,MG,2023,PEQUENO PORTE,2951270.34,23101013.06,32914938.9,,,,,,,False,False,False
CACHOEIRA DOURADA,MG,2024,PEQUENO PORTE,2795555.61,22555619.03,31839618.04,,,,,,,False,False,False
CACHOEIRINHA,PE,2019,MÉDIO PORTE,2383067.69,16571243.52,32261465.96,,,,,,,False,False,False
CACHOEIRINHA,PE,2020,PEQUENO PORTE,2721047.86,20354652.61,30997259.11,,,,,,,False,False,False
CACHOEIRINHA,PE,2021,PEQUENO PORTE,3055316.35,23033904.33,30088560.86,,,,,,,False,False,False
CACHOEIRINHA,PE,2022,PEQUENO PORTE,3383816.16,25250504.47,31811838.2,,,,,,,False,False,False
CACHOEIRINHA,PE,2023,PEQUENO PORTE,4506589.76,28450576.46,33727881.589999996,,,,,,,False,False,False
CACHOEIRINHA,PE,2024,PEQUENO PORTE,5396733.48,34563529.81,32439034.24,2022-02-07 00:00:00,2022-02-07 00:00:00,2024-05-17 00:00:00,I,,I,False,False,False
CACIMBAS,PB,2019,PEQUENO PORTE,2708016.01,15449096.14,31852371.919999998,,,,,,,False,False,False
CACIMBAS,PB,2020,PEQUENO PORTE,2621717.72,20108817.14,31488590.919999998,,,,,,,False,False,False
CACIMBAS,PB,2021,MÉDIO PORTE,3585373.92,23086525.53,30725533.13,,,,,,,False,False,False
CACIMBAS,PB,2022,PEQUENO PORTE,3754060.44,25710330.43,32460702.119999997,,,,,,,False,False,False
CACIMBAS,PB,2023,PEQUENO PORTE,3048486.12,30390161.97,33571717.28,,,,,,,False,False,False
CACIMBAS,PB,2024,PEQUENO PORTE,5260278.82,35004928.61,32850970.919999998,,,,,,,False,False,False
CACIQUE DOBLE,RS,2019,PEQUENO PORTE,2174353.71,15162378.62,31607561.29,,,,,,,False,False,False
CACIQUE DOBLE,RS,2020,PEQUENO PORTE,2306706.72,17349916.99,30780194.029999997,,,,,,,False,False,False
CACIQUE DOBLE,RS,2021,PEQUENO PORTE,2369164.29,18445176.21,30309853.54,,,,,,,False,False,False
CACIQUE DOBLE,RS,2022,PEQUENO PORTE,2567857.05,19113040.07,31637134.099999998,,,,,,,False,False,False
CACIQUE DOBLE,RS,2023,PEQUENO PORTE,2913509.37,20966185.74,32522293.13,,,,,,,False,False,False
CACIQUE DOBLE,RS,2024,PEQUENO PORTE,2998241.97,23333577.37,31389728.189999998,,,,,,,False,False,False
CACU,GO,2019,MÉDIO PORTE,5745253.53,7036552.959999999,30520486.52,,,,,,,False,False,False
CACU,GO,2020,MÉDIO PORTE,6597827.78,6369753.76,30141932.81,,,,,,,False,False,False
CACU,GO,2021,MÉDIO PORTE,7437150.57,5321904.62,30013810.029999997,,,,,,,False,False,False
CACU,GO,2022,MÉDIO PORTE,9331572.07,3431729.35,30074589.689999998,,,,,,,False,False,False
CACU,GO,2023,MÉDIO PORTE,12567439.54,1212088.89,29889698.32,,,,,,,False,False,False
CACU,GO,2024,MÉDIO PORTE,14400709.36,533316.81,29958816.849999998,,,,,,,False,False,False
CAETES,PE,2019,PEQUENO PORTE,3309942.4,1085430.74,29862452.79,,,,,,,False,False,False
CAETES,PE,2020,MÉDIO PORTE,3700634.2,1289578.86,29874769.33,,,,,,,False,False,False
CAETES,PE,2021,MÉDIO PORTE,4893870.89,1245119.45,29897593.96,,,,,,,False,False,False
CAETES,PE,2022,MÉDIO PORTE,6000448.59,2160930.05,30073776.779999997,,,,,,,False,False,False
CAETES,PE,2023,MÉDIO PORTE,6958038.5,3880619.95,30508791.27,,,,,,,False,False,False
CAETES,PE,2024,MÉDIO PORTE,7556356.75,5975509.1,30274552.619999997,,,,,,,False,False,False
CAFEARA,PR,2019,PEQUENO PORTE,1239512.68,10306266.33,30922207.869999997,,,,,,,False,False,False
CAFEARA,PR,2020,PEQUENO PORTE,1282936.81,11028661.76,30702339.99,,,,,,,False,False,False
CAFEARA,PR,2021,PEQUENO PORTE,1240706.97,11627998.96,30494122.41,,,,,,,False,False,False
CAFEARA,PR,2022,PEQUENO PORTE,1578846.6,12124588.35,31266881.21,,,,,,,False,False,False
CAFEARA,PR,2023,PEQUENO PORTE,1993588.4,13338356.65,31748484.65,,,,,,,False,False,False
CAFEARA,PR,2024,PEQUENO PORTE,2177956.99,15237037.64,31148653.0,,,,,,,False,False,False
CAFELANDIA,PR,2019,MÉDIO PORTE,4432948.41,61786952.08000001,36810941.4,,,,,,,False,False,False
CAFELANDIA,PR,2020,MÉDIO PORTE,5235477.61,69076255.77000001,32472138.5,,,,,,,False,False,False
CAFELANDIA,PR,2021,MÉDIO PORTE,6058762.86,74822615.76,29723420.23,,,,,,,False,False,False
CAFELANDIA,PR,2022,MÉDIO PORTE,8485717.66,76971821.32000001,35606659.81,,,,,,,False,False,False
CAFELANDIA,PR,2023,MÉDIO PORTE,12143132.79,84965000.44,39982226.14,,,,,,,False,False,False
CAFELANDIA,PR,2024,MÉDIO PORTE,10822617.96,95056085.27,34239555.4,,,,,,,False,False,False
CAIBATE,RS,2019,PEQUENO PORTE,3842007.66,9460169.19,30660500.11,,,,,,,False,False,False
CAIBATE,RS,2020,PEQUENO PORTE,4388934.6,10558702.7,30503215.4,,,,,,,False,False,False
CAIBATE,RS,2021,PEQUENO PORTE,4714387.09,11094498.73,30165175.72,,,,,,,False,False,False
CAIBATE,RS,2022,PEQUENO PORTE,3813686.56,12111105.06,31064195.439999998,,,,,,,False,False,False
CAIBATE,RS,2023,PEQUENO PORTE,4706918.04,13775389.77,31714699.38,,,,,,,False,False,False
CAIBATE,RS,2024,PEQUENO PORTE,4230341.34,15471923.49,31266249.66,,,,,,,False,False,False
CAIEIRAS,SP,2019,MÉDIO PORTE,21538413.95,95388536.01,43525793.68,,,,,,,False,False,False
CAIEIRAS,SP,2020,MÉDIO PORTE,15494719.37,120425702.39,31042096.9,,,,,,,False,False,False
CAIEIRAS,SP,2021,MÉDIO PORTE,21008646.25,125071036.22,31136644.54,,,,,,,False,False,False
CAIEIRAS,SP,2022,MÉDIO PORTE,23143026.25,141537455.26,36291793.78,,,,,,,False,False,False
CAIEIRAS,SP,2023,MÉDIO PORTE,27554311.27,155094245.35,50977338.65,,,,,,,False,False,False
CAIEIRAS,SP,2024,MÉDIO PORTE,32951477.65,186131834.59,45441487.39,,,,,,,False,False,False
CAIUA,SP,2019,PEQUENO PORTE,1348859.4,6281014.46,30719915.29,,,,,,,False,False,False
CAIUA,SP,2020,PEQUENO PORTE,1914753.31,6216368.46,31310178.75,,,,,,,False,False,False
CAIUA,SP,2021,PEQUENO PORTE,3597947.95,6412724.18,30405224.88,,,,,,,False,False,False
CAIUA,SP,2022,PEQUENO PORTE,3022060.16,6971617.68,30812718.119999997,,,,,,,False,False,False
CAIUA,SP,2023,PEQUENO PORTE,3294469.38,8838315.77,32020402.119999997,,,,,,,False,False,False
CAIUA,SP,2024,PEQUENO PORTE,2751664.15,11282660.19,30864952.74,,,,,,,False,False,False
CAJAZEIRAS DO PIAUI,PI,2019,PEQUENO PORTE,714692.74,1357018.03,30015919.599999998,,,,,,,False,False,False
CAJAZEIRAS DO PIAUI,PI,2020,PEQUENO PORTE,455277.84,1891517.0,29999243.619999997,,,,,,,False,False,False
CAJAZEIRAS DO PIAUI,PI,2021,PEQUENO PORTE,744077.22,2505395.76,29811409.61,,,,,,,False,False,False
CAJAZEIRAS DO PIAUI,PI,2022,PEQUENO PORTE,680536.63,2505395.76,30147157.11,,,,,,,False,False,False
CAJAZEIRAS DO PIAUI,PI,2023,PEQUENO PORTE,1093428.54,2770056.64,30181951.56,,,,,,,False,False,False
CAJAZEIRAS DO PIAUI,PI,2024,PEQUENO PORTE,1261459.08,3620329.02,30137337.81,,,,,,,False,False,False
CALCADO,PE,2019,PEQUENO PORTE,2616639.07,9440.31,29862452.79,,,,,,,False,False,False
CALCADO,PE,2020,PEQUENO PORTE,2854411.63,347337.02,29863780.72,,,,,,,False,False,False
CALCADO,PE,2021,PEQUENO PORTE,3747623.9,40933.53,29862996.09,,,,,,,False,False,False
CALCADO,PE,2022,PEQUENO PORTE,4322722.75,18311.67,29862452.79,,,,,,,False,False,False
CALCADO,PE,2023,PEQUENO PORTE,4440657.73,73723.02,29869223.34,,,,,,,False,False,False
CALCADO,PE,2024,PEQUENO PORTE,4792665.06,114142.16,29874797.439999998,,,,,,,False,False,False
CALDAS NOVAS,GO,2019,MÉDIO PORTE,15538285.56,36671214.84,34020221.47,,,,,,,False,False,False
CALDAS NOVAS,GO,2020,MÉDIO PORTE,18389234.21,46602557.2,34655607.37,,,,,,,False,False,False
CALDAS NOVAS,GO,2021,MÉDIO PORTE,28514869.29,60700250.34,34334912.16,,,,,,,False,False,False
CALDAS NOVAS,GO,2022,MÉDIO PORTE,42911524.84,87362569.51,38296925.08,,,,,,,False,False,False
CALDAS NOVAS,GO,2023,MÉDIO PORTE,133895.37,123672842.16,35911580.58,,,,,,,False,False,False
CALDAS NOVAS,GO,2024,MÉDIO PORTE,0.18,154869725.68,34537869.06,,,,,,,False,False,False
CALDEIRAO GRANDE,BA,2019,PEQUENO PORTE,654575.86,4862796.84,30130769.689999998,,,,,,,False,False,False
CALDEIRAO GRANDE,BA,2020,MÉDIO PORTE,865109.53,3404040.83,29964685.54,,,,,,,False,False,False
CALDEIRAO GRANDE,BA,2021,PEQUENO PORTE,2305043.72,2061442.36,29907718.47,,,,,,,False,False,False
CALDEIRAO GRANDE,BA,2022,PEQUENO PORTE,1721763.77,2203637.92,30069343.75,,,,,,,False,False,False
CALDEIRAO GRANDE,BA,2023,PEQUENO PORTE,2459742.03,1968405.13,30116741.619999997,,,,,,,False,False,False
CALDEIRAO GRANDE,BA,2024,MÉDIO PORTE,2780358.79,2229548.86,30039138.02,,,,,,,False,False,False
CALUMBI,PE,2019,PEQUENO PORTE,1827440.26,21515.55,29863331.529999997,,,,,,,False,False,False
CALUMBI,PE,2020,PEQUENO PORTE,1815051.59,13487.25,29862909.18,,,,,,,False,False,False
CALUMBI,PE,2021,PEQUENO PORTE,1801935.54,115147.72,29862892.369999997,,,,,,,False,False,False
CALUMBI,PE,2022,PEQUENO PORTE,3606826.74,140039.59,29877824.099999998,,,,,,,False,False,False
CALUMBI,PE,2023,PEQUENO PORTE,5332426.38,566605.95,29953137.759999998,,,,,,,False,False,False
CALUMBI,PE,2024,PEQUENO PORTE,5760163.65,1046174.06,29910636.119999997,,,,,,,False,False,False
CAMACARI,BA,2019,GRANDE PORTE,114002718.14,303383161.08,73767053.42,,,,,,,False,False,False
CAMACARI,BA,2020,GRANDE PORTE,56671926.67,366666150.72,43361921.09,,,,,,,False,False,False
CAMACARI,BA,2021,GRANDE PORTE,117677939.85,347792523.32,34424995.85,,,,,,,False,False,False
CAMACARI,BA,2022,GRANDE PORTE,136418543.6,372930238.86,58551540.769999996,,,,,,,False,False,False
CAMACARI,BA,2023,GRANDE PORTE,145933019.33,405626934.57,84359010.25,,,,,,,False,False,False
CAMACARI,BA,2024,GRANDE PORTE,93330020.46,470796561.21,88229541.75999999,2019-09-04 00:00:00,2019-08-19 00:00:00,2020-12-04 00:00:00,II,2024-05-08 00:00:00,III,False,False,False
CAMBARA,PR,2019,MÉDIO PORTE,5916932.73,43534667.19000001,36904729.05,,,,,,,False,False,False
CAMBARA,PR,2020,MÉDIO PORTE,6389459.73,52623948.35,41899239.3,,,,,,,False,False,False
CAMBARA,PR,2021,MÉDIO PORTE,7655188.82,56361223.6,31817760.509999998,,,,,,,False,False,False
CAMBARA,PR,2022,MÉDIO PORTE,8609974.28,59007920.55,32873245.849999998,,,,,,,False,False,False
CAMBARA,PR,2023,MÉDIO PORTE,9514558.84,63693356.34,38876534.97,,,,,,,False,False,False
CAMBARA,PR,2024,MÉDIO PORTE,10400234.3,74743836.29,35380904.23,,,,,,,False,False,False
CAMBARA DO SUL,RS,2019,PEQUENO PORTE,1190722.19,11305697.85,30865431.369999997,,,,,,,False,False,False
CAMBARA DO SUL,RS,2020,PEQUENO PORTE,1008709.99,12671372.2,30558135.7,,,,,,,False,False,False
CAMBARA DO SUL,RS,2021,PEQUENO PORTE,3670481.1,12941934.28,30221087.259999998,,,,,,,False,False,False
CAMBARA DO SUL,RS,2022,PEQUENO PORTE,4267252.99,16054403.7,31697436.31,,,,,,,False,False,False
CAMBARA DO SUL,RS,2023,PEQUENO PORTE,5938655.84,21086449.5,32863760.83,,,,,,,False,False,False
CAMBARA DO SUL,RS,2024,PEQUENO PORTE,4988881.37,28212912.66,31929921.59,,,,,,,False,False,False
CAMBORIU,SC,2019,MÉDIO PORTE,13519762.11,67522570.31,36556182.89,,,,,,,False,False,False
CAMBORIU,SC,2020,MÉDIO PORTE,13888140.01,85992600.44000001,41059007.08,,,,,,,False,False,False
CAMBORIU,SC,2021,MÉDIO PORTE,14707536.13,104902992.66,33340145.15,,,,,,,False,False,False
CAMBORIU,SC,2022,MÉDIO PORTE,15708588.27,120815056.64,35278082.49,,,,,,,False,False,False
CAMBORIU,SC,2023,MÉDIO PORTE,21924427.86,145177119.11,51800627.46,,,,,,,False,False,False
CAMBORIU,SC,2024,MÉDIO PORTE,24316291.58,185733927.34,40622659.67,2020-10-13 00:00:00,2020-10-13 00:00:00,,,,,False,False,False
CAMBUCI,RJ,2019,MÉDIO PORTE,2882263.42,32396500.24,34914737.48,,,,,,,False,False,False
CAMBUCI,RJ,2020,MÉDIO PORTE,2947868.37,35784555.14,34907074.47,,,,,,,False,False,False
CAMBUCI,RJ,2021,MÉDIO PORTE,3336244.42,33719887.5,29893060.52,,,,,,,False,False,False
CAMBUCI,RJ,2022,MÉDIO PORTE,3868924.29,30042418.83,31205562.9,,,,,,,False,False,False
CAMBUCI,RJ,2023,PEQUENO PORTE,5499000.3,27843859.96,32152207.57,,,,,,,False,False,False
CAMBUCI,RJ,2024,MÉDIO PORTE,6635658.74,27559819.83,30896273.2,,,,,,,False,False,False
CAMBUI,MG,2019,MÉDIO PORTE,5596300.52,48929763.11,34017838.96,,,,,,,False,False,False
CAMBUI,MG,2020,MÉDIO PORTE,7034723.73,54961397.76000001,34161522.15,,,,,,,False,False,False
CAMBUI,MG,2021,MÉDIO PORTE,7499959.63,60464511.43,30303602.49,,,,,,,False,False,False
CAMBUI,MG,2022,MÉDIO PORTE,8741563.25,61868903.47,34822474.92,,,,,,,False,False,False
CAMBUI,MG,2023,MÉDIO PORTE,10555775.13,67604624.82,36555551.56,,,,,,,False,False,False
CAMBUI,MG,2024,MÉDIO PORTE,13291125.11,78581657.2,34801328.89,2022-01-28 00:00:00,2021-12-22 00:00:00,,,,,False,False,False
CAMPANARIO,MG,2019,PEQUENO PORTE,1011019.74,1509459.91,29927380.9,,,,,,,False,False,False
CAMPANARIO,MG,2020,PEQUENO PORTE,1191653.96,1329452.1,29869055.119999997,,,,,,,False,False,False
CAMPANARIO,MG,2021,PEQUENO PORTE,1341201.94,902568.24,29678796.36,,,,,,,False,False,False
CAMPANARIO,MG,2022,PEQUENO PORTE,1586306.01,518344.58,29870959.82,,,,,,,False,False,False
CAMPANARIO,MG,2023,PEQUENO PORTE,1626626.01,293404.81,29875014.83,,,,,,,False,False,False
CAMPANARIO,MG,2024,PEQUENO PORTE,2149826.23,244565.82,29867408.02,2023-05-24 00:00:00,2023-05-23 00:00:00,,,,,False,False,False
CAMPANHA,MG,2019,PEQUENO PORTE,3378734.67,25217107.4,33540783.27,,,,,,,False,False,False
CAMPANHA,MG,2020,PEQUENO PORTE,2687626.21,27683016.42,31167921.33,,,,,,,False,False,False
CAMPANHA,MG,2021,PEQUENO PORTE,3550101.31,27339176.16,30347497.669999998,,,,,,,False,False,False
CAMPANHA,MG,2022,PEQUENO PORTE,3281554.36,25515543.55,31956936.34,,,,,,,False,False,False
CAMPANHA,MG,2023,PEQUENO PORTE,3468524.29,24339696.27,33514052.88,,,,,,,False,False,False
CAMPANHA,MG,2024,PEQUENO PORTE,3534637.87,23902283.6,32472031.29,,,,,,,False,False,False
CAMPINA DAS MISSOES,RS,2019,PEQUENO PORTE,3283170.25,13556273.53,31327579.64,,,,,,,False,False,False
CAMPINA DAS MISSOES,RS,2020,PEQUENO PORTE,3573358.35,14432840.17,30759306.02,,,,,,,False,False,False
CAMPINA DAS MISSOES,RS,2021,PEQUENO PORTE,3618535.12,14831081.75,30286226.23,,,,,,,False,False,False
CAMPINA DAS MISSOES,RS,2022,PEQUENO PORTE,4378521.12,14464675.31,31311964.619999997,,,,,,,False,False,False
CAMPINA DAS MISSOES,RS,2023,PEQUENO PORTE,4689122.8,15244245.78,31699537.34,,,,,,,False,False,False
CAMPINA DAS MISSOES,RS,2024,PEQUENO PORTE,3172703.4,16064935.0,30835286.96,,,,,,,False,False,False
CAMPINA DO SIMAO,PR,2019,PEQUENO PORTE,1635167.83,17960631.68,32786859.23,,,,,,,False,False,False
CAMPINA DO SIMAO,PR,2020,PEQUENO PORTE,1771722.97,22045209.86,31147431.63,,,,,,,False,False,False
CAMPINA DO SIMAO,PR,2021,PEQUENO PORTE,2005283.41,23711282.67,29689862.64,,,,,,,False,False,False
CAMPINA DO SIMAO,PR,2022,PEQUENO PORTE,2337342.21,24209942.43,31929066.82,,,,,,,False,False,False
CAMPINA DO SIMAO,PR,2023,PEQUENO PORTE,2909254.51,27087903.15,33588085.589999996,,,,,,,False,False,False
CAMPINA DO SIMAO,PR,2024,PEQUENO PORTE,2337718.39,31955353.42,31804639.14,,,,,,,False,False,False
CAMPINA GRANDE,PB,2019,GRANDE PORTE,69336167.47,4961365.75,29862452.79,,,,,,,False,False,False
CAMPINA GRANDE,PB,2020,GRANDE PORTE,78127149.8,7736019.52,29862452.79,,,,,,,False,False,False
CAMPINA GRANDE,PB,2021,GRANDE PORTE,71080136.16,5342675.61,29862452.79,,,,,,,False,False,False
CAMPINA GRANDE,PB,2022,GRANDE PORTE,105548785.32,6014132.86,29862452.79,,,,,,,False,False,False
CAMPINA GRANDE,PB,2023,GRANDE PORTE,154636384.91,14620851.27,29862452.79,,,,,,,False,False,False
CAMPINA GRANDE,PB,2024,GRANDE PORTE,162863417.04,4087258.11,29862452.79,2024-08-12 00:00:00,2024-08-08 00:00:00,,,,,False,False,False
CAMPINA GRANDE DO SUL,PR,2019,MÉDIO PORTE,7427902.64,77383155.02000001,41039009.56,,,,,,,False,False,False
CAMPINA GRANDE DO SUL,PR,2020,MÉDIO PORTE,8029425.64,91542429.18,43617218.56,,,,,,,False,False,False
CAMPINA GRANDE DO SUL,PR,2021,MÉDIO PORTE,10455636.56,101766468.69,27770138.75,,,,,,,False,False,False
CAMPINA GRANDE DO SUL,PR,2022,MÉDIO PORTE,11818223.81,103514189.17,34147715.23,,,,,,,False,False,False
CAMPINA GRANDE DO SUL,PR,2023,MÉDIO PORTE,12781559.85,111901857.06,47894917.75,,,,,,,False,False,False
CAMPINA GRANDE DO SUL,PR,2024,MÉDIO PORTE,15430286.75,131988169.74,36214692.129999995,2022-03-18 00:00:00,2022-03-14 00:00:00,,,,,False,False,False
CAMPO ALEGRE DE GOIAS,GO,2019,PEQUENO PORTE,2288807.2,11612029.9,30936467.58,,,,,,,False,False,False
CAMPO ALEGRE DE GOIAS,GO,2020,PEQUENO PORTE,2728917.4,12279351.37,30673287.279999997,,,,,,,False,False,False
CAMPO ALEGRE DE GOIAS,GO,2021,PEQUENO PORTE,3363020.38,13085913.03,30344069.29,,,,,,,False,False,False
CAMPO ALEGRE DE GOIAS,GO,2022,PEQUENO PORTE,3900460.21,13988172.65,31319930.63,,,,,,,False,False,False
CAMPO ALEGRE DE GOIAS,GO,2023,PEQUENO PORTE,4630757.12,15592444.71,31866719.63,,,,,,,False,False,False
CAMPO ALEGRE DE GOIAS,GO,2024,PEQUENO PORTE,5983608.82,17867540.78,31548718.75,,,,,,,False,False,False
CAMPO BONITO,PR,2019,PEQUENO PORTE,1970109.49,22759939.38,32263091.99,,,,,,,False,False,False
CAMPO BONITO,PR,2020,PEQUENO PORTE,1995561.52,25585919.3,32082816.869999997,,,,,,,False,False,False
CAMPO BONITO,PR,2021,PEQUENO PORTE,1838092.05,28112507.59,31127368.09,,,,,,,False,False,False
CAMPO BONITO,PR,2022,PEQUENO PORTE,3905100.3,29455785.59,33080825.439999998,,,,,,,False,False,False
CAMPO BONITO,PR,2023,PEQUENO PORTE,6021664.28,33143055.75,34004531.25,,,,,,,False,False,False
CAMPO BONITO,PR,2024,PEQUENO PORTE,3192370.95,38215469.15,32811153.91,,,,,,,False,False,False
CAMPO FORMOSO,BA,2019,MÉDIO PORTE,10373853.09,66094339.42,38823966.55,,,,,,,False,False,False
CAMPO FORMOSO,BA,2020,MÉDIO PORTE,14994732.78,68174712.17,33310132.73,,,,,,,False,False,False
CAMPO FORMOSO,BA,2021,MÉDIO PORTE,21926562.4,70522159.83,31953047.81,,,,,,,False,False,False
CAMPO FORMOSO,BA,2022,MÉDIO PORTE,24170817.13,75659842.7,36886231.15,,,,,,,False,False,False
CAMPO FORMOSO,BA,2023,MÉDIO PORTE,21904067.45,84978020.87,39896434.78,,,,,,,False,False,False
CAMPO FORMOSO,BA,2024,MÉDIO PORTE,33876974.7,92900100.37,36651650.04,,,,,,,False,False,False
CAMPO MAIOR,PI,2019,MÉDIO PORTE,5642941.86,5821477.080000001,30204497.009999998,,,,,,,False,False,False
CAMPO MAIOR,PI,2020,MÉDIO PORTE,3614957.22,2525458.74,29979611.8,,,,,,,False,False,False
CAMPO MAIOR,PI,2021,MÉDIO PORTE,11131646.86,5691924.55,30031199.97,,,,,,,False,False,False
CAMPO MAIOR,PI,2022,MÉDIO PORTE,15795755.72,5975905.87,30501972.63,,,,,,,False,False,False
CAMPO MAIOR,PI,2023,MÉDIO PORTE,21417685.23,6828475.87,30975116.7,,,,,,,False,False,False
CAMPO MAIOR,PI,2024,MÉDIO PORTE,20708709.43,13124548.86,31898862.33,,,,,,,False,False,False
CAMPO NOVO DO PARECIS,MT,2019,MÉDIO PORTE,12774976.82,172371080.43,49247762.84,,,,,,,False,False,False
CAMPO NOVO DO PARECIS,MT,2020,MÉDIO PORTE,15874436.64,194186984.46,35830971.2,,,,,,,False,False,False
CAMPO NOVO DO PARECIS,MT,2021,MÉDIO PORTE,19203130.6,211898047.11,33842545.53,,,,,,,False,False,False
CAMPO NOVO DO PARECIS,MT,2022,MÉDIO PORTE,25879784.63,226192947.11,48823826.97,,,,,,,False,False,False
CAMPO NOVO DO PARECIS,MT,2023,MÉDIO PORTE,27543863.8,255896970.03,65463164.08,,,,,,,False,False,False
CAMPO NOVO DO PARECIS,MT,2024,MÉDIO PORTE,30813284.23,297851492.08,47079999.29,2024-08-22 00:00:00,2024-04-25 00:00:00,,,,,False,False,False
CAMPO REDONDO,RN,2019,PEQUENO PORTE,2800521.58,2031008.84,30159460.349999998,,,,,,,False,False,False
CAMPO REDONDO,RN,2020,PEQUENO PORTE,1956762.56,3516965.93,30123818.91,,,,,,,False,False,False
CAMPO REDONDO,RN,2021,PEQUENO PORTE,3985817.45,5123032.67,29971815.65,,,,,,,False,False,False
CAMPO REDONDO,RN,2022,PEQUENO PORTE,5078141.22,7595391.39,30123773.46,,,,,,,False,False,False
CAMPO REDONDO,RN,2023,PEQUENO PORTE,4827182.26,11519316.77,31204653.84,,,,,,,False,False,False
CAMPO REDONDO,RN,2024,PEQUENO PORTE,6360086.66,15472399.07,31545115.72,,,,,,,False,False,False
CAMPO VERDE,MT,2019,MÉDIO PORTE,8937302.46,54593359.39999999,32993548.369999997,,,,,,,False,False,False
CAMPO VERDE,MT,2020,MÉDIO PORTE,12264963.22,64583622.73,31594141.95,,,,,,,False,False,False
CAMPO VERDE,MT,2021,MÉDIO PORTE,14027075.03,76478677.06,30914301.74,,,,,,,False,False,False
CAMPO VERDE,MT,2022,MÉDIO PORTE,17362651.07,88081302.24000001,34342590.65,,,,,,,False,False,False
CAMPO VERDE,MT,2023,MÉDIO PORTE,22093226.97,104409214.22,37304115.269999996,,,,,,,False,False,False
CAMPO VERDE,MT,2024,MÉDIO PORTE,26286538.54,132361800.85,44874855.57,2024-12-17 00:00:00,2024-12-11 00:00:00,,,,,False,False,False
CAMPOS ALTOS,MG,2019,PEQUENO PORTE,3222525.22,17439001.31,33315986.299999997,,,,,,,False,False,False
CAMPOS ALTOS,MG,2020,PEQUENO PORTE,3448864.93,21675898.55,31172798.419999998,,,,,,,False,False,False
CAMPOS ALTOS,MG,2021,PEQUENO PORTE,4702417.65,24505401.36,29731383.89,,,,,,,False,False,False
CAMPOS ALTOS,MG,2022,PEQUENO PORTE,5513673.2,25455859.55,31887427.689999998,,,,,,,False,False,False
CAMPOS ALTOS,MG,2023,PEQUENO PORTE,6009776.1,28164486.39,34029463.42,,,,,,,False,False,False
CAMPOS ALTOS,MG,2024,PEQUENO PORTE,6773905.87,32419316.42,31191115.939999998,,,,,,,False,False,False
CAMPOS BELOS,GO,2019,MÉDIO PORTE,5057356.92,20927407.05,32783567.119999997,,,,,,,False,False,False
CAMPOS BELOS,GO,2020,MÉDIO PORTE,5385443.68,23511109.64,31531933.31,,,,,,,False,False,False
CAMPOS BELOS,GO,2021,MÉDIO PORTE,5801951.65,24016541.87,29870307.16,,,,,,,False,False,False
CAMPOS BELOS,GO,2022,MÉDIO PORTE,8064167.26,22370935.2,31556222.63,,,,,,,False,False,False
CAMPOS BELOS,GO,2023,MÉDIO PORTE,10191976.71,22811584.65,33008548.509999998,,,,,,,False,False,False
CAMPOS BELOS,GO,2024,MÉDIO PORTE,11764500.54,25850879.26,30804493.169999998,,,,,,,False,False,False
CAMPOS BORGES,RS,2019,PEQUENO PORTE,1833162.49,16282242.68,33009905.119999997,,,,,,,False,False,False
CAMPOS BORGES,RS,2020,PEQUENO PORTE,2569680.15,19842703.89,32050728.52,,,,,,,False,False,False
CAMPOS BORGES,RS,2021,PEQUENO PORTE,2908953.35,19999441.01,29978147.56,,,,,,,False,False,False
CAMPOS BORGES,RS,2022,PEQUENO PORTE,3150951.22,23881469.62,32376087.47,,,,,,,False,False,False
CAMPOS BORGES,RS,2023,PEQUENO PORTE,3211513.98,26649822.21,33919129.61,,,,,,,False,False,False
CAMPOS BORGES,RS,2024,PEQUENO PORTE,3338062.57,32283205.65,32462381.25,,,,,,,False,False,False
CAMPOS GERAIS,MG,2019,MÉDIO PORTE,6186480.53,7185988.43,30510120.189999998,,,,,,,False,False,False
CAMPOS GERAIS,MG,2020,MÉDIO PORTE,10359544.33,6257486.3,30444259.02,,,,,,,False,False,False
CAMPOS GERAIS,MG,2021,MÉDIO PORTE,11054094.39,11664724.45,30005002.97,,,,,,,False,False,False
CAMPOS GERAIS,MG,2022,MÉDIO PORTE,13148262.86,14608662.63,30905327.24,,,,,,,False,False,False
CAMPOS GERAIS,MG,2023,MÉDIO PORTE,16623821.72,18613047.86,32701105.119999997,,,,,,,False,False,False
CAMPOS GERAIS,MG,2024,MÉDIO PORTE,16899379.71,24011385.48,31387385.619999997,,,,,,,False,False,False
CANARANA,MT,2019,MÉDIO PORTE,6093692.46,26601732.39,31999257.369999997,,,,,,,False,False,False
CANARANA,MT,2020,MÉDIO PORTE,7488780.38,30927132.66,32674074.31,,,,,,,False,False,False
CANARANA,MT,2021,MÉDIO PORTE,8363983.66,35007697.68,32071672.21,,,,,,,False,False,False
CANARANA,MT,2022,MÉDIO PORTE,10918112.17,39161952.22,30747877.939999998,,,,,,,False,False,False
CANARANA,MT,2023,MÉDIO PORTE,10859819.13,44385911.18,30915762.05,,,,,,,False,False,False
CANARANA,MT,2024,MÉDIO PORTE,20014021.23,54447773.33,30533261.279999997,2022-10-26 00:00:00,2022-10-21 00:00:00,,,,,False,False,False
CANDEIAS,MG,2019,PEQUENO PORTE,2105744.29,3826758.31,30113568.529999997,,,,,,,False,False,False
CANDEIAS,MG,2020,MÉDIO PORTE,3421265.79,1898321.62,29890272.46,,,,,,,False,False,False
CANDEIAS,MG,2021,MÉDIO PORTE,3149052.54,122335.0,29868192.54,,,,,,,False,False,False
CANDEIAS,MG,2022,PEQUENO PORTE,5482953.56,2888.09,29862452.79,,,,,,,False,False,False
CANDEIAS,MG,2023,MÉDIO PORTE,5733149.68,38946.25,29862452.79,,,,,,,False,False,False
CANDEIAS,MG,2024,PEQUENO PORTE,5816038.86,36897.54,29862452.79,,,,,,,False,False,False
CANDELARIA,RS,2019,MÉDIO PORTE,6933904.29,76703370.05,39557441.629999995,,,,,,,False,False,False
CANDELARIA,RS,2020,MÉDIO PORTE,9411096.75,86912829.31,34318349.28,,,,,,,False,False,False
CANDELARIA,RS,2021,MÉDIO PORTE,9990066.21,92954587.77,33109046.63,,,,,,,False,False,False
CANDELARIA,RS,2022,MÉDIO PORTE,16034370.57,94306635.68,35583648.51,,,,,,,False,False,False
CANDELARIA,RS,2023,MÉDIO PORTE,18223175.7,104665975.2,43574682.28,,,,,,,False,False,False
CANDELARIA,RS,2024,MÉDIO PORTE,14920361.02,120454911.45,38772103.79,,,,,,,False,False,False
CANDIDO GODOI,RS,2019,PEQUENO PORTE,3068994.94,24395626.06,32774483.71,,,,,,,False,False,False
CANDIDO GODOI,RS,2020,PEQUENO PORTE,3069220.12,28392312.07,31552618.23,,,,,,,False,False,False
CANDIDO GODOI,RS,2021,PEQUENO PORTE,3062148.37,29704791.12,30936140.68,,,,,,,False,False,False
CANDIDO GODOI,RS,2022,PEQUENO PORTE,3325222.33,30148635.05,32378216.06,,,,,,,False,False,False
CANDIDO GODOI,RS,2023,PEQUENO PORTE,3390257.94,32272143.95,33564308.65,,,,,,,False,False,False
CANDIDO GODOI,RS,2024,PEQUENO PORTE,4484700.19,35863497.58,33014762.349999998,,,,,,,False,False,False
CANDIDO MOTA,SP,2019,MÉDIO PORTE,7790401.33,70999581.08,40208398.01,,,,,,,False,False,False
CANDIDO MOTA,SP,2020,MÉDIO PORTE,8235439.91,84242591.41000001,39383202.16,,,,,,,False,False,False
CANDIDO MOTA,SP,2021,MÉDIO PORTE,8322663.59,91958912.22,35062463.54,,,,,,,False,False,False
CANDIDO MOTA,SP,2022,MÉDIO PORTE,9691203.21,92766436.9,37045383.97,,,,,,,False,False,False
CANDIDO MOTA,SP,2023,MÉDIO PORTE,10573699.81,100099996.8,38603892.1,,,,,,,False,False,False
CANDIDO MOTA,SP,2024,MÉDIO PORTE,14569606.88,100602286.41,33760344.42,2021-01-19 00:00:00,2021-01-18 00:00:00,,,,,False,False,False
CANGUCU,RS,2019,MÉDIO PORTE,16129748.59,151526127.03,47684927.53,,,,,,,False,False,False
CANGUCU,RS,2020,MÉDIO PORTE,17227925.96,176672819.67,40042722.39,,,,,,,False,False,False
CANGUCU,RS,2021,MÉDIO PORTE,18425490.17,193083633.75,33137876.4,,,,,,,False,False,False
CANGUCU,RS,2022,MÉDIO PORTE,25569100.34,201591453.33,45401123.53,,,,,,,False,False,False
CANGUCU,RS,2023,MÉDIO PORTE,28260153.56,224132521.84,59310205.97,,,,,,,False,False,False
CANGUCU,RS,2024,MÉDIO PORTE,32110156.49,258378999.81,43544796.42,,,,,,,False,False,False
CANOINHAS,SC,2019,MÉDIO PORTE,13124580.56,24537822.28,33922464.03,,,,,,,False,False,False
CANOINHAS,SC,2020,MÉDIO PORTE,15022769.41,36752416.7,38443622.43,,,,,,,False,False,False
CANOINHAS,SC,2021,MÉDIO PORTE,17090780.74,51019781.88,34923002.35,,,,,,,False,False,False
CANOINHAS,SC,2022,MÉDIO PORTE,20362658.81,58333972.34,40294440.46,,,,,,,False,False,False
CANOINHAS,SC,2023,MÉDIO PORTE,19874800.7,66107546.92,43053627.11,,,,,,,False,False,False
CANOINHAS,SC,2024,MÉDIO PORTE,21528684.04,85456313.03,34964230.61,2020-07-02 00:00:00,2020-06-30 00:00:00,2021-04-20 00:00:00,I,2024-07-24 00:00:00,I,False,False,False
CANTAGALO,PR,2019,PEQUENO PORTE,3337175.28,18603617.02,32093044.59,,,,,,,False,False,False
CANTAGALO,PR,2020,PEQUENO PORTE,3505234.29,21837309.67,31876299.39,,,,,,,False,False,False
CANTAGALO,PR,2021,PEQUENO PORTE,3793641.21,25798448.92,30580384.31,,,,,,,False,False,False
CANTAGALO,PR,2022,PEQUENO PORTE,4376160.56,27431110.97,32507698.02,,,,,,,False,False,False
CANTAGALO,PR,2023,PEQUENO PORTE,6868122.93,31230143.5,34307734.2,,,,,,,False,False,False
CANTAGALO,PR,2024,PEQUENO PORTE,7332277.09,36921997.54,32098851.799999997,,,,,,,False,False,False
CANTAGALO,RJ,2019,MÉDIO PORTE,6300761.49,12234962.86,31817047.25,,,,,,,False,False,False
CANTAGALO,RJ,2020,MÉDIO PORTE,6898246.81,15139342.15,30864335.82,,,,,,,False,False,False
CANTAGALO,RJ,2021,MÉDIO PORTE,7317118.14,17642849.24,29744157.25,,,,,,,False,False,False
CANTAGALO,RJ,2022,MÉDIO PORTE,8884647.02,19731861.22,30574007.31,,,,,,,False,False,False
CANTAGALO,RJ,2023,MÉDIO PORTE,9534827.7,24077639.35,34187214.95,,,,,,,False,False,False
CANTAGALO,RJ,2024,MÉDIO PORTE,9443965.34,30701797.41,32978083.23,2019-04-11 00:00:00,2019-04-10 00:00:00,2021-12-28 00:00:00,I,2025-01-20 00:00:00,I,False,False,False
CAPAO BONITO DO SUL,RS,2019,PEQUENO PORTE,1333039.41,1007197.49,30011669.93,,,,,,,False,False,False
CAPAO BONITO DO SUL,RS,2020,PEQUENO PORTE,1680723.22,2229081.13,30005414.68,,,,,,,False,False,False
CAPAO BONITO DO SUL,RS,2021,PEQUENO PORTE,2094237.97,3923595.44,29976813.18,,,,,,,False,False,False
CAPAO BONITO DO SUL,RS,2022,PEQUENO PORTE,2417243.4,5917210.62,30626496.68,,,,,,,False,False,False
CAPAO BONITO DO SUL,RS,2023,PEQUENO PORTE,3230163.7,8807913.26,31133182.68,,,,,,,False,False,False
CAPAO BONITO DO SUL,RS,2024,PEQUENO PORTE,3498126.53,12853048.4,30976259.08,,,,,,,False,False,False
CAPELA DE SANTANA,RS,2019,PEQUENO PORTE,2362109.71,30010063.34,32268116.89,,,,,,,False,False,False
CAPELA DE SANTANA,RS,2020,PEQUENO PORTE,1646559.81,34411443.28,31585777.36,,,,,,,False,False,False
CAPELA DE SANTANA,RS,2021,PEQUENO PORTE,4738394.01,35840048.76000001,30544255.77,,,,,,,False,False,False
CAPELA DE SANTANA,RS,2022,PEQUENO PORTE,3610252.6,39646447.0,33128017.52,,,,,,,False,False,False
CAPELA DE SANTANA,RS,2023,PEQUENO PORTE,2977611.47,45771520.93,35795356.48,,,,,,,False,False,False
CAPELA DE SANTANA,RS,2024,PEQUENO PORTE,4189357.61,53785024.14,33711409.95,,,,,,,False,False,False
CAPELA DO ALTO ALEGRE,BA,2019,PEQUENO PORTE,521657.9,8248059.6,30657524.46,,,,,,,False,False,False
CAPELA DO ALTO ALEGRE,BA,2020,PEQUENO PORTE,299433.53,7108425.57,30116017.98,,,,,,,False,False,False
CAPELA DO ALTO ALEGRE,BA,2021,PEQUENO PORTE,3432984.08,5865702.39,30097767.849999998,,,,,,,False,False,False
CAPELA DO ALTO ALEGRE,BA,2022,PEQUENO PORTE,4409851.37,6899422.59,30469019.97,,,,,,,False,False,False
CAPELA DO ALTO ALEGRE,BA,2023,PEQUENO PORTE,3382024.56,8200056.07,31048481.189999998,,,,,,,False,False,False
CAPELA DO ALTO ALEGRE,BA,2024,PEQUENO PORTE,3994942.59,9387572.38,30391184.52,,,,,,,False,False,False
CAPINOPOLIS,MG,2019,MÉDIO PORTE,3349149.69,6342333.14,30432331.95,,,,,,,False,False,False
CAPINOPOLIS,MG,2020,MÉDIO PORTE,3346162.0,6766388.23,30120304.95,,,,,,,False,False,False
CAPINOPOLIS,MG,2021,MÉDIO PORTE,3339392.25,8312496.23,30158048.5,,,,,,,False,False,False
CAPINOPOLIS,MG,2022,MÉDIO PORTE,5612844.56,9122703.59,30983219.349999998,,,,,,,False,False,False
CAPINOPOLIS,MG,2023,MÉDIO PORTE,4027446.25,9762403.76,31096451.32,,,,,,,False,False,False
CAPINOPOLIS,MG,2024,MÉDIO PORTE,2634447.4,8987140.46,30475010.02,,,,,,,False,False,False
CAPITAO DE CAMPOS,PI,2019,PEQUENO PORTE,2649787.05,10921775.07,30740618.95,,,,,,,False,False,False
CAPITAO DE CAMPOS,PI,2020,PEQUENO PORTE,1439561.96,11830306.34,30468012.4,,,,,,,False,False,False
CAPITAO DE CAMPOS,PI,2021,PEQUENO PORTE,3120282.58,13682915.67,30017187.419999998,,,,,,,False,False,False
CAPITAO DE CAMPOS,PI,2022,PEQUENO PORTE,4501160.16,15439068.46,31496874.919999998,,,,,,,False,False,False
CAPITAO DE CAMPOS,PI,2023,PEQUENO PORTE,5620068.53,19457769.9,32761539.299999997,,,,,,,False,False,False
CAPITAO DE CAMPOS,PI,2024,PEQUENO PORTE,5028702.5,26784166.58,31877499.529999997,2022-02-03 00:00:00,2021-12-14 00:00:00,,,,,False,False,False
CAPOEIRAS,PE,2019,MÉDIO PORTE,2981673.96,104008.98,29863619.22,,,,,,,False,False,False
CAPOEIRAS,PE,2020,MÉDIO PORTE,3335539.06,239305.29,29872796.06,,,,,,,False,False,False
CAPOEIRAS,PE,2021,MÉDIO PORTE,4220567.26,2179912.86,29874151.169999998,,,,,,,False,False,False
CAPOEIRAS,PE,2022,MÉDIO PORTE,4538966.31,766150.5199999999,30066827.279999997,,,,,,,False,False,False
CAPOEIRAS,PE,2023,MÉDIO PORTE,5140993.92,2987968.8,30170450.84,,,,,,,False,False,False
CAPOEIRAS,PE,2024,MÉDIO PORTE,5787813.14,1776797.34,29978881.4,,,,,,,False,False,False
CARANDAI,MG,2019,MÉDIO PORTE,4645618.44,11819440.86,31393895.64,,,,,,,False,False,False
CARANDAI,MG,2020,MÉDIO PORTE,5536911.77,12507041.17,30622448.97,,,,,,,False,False,False
CARANDAI,MG,2021,MÉDIO PORTE,5850342.2,13582596.04,29755337.22,,,,,,,False,False,False
CARANDAI,MG,2022,MÉDIO PORTE,7317901.95,13681838.51,31038219.72,,,,,,,False,False,False
CARANDAI,MG,2023,MÉDIO PORTE,8220898.13,14621041.69,31920134.11,,,,,,,False,False,False
CARANDAI,MG,2024,MÉDIO PORTE,9269815.41,15728022.96,31388123.57,,,,,,,False,False,False
CARANGOLA,MG,2019,MÉDIO PORTE,7581387.91,3687291.35,30220933.3,,,,,,,False,False,False
CARANGOLA,MG,2020,MÉDIO PORTE,8866693.8,3201299.24,30154756.0,,,,,,,False,False,False
CARANGOLA,MG,2021,MÉDIO PORTE,10777318.64,3946873.52,30022809.5,,,,,,,False,False,False
CARANGOLA,MG,2022,MÉDIO PORTE,13464789.75,6069967.61,30520427.89,,,,,,,False,False,False
CARANGOLA,MG,2023,MÉDIO PORTE,12396881.09,8201258.01,31110440.02,,,,,,,False,False,False
CARANGOLA,MG,2024,MÉDIO PORTE,6467858.02,8462312.57,30765819.36,2023-10-30 00:00:00,2023-10-24 00:00:00,,,,,False,False,False
CARAPEBUS,RJ,2019,MÉDIO PORTE,5479086.5,5141772.81,30979945.55,,,,,,,False,False,False
CARAPEBUS,RJ,2020,MÉDIO PORTE,3230051.47,11135827.98,30611333.41,,,,,,,False,False,False
CARAPEBUS,RJ,2021,MÉDIO PORTE,5004875.84,13517483.66,29181673.3,,,,,,,False,False,False
CARAPEBUS,RJ,2022,MÉDIO PORTE,6767303.73,19384874.08,30907349.27,,,,,,,False,False,False
CARAPEBUS,RJ,2023,MÉDIO PORTE,6330864.67,32261810.55,34376220.25,,,,,,,False,False,False
CARAPEBUS,RJ,2024,MÉDIO PORTE,5926566.72,44726646.01,31809523.84,2024-08-29 00:00:00,2024-07-31 00:00:00,,,,,False,False,False
CARBONITA,MG,2019,PEQUENO PORTE,1715319.37,1200268.12,29940683.09,,,,,,,False,False,False
CARBONITA,MG,2020,PEQUENO PORTE,1439958.14,1386064.53,29902680.98,,,,,,,False,False,False
CARBONITA,MG,2021,PEQUENO PORTE,1583553.76,1517130.8,29929076.99,,,,,,,False,False,False
CARBONITA,MG,2022,PEQUENO PORTE,1975097.25,2331169.48,30176029.3,,,,,,,False,False,False
CARBONITA,MG,2023,PEQUENO PORTE,2218220.14,3450621.38,30315079.369999997,,,,,,,False,False,False
CARBONITA,MG,2024,PEQUENO PORTE,2437698.57,4748533.77,30282639.07,,,,,,,False,False,False
CARDOSO MOREIRA,RJ,2019,MÉDIO PORTE,5996842.81,87488225.01999998,37236399.23,,,,,,,False,False,False
CARDOSO MOREIRA,RJ,2020,MÉDIO PORTE,6618372.54,96473516.7,35994235.96,,,,,,,False,False,False
CARDOSO MOREIRA,RJ,2021,MÉDIO PORTE,7533760.53,105104153.63,32413555.28,,,,,,,False,False,False
CARDOSO MOREIRA,RJ,2022,MÉDIO PORTE,9366270.13,104405058.78,40406311.769999996,,,,,,,False,False,False
CARDOSO MOREIRA,RJ,2023,MÉDIO PORTE,8125516.39,119136709.0,46811178.9,,,,,,,False,False,False
CARDOSO MOREIRA,RJ,2024,MÉDIO PORTE,8505164.5,137508793.56,41178530.21,,,,,,,False,False,False
CARIDADE,CE,2019,PEQUENO PORTE,1560491.67,2119445.9,30113802.9,,,,,,,False,False,False
CARIDADE,CE,2020,PEQUENO PORTE,636092.96,3538263.25,30115491.36,,,,,,,False,False,False
CARIDADE,CE,2021,MÉDIO PORTE,2050196.57,4165853.27,29939836.8,,,,,,,False,False,False
CARIDADE,CE,2022,MÉDIO PORTE,2127589.33,5765372.27,30343689.09,,,,,,,False,False,False
CARIDADE,CE,2023,MÉDIO PORTE,50634.2,7697571.16,30920963.279999997,,,,,,,False,False,False
CARIDADE,CE,2024,MÉDIO PORTE,24710.26,9581269.59,30203404.599999998,,,,,,,False,False,False
CARIRIACU,CE,2019,MÉDIO PORTE,3223239.3,13082367.83,31524204.27,,,,,,,False,False,False
CARIRIACU,CE,2020,MÉDIO PORTE,3427178.53,16372179.81,31057802.48,,,,,,,False,False,False
CARIRIACU,CE,2021,MÉDIO PORTE,5297459.62,21002077.3,31523465.259999998,,,,,,,False,False,False
CARIRIACU,CE,2022,MÉDIO PORTE,10681558.07,26347192.91,33405459.97,,,,,,,False,False,False
CARIRIACU,CE,2023,MÉDIO PORTE,9853974.24,41399333.16,36814443.6,,,,,,,False,False,False
CARIRIACU,CE,2024,MÉDIO PORTE,10302569.52,56483710.99,35293273.33,2022-04-26 00:00:00,2021-11-24 00:00:00,2022-12-29 00:00:00,I,,I,False,False,False
CARLINDA,MT,2019,PEQUENO PORTE,2808365.8,21075951.7,33225556.349999998,,,,,,,False,False,False
CARLINDA,MT,2020,PEQUENO PORTE,3125067.85,24702608.79,30113581.509999998,,,,,,,False,False,False
CARLINDA,MT,2021,PEQUENO PORTE,3399380.29,27076172.18,29862452.79,,,,,,,False,False,False
CARLINDA,MT,2022,PEQUENO PORTE,3718419.58,28229619.78,29862452.79,,,,,,,False,False,False
CARLINDA,MT,2023,PEQUENO PORTE,4655169.95,31400309.09,34324237.57,,,,,,,False,False,False
CARLINDA,MT,2024,PEQUENO PORTE,5077156.2,36749427.63,31660645.529999997,,,,,,,False,False,False
CARMESIA,MG,2019,PEQUENO PORTE,1113066.2,11676099.36,31080361.88,,,,,,,False,False,False
CARMESIA,MG,2020,PEQUENO PORTE,1075269.79,12252900.43,30979584.509999998,,,,,,,False,False,False
CARMESIA,MG,2021,PEQUENO PORTE,1045932.82,12405615.23,30525075.369999997,,,,,,,False,False,False
CARMESIA,MG,2022,PEQUENO PORTE,1215736.28,11708555.67,31026272.54,,,,,,,False,False,False
CARMESIA,MG,2023,PEQUENO PORTE,1440042.78,11600157.21,31590381.119999997,,,,,,,False,False,False
CARMESIA,MG,2024,PEQUENO PORTE,1388312.26,12185790.79,30702879.619999997,,,,,,,False,False,False
CARMO,RJ,2019,MÉDIO PORTE,3136484.75,23416072.82,31643696.24,,,,,,,False,False,False
CARMO,RJ,2020,MÉDIO PORTE,3338157.61,27840634.96,30694452.259999998,,,,,,,False,False,False
CARMO,RJ,2021,MÉDIO PORTE,4192205.92,31436359.46,29916576.31,,,,,,,False,False,False
CARMO,RJ,2022,MÉDIO PORTE,5215868.43,34968390.23,30741837.189999998,,,,,,,False,False,False
CARMO,RJ,2023,MÉDIO PORTE,6239063.71,41941037.72,29866165.3,,,,,,,False,False,False
CARMO,RJ,2024,MÉDIO PORTE,7466862.53,52721264.82,31539561.05,2024-09-24 00:00:00,2024-09-23 00:00:00,,,,,False,False,False
CARMO DO CAJURU,MG,2019,PEQUENO PORTE,4637508.59,23522544.3,33710559.839999996,,,,,,,False,False,False
CARMO DO CAJURU,MG,2020,PEQUENO PORTE,5227468.32,27747587.02,31266298.25,,,,,,,False,False,False
CARMO DO CAJURU,MG,2021,PEQUENO PORTE,4447121.41,30227054.07,29173381.91,,,,,,,False,False,False
CARMO DO CAJURU,MG,2022,PEQUENO PORTE,4417837.58,29483424.46,31512218.529999997,,,,,,,False,False,False
CARMO DO CAJURU,MG,2023,PEQUENO PORTE,5434457.52,29845849.18,34414377.61,,,,,,,False,False,False
CARMO DO CAJURU,MG,2024,MÉDIO PORTE,5986779.64,33618285.58,30096172.91,2020-11-04 00:00:00,2020-11-03 00:00:00,2023-10-24 00:00:00,I,,I,False,False,False
CARMO DO PARANAIBA,MG,2019,MÉDIO PORTE,5912894.57,24554828.53,32754893.84,,,,,,,False,False,False
CARMO DO PARANAIBA,MG,2020,MÉDIO PORTE,6575138.65,27496042.66,31607238.7,,,,,,,False,False,False
CARMO DO PARANAIBA,MG,2021,MÉDIO PORTE,7411634.04,30605954.1,30614243.5,,,,,,,False,False,False
CARMO DO PARANAIBA,MG,2022,MÉDIO PORTE,10376387.25,32101020.46,33306772.41,,,,,,,False,False,False
CARMO DO PARANAIBA,MG,2023,MÉDIO PORTE,12774985.72,39022241.54,35192612.879999995,,,,,,,False,False,False
CARMO DO PARANAIBA,MG,2024,MÉDIO PORTE,14083486.33,49463118.79,33477921.82,,,,,,,False,False,False
CARMO DO RIO VERDE,GO,2019,PEQUENO PORTE,2712752.76,106454.95,29869136.919999998,,,,,,,False,False,False
CARMO DO RIO VERDE,GO,2020,PEQUENO PORTE,2760092.13,81029.95,29898358.38,,,,,,,False,False,False
CARMO DO RIO VERDE,GO,2021,PEQUENO PORTE,4296722.65,1132862.69,29997340.619999997,,,,,,,False,False,False
CARMO DO RIO VERDE,GO,2022,PEQUENO PORTE,4925617.61,3282215.27,30341284.119999997,,,,,,,False,False,False
CARMO DO RIO VERDE,GO,2023,PEQUENO PORTE,6477539.3,6062261.46,30782401.32,,,,,,,False,False,False
CARMO DO RIO VERDE,GO,2024,PEQUENO PORTE,5795647.44,10477030.66,30794100.16,,,,,,,False,False,False
CARNAUBEIRA DA PENHA,PE,2019,PEQUENO PORTE,1970689.27,5758299.03,30186069.39,,,,,,,False,False,False
CARNAUBEIRA DA PENHA,PE,2020,PEQUENO PORTE,2029547.77,5073492.74,30013757.88,,,,,,,False,False,False
CARNAUBEIRA DA PENHA,PE,2021,PEQUENO PORTE,2334451.24,3596950.37,29938407.68,,,,,,,False,False,False
CARNAUBEIRA DA PENHA,PE,2022,PEQUENO PORTE,2894950.4,1929501.43,29985159.31,,,,,,,False,False,False
CARNAUBEIRA DA PENHA,PE,2023,PEQUENO PORTE,4826001.68,65704.89,29862452.79,,,,,,,False,False,False
CARNAUBEIRA DA PENHA,PE,2024,PEQUENO PORTE,5230476.69,13485.1,29862452.79,,,,,,,False,False,False
CARPINA,PE,2019,MÉDIO PORTE,14709109.53,1893579.36,30047466.189999998,,,,,,,False,False,False
CARPINA,PE,2020,MÉDIO PORTE,14528456.54,655388.6599999999,29903270.33,,,,,,,False,False,False
CARPINA,PE,2021,MÉDIO PORTE,15874407.67,502576.43,29853812.919999998,,,,,,,False,False,False
CARPINA,PE,2022,MÉDIO PORTE,22084685.43,1856580.66,30018072.9,,,,,,,False,False,False
CARPINA,PE,2023,MÉDIO PORTE,23282705.23,1845569.53,30789154.529999997,,,,,,,False,False,False
CARPINA,PE,2024,MÉDIO PORTE,23171303.93,19799704.25,30572915.61,,,,,,,False,False,False
CARVALHOPOLIS,MG,2019,PEQUENO PORTE,1135410.54,10589039.2,30708279.33,,,,,,,False,False,False
CARVALHOPOLIS,MG,2020,PEQUENO PORTE,1379277.62,11934683.13,31552680.7,,,,,,,False,False,False
CARVALHOPOLIS,MG,2021,PEQUENO PORTE,1517643.86,13134436.18,30085589.25,,,,,,,False,False,False
CARVALHOPOLIS,MG,2022,PEQUENO PORTE,1749424.05,14140834.76,31089327.06,,,,,,,False,False,False
CARVALHOPOLIS,MG,2023,PEQUENO PORTE,1781800.0,15920059.47,32180958.18,,,,,,,False,False,False
CARVALHOPOLIS,MG,2024,PEQUENO PORTE,1945446.12,18276212.27,31752405.189999998,,,,,,,False,False,False
CASCAVEL,CE,2019,MÉDIO PORTE,8450087.17,22535310.29,34900119.2,,,,,,,False,False,False
CASCAVEL,CE,2020,MÉDIO PORTE,6757825.13,25844453.89,32652535.24,,,,,,,False,False,False
CASCAVEL,CE,2021,MÉDIO PORTE,8665097.38,26480889.25,29970239.759999998,,,,,,,False,False,False
CASCAVEL,CE,2022,MÉDIO PORTE,12584171.74,27091591.46,31921924.93,,,,,,,False,False,False
CASCAVEL,CE,2023,MÉDIO PORTE,15268771.07,26913707.53,34972125.98,,,,,,,False,False,False
CASCAVEL,CE,2024,MÉDIO PORTE,18387272.0,39113040.39,30448524.34,,,,,,,False,False,False
CASEIROS,RS,2019,PEQUENO PORTE,1735957.44,20406320.96,32038554.4,,,,,,,False,False,False
CASEIROS,RS,2020,PEQUENO PORTE,1813380.72,23123125.18,31194561.11,,,,,,,False,False,False
CASEIROS,RS,2021,PEQUENO PORTE,1752941.09,25124699.0,30807164.47,,,,,,,False,False,False
CASEIROS,RS,2022,PEQUENO PORTE,1952268.17,26657710.5,32462291.34,,,,,,,False,False,False
CASEIROS,RS,2023,PEQUENO PORTE,2038741.83,29731087.43,33837480.589999996,,,,,,,False,False,False
CASEIROS,RS,2024,PEQUENO PORTE,2824366.51,33906979.04,32753570.68,,,,,,,False,False,False
CASSILANDIA,MS,2019,MÉDIO PORTE,6622035.79,42093132.91999999,34475914.86,,,,,,,False,False,False
CASSILANDIA,MS,2020,MÉDIO PORTE,8273051.41,47104528.89,35058346.01,,,,,,,False,False,False
CASSILANDIA,MS,2021,MÉDIO PORTE,7206265.49,50429022.5,33379368.45,,,,,,,False,False,False
CASSILANDIA,MS,2022,MÉDIO PORTE,10062298.82,53118692.90000001,35182704.72,,,,,,,False,False,False
CASSILANDIA,MS,2023,MÉDIO PORTE,13522791.28,61179904.62,38273180.94,,,,,,,False,False,False
CASSILANDIA,MS,2024,MÉDIO PORTE,21248386.94,70145778.09,31571508.529999997,,,,,,,False,False,False
CASTELANDIA,GO,2019,PEQUENO PORTE,1280262.92,46898.24,29862622.529999997,,,,,,,False,False,False
CASTELANDIA,GO,2020,PEQUENO PORTE,1207827.85,6226.47,29862542.169999998,,,,,,,False,False,False
CASTELANDIA,GO,2021,PEQUENO PORTE,1730641.71,46327.11,29862532.88,,,,,,,False,False,False
CASTELANDIA,GO,2022,PEQUENO PORTE,1767380.96,167392.23,29862817.88,,,,,,,False,False,False
CASTELANDIA,GO,2023,PEQUENO PORTE,2187320.77,34532.21,29862900.8,,,,,,,False,False,False
CASTELANDIA,GO,2024,PEQUENO PORTE,3265857.16,90238.59,29873684.869999997,,,,,,,False,False,False
CASTELO DO PIAUI,PI,2019,PEQUENO PORTE,3371289.15,185996.01,29925432.0,,,,,,,False,False,False
CASTELO DO PIAUI,PI,2020,PEQUENO PORTE,3842307.61,3334728.99,30085186.13,,,,,,,False,False,False
CASTELO DO PIAUI,PI,2021,PEQUENO PORTE,4076665.79,6867991.38,30067788.43,,,,,,,False,False,False
CASTELO DO PIAUI,PI,2022,PEQUENO PORTE,5465230.11,8996980.23,31055671.759999998,,,,,,,False,False,False
CASTELO DO PIAUI,PI,2023,MÉDIO PORTE,5386712.51,12649758.94,31575125.509999998,,,,,,,False,False,False
CASTELO DO PIAUI,PI,2024,MÉDIO PORTE,6813329.93,16001258.13,31537196.849999998,,,,,,,False,False,False
CAXAMBU,MG,2019,MÉDIO PORTE,3796760.7,33193615.89,35002647.08,,,,,,,False,False,False
CAXAMBU,MG,2020,MÉDIO PORTE,4836233.24,38158694.79,31803046.55,,,,,,,False,False,False
CAXAMBU,MG,2021,MÉDIO PORTE,5138658.47,37898655.44000001,30048492.45,,,,,,,False,False,False
CAXAMBU,MG,2022,MÉDIO PORTE,5837073.23,36955904.92,32903151.439999998,,,,,,,False,False,False
CAXAMBU,MG,2023,MÉDIO PORTE,5830889.27,37059365.47,34689595.47,,,,,,,False,False,False
CAXAMBU,MG,2024,MÉDIO PORTE,7391240.52,36143584.42,31857130.47,,,,,,,False,False,False
CAXIAS DO SUL,RS,2019,GRANDE PORTE,263932749.39,420013982.27,91386879.62,,,,,,,False,False,False
CAXIAS DO SUL,RS,2020,GRANDE PORTE,281117563.7,445346555.16,51860118.4,,,,,,,False,False,False
CAXIAS DO SUL,RS,2021,GRANDE PORTE,380994409.21,415081794.12,33165553.57,,,,,,,False,False,False
CAXIAS DO SUL,RS,2022,GRANDE PORTE,427243806.22,423374827.11,53225554.68,,,,,,,False,False,False
CAXIAS DO SUL,RS,2023,GRANDE PORTE,386886340.43,442267177.86,92009386.16,,,,,,,False,False,False
CAXIAS DO SUL,RS,2024,GRANDE PORTE,348695697.74,546388619.96,78565421.33,,,,,,,False,False,False
CAXINGO,PI,2019,PEQUENO PORTE,1607446.86,3539585.19,30186490.24,,,,,,,False,False,False
CAXINGO,PI,2020,PEQUENO PORTE,891094.79,4281483.55,30103063.97,,,,,,,False,False,False
CAXINGO,PI,2021,PEQUENO PORTE,1975979.45,5867215.7,30097921.2,,,,,,,False,False,False
CAXINGO,PI,2022,PEQUENO PORTE,2242238.36,7739566.73,30572101.88,,,,,,,False,False,False
CAXINGO,PI,2023,PEQUENO PORTE,2535666.11,10184051.75,31167692.689999998,,,,,,,False,False,False
CAXINGO,PI,2024,PEQUENO PORTE,2606931.89,13019062.14,30805793.599999998,,,,,,,False,False,False
CEARA,CE,2019,ESTADO/DF,1761459389.06,646587020.01,108090677.56,,,,,,,False,False,False
CEARA,CE,2020,ESTADO/DF,1885330321.27,1016295538.1,95070219.94999999,,,,,,,False,False,False
CEARA,CE,2021,ESTADO/DF,1968840292.26,1252180593.66,52148362.08,,,,,,,False,False,False
CEARA,CE,2022,ESTADO/DF,2512599077.55,1172871541.72,124247239.78,,,,,,,False,False,False
CEARA,CE,2023,ESTADO/DF,2733568061.18,1597089108.37,206569903.14,,,,,,,False,False,False
CEARA,CE,2024,ESTADO/DF,2935886468.33,1742999609.17,214806987.76999998,2024-03-08 00:00:00,2024-02-07 00:00:00,,,,,False,False,False
CEDRO,PE,2019,MÉDIO PORTE,3694132.19,103797.46,29868537.64,,,,,,,False,False,False
CEDRO,PE,2020,MÉDIO PORTE,3938126.04,150770.34,29865816.39,,,,,,,False,False,False
CEDRO,PE,2021,MÉDIO PORTE,4997126.06,18310.01,29863279.439999998,,,,,,,False,False,False
CEDRO,PE,2022,MÉDIO PORTE,5837758.55,99684.11,29870772.439999998,,,,,,,False,False,False
CEDRO,PE,2023,MÉDIO PORTE,5921691.99,148245.57,29878997.939999998,,,,,,,False,False,False
CEDRO,PE,2024,MÉDIO PORTE,6940777.31,160398.69,29882302.48,,,,,,,False,False,False
CERES,GO,2019,MÉDIO PORTE,4387738.68,10914447.02,31349960.669999998,,,,,,,False,False,False
CERES,GO,2020,MÉDIO PORTE,4601519.78,13123390.79,31718565.21,,,,,,,False,False,False
CERES,GO,2021,MÉDIO PORTE,5585694.19,14630641.84,29929983.439999998,,,,,,,False,False,False
CERES,GO,2022,MÉDIO PORTE,7732739.35,14828469.26,30860793.07,,,,,,,False,False,False
CERES,GO,2023,MÉDIO PORTE,11639394.88,16472535.36,32108765.58,,,,,,,False,False,False
CERES,GO,2024,MÉDIO PORTE,13699545.88,24163359.13,31856402.009999998,,,,,,,False,False,False
CERQUEIRA CESAR,SP,2019,MÉDIO PORTE,9266261.27,33327623.54,34995510.629999995,,,,,,,False,False,False
CERQUEIRA CESAR,SP,2020,MÉDIO PORTE,11713371.7,42566564.69000001,30034098.07,,,,,,,False,False,False
CERQUEIRA CESAR,SP,2021,MÉDIO PORTE,11620275.65,48741928.34,28164585.29,,,,,,,False,False,False
CERQUEIRA CESAR,SP,2022,MÉDIO PORTE,13617633.61,55168625.02,33625154.12,,,,,,,False,False,False
CERQUEIRA CESAR,SP,2023,MÉDIO PORTE,16143046.06,63080883.86,39032057.78,,,,,,,False,False,False
CERQUEIRA CESAR,SP,2024,MÉDIO PORTE,17043675.45,78339301.62,38111696.76,2021-04-28 00:00:00,2021-04-28 00:00:00,2023-11-18 00:00:00,I,,I,False,False,False
CERQUILHO,SP,2019,MÉDIO PORTE,10449536.63,127096739.62,43479920.73,,,,,,,False,False,False
CERQUILHO,SP,2020,MÉDIO PORTE,11636865.25,137661112.06,36007329.03,,,,,,,False,False,False
CERQUILHO,SP,2021,MÉDIO PORTE,12323465.0,140953372.17,34492421.53,,,,,,,False,False,False
CERQUILHO,SP,2022,MÉDIO PORTE,14198934.33,143181933.0,37437710.79,,,,,,,False,False,False
CERQUILHO,SP,2023,MÉDIO PORTE,16626402.97,151002511.57,52336889.93,,,,,,,False,False,False
CERQUILHO,SP,2024,MÉDIO PORTE,18281965.21,172778057.12,45624318.31,,,,,,,False,False,False
CERRITO,RS,2019,PEQUENO PORTE,2085672.33,11453833.19,31242951.73,,,,,,,False,False,False
CERRITO,RS,2020,PEQUENO PORTE,2426922.72,13789653.92,31017207.88,,,,,,,False,False,False
CERRITO,RS,2021,PEQUENO PORTE,2439078.48,15055756.68,30452681.2,,,,,,,False,False,False
CERRITO,RS,2022,PEQUENO PORTE,2464287.52,15479214.59,31460778.34,,,,,,,False,False,False
CERRITO,RS,2023,PEQUENO PORTE,2279867.55,17571074.57,32171940.86,,,,,,,False,False,False
CERRITO,RS,2024,PEQUENO PORTE,2472367.82,20308982.86,31468309.09,,,,,,,False,False,False
CERRO AZUL,PR,2019,MÉDIO PORTE,4174449.82,21556216.75,31324068.05,,,,,,,False,False,False
CERRO AZUL,PR,2020,MÉDIO PORTE,4298188.49,23900058.62,31035061.91,,,,,,,False,False,False
CERRO AZUL,PR,2021,MÉDIO PORTE,4576119.33,26875398.49,30090578.509999998,,,,,,,False,False,False
CERRO AZUL,PR,2022,MÉDIO PORTE,4795823.46,28622665.29,32245565.53,,,,,,,False,False,False
CERRO AZUL,PR,2023,PEQUENO PORTE,5333446.17,31571033.12,33754030.89,,,,,,,False,False,False
CERRO AZUL,PR,2024,PEQUENO PORTE,5170811.95,35740710.78,31803290.56,,,,,,,False,False,False
CERRO BRANCO,RS,2019,PEQUENO PORTE,1823822.01,15721660.82,31849569.439999998,,,,,,,False,False,False
CERRO BRANCO,RS,2020,PEQUENO PORTE,2033896.01,19257712.63,30917050.529999997,,,,,,,False,False,False
CERRO BRANCO,RS,2021,PEQUENO PORTE,2548968.38,20987405.85,30687235.56,,,,,,,False,False,False
CERRO BRANCO,RS,2022,PEQUENO PORTE,2947086.81,22457196.04,32264249.98,,,,,,,False,False,False
CERRO BRANCO,RS,2023,PEQUENO PORTE,3315995.0,26183331.08,33378918.439999998,,,,,,,False,False,False
CERRO BRANCO,RS,2024,PEQUENO PORTE,3418904.33,30391149.04,32182353.54,,,,,,,False,False,False
CERRO GRANDE,RS,2019,PEQUENO PORTE,1355182.33,19295727.87,32424539.619999997,,,,,,,False,False,False
CERRO GRANDE,RS,2020,PEQUENO PORTE,1435359.05,22301349.36,31209967.82,,,,,,,False,False,False
CERRO GRANDE,RS,2021,PEQUENO PORTE,1384038.3,24082758.28,30227900.919999998,,,,,,,False,False,False
CERRO GRANDE,RS,2022,PEQUENO PORTE,1730959.64,24918526.18,32124740.36,,,,,,,False,False,False
CERRO GRANDE,RS,2023,PEQUENO PORTE,1851312.88,27646959.2,33659399.31,,,,,,,False,False,False
CERRO GRANDE,RS,2024,PEQUENO PORTE,1558977.66,30054540.37,31715163.81,2022-01-28 00:00:00,2021-12-20 00:00:00,,,,,False,False,False
CHA GRANDE,PE,2019,MÉDIO PORTE,4465224.0,7266.23,29864417.09,,,,,,,False,False,False
CHA GRANDE,PE,2020,MÉDIO PORTE,5361468.03,45198.57,29862758.509999998,,,,,,,False,False,False
CHA GRANDE,PE,2021,MÉDIO PORTE,5782421.93,12326.65,29868549.65,,,,,,,False,False,False
CHA GRANDE,PE,2022,MÉDIO PORTE,7882256.97,285244.78,29876285.8,,,,,,,False,False,False
CHA GRANDE,PE,2023,MÉDIO PORTE,9330184.6,559949.33,29935581.45,,,,,,,False,False,False
CHA GRANDE,PE,2024,MÉDIO PORTE,10730928.32,272024.08,29897192.54,,,,,,,False,False,False
CHAPADA DOS GUIMARAES,MT,2019,PEQUENO PORTE,3551970.1,2157870.16,30082329.59,,,,,,,False,False,False
CHAPADA DOS GUIMARAES,MT,2020,PEQUENO PORTE,3859671.08,2381147.75,29998650.0,,,,,,,False,False,False
CHAPADA DOS GUIMARAES,MT,2021,PEQUENO PORTE,4655467.1,3603451.16,29881492.919999998,,,,,,,False,False,False
CHAPADA DOS GUIMARAES,MT,2022,PEQUENO PORTE,4646209.81,3689613.67,30155943.89,,,,,,,False,False,False
CHAPADA DOS GUIMARAES,MT,2023,PEQUENO PORTE,1696084.2,5122809.95,30540174.349999998,,,,,,,False,False,False
CHAPADA DOS GUIMARAES,MT,2024,PEQUENO PORTE,2182572.88,5972799.32,29976917.83,2022-09-20 00:00:00,2022-07-28 00:00:00,,,,,False,False,False
CHAPADA GAUCHA,MG,2019,PEQUENO PORTE,1623145.75,15189335.3,31794423.65,,,,,,,False,False,False
CHAPADA GAUCHA,MG,2020,PEQUENO PORTE,1975166.12,18281358.14,31112603.11,,,,,,,False,False,False
CHAPADA GAUCHA,MG,2021,PEQUENO PORTE,2106283.75,21063308.61,30232126.27,,,,,,,False,False,False
CHAPADA GAUCHA,MG,2022,PEQUENO PORTE,2919325.66,23148931.37,32164584.71,,,,,,,False,False,False
CHAPADA GAUCHA,MG,2023,PEQUENO PORTE,3187243.87,27412004.48,33604623.58,,,,,,,False,False,False
CHAPADA GAUCHA,MG,2024,PEQUENO PORTE,3390404.11,33213937.66,32417664.86,,,,,,,False,False,False
CHAPADAO DO SUL,MS,2019,MÉDIO PORTE,8863463.68,97988848.52,41985452.62,,,,,,,False,False,False
CHAPADAO DO SUL,MS,2020,MÉDIO PORTE,12462585.62,114238982.76,37599496.28,,,,,,,False,False,False
CHAPADAO DO SUL,MS,2021,MÉDIO PORTE,15889744.09,131107823.93,28129181.169999998,,,,,,,False,False,False
CHAPADAO DO SUL,MS,2022,MÉDIO PORTE,19322376.12,138618373.18,38231190.98,,,,,,,False,False,False
CHAPADAO DO SUL,MS,2023,MÉDIO PORTE,26119969.57,155415396.81,49191759.37,,,,,,,False,False,False
CHAPADAO DO SUL,MS,2024,MÉDIO PORTE,28142345.6,185454335.91,45742409.739999995,,,,,,,False,False,False
CHARQUEADAS,RS,2019,MÉDIO PORTE,3064268.36,52010286.48,39410128.45,,,,,,,False,False,False
CHARQUEADAS,RS,2020,MÉDIO PORTE,3411289.98,55335165.36000001,33931706.65,,,,,,,False,False,False
CHARQUEADAS,RS,2021,MÉDIO PORTE,8906231.74,46996874.40000001,34850579.55,,,,,,,False,False,False
CHARQUEADAS,RS,2022,MÉDIO PORTE,8341522.37,51813346.97000001,33492690.24,,,,,,,False,False,False
CHARQUEADAS,RS,2023,MÉDIO PORTE,6405588.98,56146853.63,37600804.12,,,,,,,False,False,False
CHARQUEADAS,RS,2024,MÉDIO PORTE,7357535.36,69120565.61,32927592.14,,,,,,,False,False,False
CHOPINZINHO,PR,2019,MÉDIO PORTE,6151010.91,8659415.59,31932461.689999998,,,,,,,False,False,False
CHOPINZINHO,PR,2020,MÉDIO PORTE,7221916.86,15416161.34,34006005.7,,,,,,,False,False,False
CHOPINZINHO,PR,2021,MÉDIO PORTE,8035190.85,22772957.5,32888934.79,,,,,,,False,False,False
CHOPINZINHO,PR,2022,MÉDIO PORTE,10011254.46,28531635.56,34402914.79,,,,,,,False,False,False
CHOPINZINHO,PR,2023,MÉDIO PORTE,13322205.52,36382506.63,37178586.11,,,,,,,False,False,False
CHOPINZINHO,PR,2024,MÉDIO PORTE,10571783.38,51324084.83,35420933.25,2021-04-30 00:00:00,2021-04-29 00:00:00,2024-07-17 00:00:00,I,,I,False,False,False
CHOROZINHO,CE,2019,PEQUENO PORTE,3817762.7,13755660.86,31918043.7,,,,,,,False,False,False
CHOROZINHO,CE,2020,PEQUENO PORTE,2025080.88,16230354.23,31676277.49,,,,,,,False,False,False
CHOROZINHO,CE,2021,PEQUENO PORTE,5127013.67,14772535.93,30626577.73,,,,,,,False,False,False
CHOROZINHO,CE,2022,MÉDIO PORTE,6101950.2,14644224.04,31450982.06,,,,,,,False,False,False
CHOROZINHO,CE,2023,PEQUENO PORTE,7721653.08,15669040.16,32277637.43,,,,,,,False,False,False
CHOROZINHO,CE,2024,PEQUENO PORTE,5560377.46,15713844.42,30844462.73,,,,,,,False,False,False
CIANORTE,PR,2019,MÉDIO PORTE,23599876.5,82338899.03999999,40605460.01,,,,,,,False,False,False
CIANORTE,PR,2020,MÉDIO PORTE,26355979.69,99570894.82,35025832.43,,,,,,,False,False,False
CIANORTE,PR,2021,MÉDIO PORTE,27959278.14,114144774.69,28024388.13,,,,,,,False,False,False
CIANORTE,PR,2022,MÉDIO PORTE,32740332.33,118267641.78,39845478.46,,,,,,,False,False,False
CIANORTE,PR,2023,MÉDIO PORTE,43328818.22,139780743.65,49882353.41,,,,,,,False,False,False
CIANORTE,PR,2024,MÉDIO PORTE,46330366.24,175080943.48,42399893.34,2019-10-30 00:00:00,2019-10-23 00:00:00,,,,,False,False,False
CIDADE OCIDENTAL,GO,2019,MÉDIO PORTE,10624821.68,60020807.13,38974084.53,,,,,,,False,False,False
CIDADE OCIDENTAL,GO,2020,MÉDIO PORTE,12778685.61,70379106.62000002,36347248.21,,,,,,,False,False,False
CIDADE OCIDENTAL,GO,2021,MÉDIO PORTE,13821111.12,78303455.9,32722718.59,,,,,,,False,False,False
CIDADE OCIDENTAL,GO,2022,MÉDIO PORTE,17756644.87,83431299.34,36551325.86,,,,,,,False,False,False
CIDADE OCIDENTAL,GO,2023,MÉDIO PORTE,20036574.1,95354211.26,41433076.2,,,,,,,False,False,False
CIDADE OCIDENTAL,GO,2024,MÉDIO PORTE,21848427.47,114325516.68,35703499.96,2024-04-08 00:00:00,2024-03-08 00:00:00,,,,,False,False,False
CIDREIRA,RS,2019,MÉDIO PORTE,6178684.21,55685622.63,36503935.54,,,,,,,False,False,False
CIDREIRA,RS,2020,MÉDIO PORTE,4215124.99,67665055.38,32914221.99,,,,,,,False,False,False
CIDREIRA,RS,2021,MÉDIO PORTE,7156383.59,73978854.30000001,32664300.73,,,,,,,False,False,False
CIDREIRA,RS,2022,MÉDIO PORTE,10183696.71,82167862.03,38126310.56,,,,,,,False,False,False
CIDREIRA,RS,2023,MÉDIO PORTE,10034357.25,100076883.8,41009929.73,,,,,,,False,False,False
CIDREIRA,RS,2024,MÉDIO PORTE,11072862.56,120447885.67,41439223.69,,,,,,,False,False,False
CIRIACO,RS,2019,PEQUENO PORTE,1692847.2,15398702.17,31731254.36,,,,,,,False,False,False
CIRIACO,RS,2020,PEQUENO PORTE,1818435.69,17565947.47,30617725.84,,,,,,,False,False,False
CIRIACO,RS,2021,PEQUENO PORTE,1824651.55,18775335.88,30215246.36,,,,,,,False,False,False
CIRIACO,RS,2022,PEQUENO PORTE,1985536.53,19524744.33,31739391.169999998,,,,,,,False,False,False
CIRIACO,RS,2023,PEQUENO PORTE,2302810.22,21442320.23,32685277.419999998,,,,,,,False,False,False
CIRIACO,RS,2024,PEQUENO PORTE,2609418.67,24365950.61,31812797.4,,,,,,,False,False,False
CLAUDIA,MT,2019,PEQUENO PORTE,2969493.47,25669254.21,29862452.79,,,,,,,False,False,False
CLAUDIA,MT,2020,PEQUENO PORTE,3050817.54,29744447.61,29862452.79,,,,,,,False,False,False
CLAUDIA,MT,2021,PEQUENO PORTE,2918377.59,32242820.89,29862452.79,,,,,,,False,False,False
CLAUDIA,MT,2022,PEQUENO PORTE,3097557.82,33088412.92,29996516.64,,,,,,,False,False,False
CLAUDIA,MT,2023,PEQUENO PORTE,3488895.07,36566189.27,35409500.379999995,,,,,,,False,False,False
CLAUDIA,MT,2024,PEQUENO PORTE,3686520.83,42337331.02,31892255.41,,,,,,,False,False,False
COIMBRA,MG,2019,PEQUENO PORTE,1733773.95,13861226.48,31518778.39,,,,,,,False,False,False
COIMBRA,MG,2020,PEQUENO PORTE,2242430.92,15302028.87,30553968.919999998,,,,,,,False,False,False
COIMBRA,MG,2021,PEQUENO PORTE,2488617.29,16174840.29,30358481.38,,,,,,,False,False,False
COIMBRA,MG,2022,PEQUENO PORTE,2855326.56,16938619.02,31465424.61,,,,,,,False,False,False
COIMBRA,MG,2023,PEQUENO PORTE,2635387.21,18620601.49,32205313.56,,,,,,,False,False,False
COIMBRA,MG,2024,PEQUENO PORTE,2638995.05,20426297.14,31263315.439999998,,,,,,,False,False,False
COLIDER,MT,2019,MÉDIO PORTE,6459408.59,38855166.92,33715505.07,,,,,,,False,False,False
COLIDER,MT,2020,MÉDIO PORTE,6921077.22,43440879.49,33583693.67,,,,,,,False,False,False
COLIDER,MT,2021,MÉDIO PORTE,8872083.84,45752806.75,31995817.86,,,,,,,False,False,False
COLIDER,MT,2022,MÉDIO PORTE,9946126.03,47156134.68,34030614.97,,,,,,,False,False,False
COLIDER,MT,2023,MÉDIO PORTE,11986719.59,51952736.61,37052304.35,,,,,,,False,False,False
COLIDER,MT,2024,MÉDIO PORTE,15390414.51,59456611.71,33622697.22,,,,,,,False,False,False
COLINAS DO TOCANTINS,TO,2019,MÉDIO PORTE,7211805.98,70183529.27,41924399.73,,,,,,,False,False,False
COLINAS DO TOCANTINS,TO,2020,MÉDIO PORTE,7489191.26,84186361.71000001,36798617.19,,,,,,,False,False,False
COLINAS DO TOCANTINS,TO,2021,MÉDIO PORTE,10947271.63,91920659.02,28047682.71,,,,,,,False,False,False
COLINAS DO TOCANTINS,TO,2022,MÉDIO PORTE,12822360.92,97304630.15,33995473.589999996,,,,,,,False,False,False
COLINAS DO TOCANTINS,TO,2023,MÉDIO PORTE,13632887.5,108287963.17,44090585.79,,,,,,,False,False,False
COLINAS DO TOCANTINS,TO,2024,MÉDIO PORTE,16983991.02,125898999.12,36415946.28,,,,,,,False,False,False
COLONIA DO GURGUEIA,PI,2019,PEQUENO PORTE,1937494.71,5725619.78,30577351.83,,,,,,,False,False,False
COLONIA DO GURGUEIA,PI,2020,PEQUENO PORTE,1967653.6,7030468.0,30266745.91,,,,,,,False,False,False
COLONIA DO GURGUEIA,PI,2021,PEQUENO PORTE,2141309.07,8903069.61,30075966.99,,,,,,,False,False,False
COLONIA DO GURGUEIA,PI,2022,PEQUENO PORTE,2216321.76,10040709.96,30938836.46,,,,,,,False,False,False
COLONIA DO GURGUEIA,PI,2023,PEQUENO PORTE,3943681.92,12100757.79,31560140.169999998,,,,,,,False,False,False
COLONIA DO GURGUEIA,PI,2024,PEQUENO PORTE,3502289.35,14918819.21,30861275.41,2022-02-22 00:00:00,2021-12-14 00:00:00,,,,,False,False,False
COLORADO,PR,2019,MÉDIO PORTE,4364122.31,26521704.09,32589430.41,,,,,,,False,False,False
COLORADO,PR,2020,MÉDIO PORTE,4723084.63,27737088.49,31052564.58,,,,,,,False,False,False
COLORADO,PR,2021,MÉDIO PORTE,5891225.89,23435706.82,30108085.82,,,,,,,False,False,False
COLORADO,PR,2022,MÉDIO PORTE,5986381.26,23169749.98,32052169.009999998,,,,,,,False,False,False
COLORADO,PR,2023,MÉDIO PORTE,6895838.12,22070499.6,32543747.759999998,,,,,,,False,False,False
COLORADO,PR,2024,MÉDIO PORTE,5513534.61,21515689.05,31203893.64,,,,,,,False,False,False
COLORADO,RS,2019,PEQUENO PORTE,2709924.48,18983043.83,32602029.02,,,,,,,False,False,False
COLORADO,RS,2020,PEQUENO PORTE,2677803.83,22558728.5,32119581.349999998,,,,,,,False,False,False
COLORADO,RS,2021,PEQUENO PORTE,2575957.28,24006696.08,31127700.119999997,,,,,,,False,False,False
COLORADO,RS,2022,PEQUENO PORTE,2668629.86,24384085.02,32457067.13,,,,,,,False,False,False
COLORADO,RS,2023,PEQUENO PORTE,2173696.74,26133211.62,33846682.629999995,,,,,,,False,False,False
COLORADO,RS,2024,PEQUENO PORTE,2859581.51,28627983.63,31835992.27,,,,,,,False,False,False
COMENDADOR GOMES,MG,2019,PEQUENO PORTE,1209251.95,8955062.77,30736993.63,,,,,,,False,False,False
COMENDADOR GOMES,MG,2020,PEQUENO PORTE,815065.79,10534804.92,30498799.58,,,,,,,False,False,False
COMENDADOR GOMES,MG,2021,PEQUENO PORTE,1485031.15,12169669.95,30078770.029999997,,,,,,,False,False,False
COMENDADOR GOMES,MG,2022,PEQUENO PORTE,1640617.69,13290500.92,30899151.939999998,,,,,,,False,False,False
COMENDADOR GOMES,MG,2023,PEQUENO PORTE,1689754.63,15016907.31,31847973.259999998,,,,,,,False,False,False
COMENDADOR GOMES,MG,2024,PEQUENO PORTE,1761298.56,17423423.76,31020389.05,,,,,,,False,False,False
COMENDADOR LEVY GASPARIAN,RJ,2019,MÉDIO PORTE,3645665.81,14396629.43,32266050.68,,,,,,,False,False,False
COMENDADOR LEVY GASPARIAN,RJ,2020,MÉDIO PORTE,3161023.66,19122514.74,31362972.419999998,,,,,,,False,False,False
COMENDADOR LEVY GASPARIAN,RJ,2021,PEQUENO PORTE,4096179.06,21826375.31,29862452.79,,,,,,,False,False,False
COMENDADOR LEVY GASPARIAN,RJ,2022,PEQUENO PORTE,4748334.76,25183491.87,29862452.79,,,,,,,False,False,False
COMENDADOR LEVY GASPARIAN,RJ,2023,MÉDIO PORTE,6330622.26,29341353.71,29862452.79,,,,,,,False,False,False
COMENDADOR LEVY GASPARIAN,RJ,2024,MÉDIO PORTE,4143481.4,36128748.81,29862452.79,2022-04-28 00:00:00,2022-04-11 00:00:00,,,,,False,False,False
COMODORO,MT,2019,MÉDIO PORTE,8491973.31,32127677.0,36837848.18,,,,,,,False,False,False
COMODORO,MT,2020,MÉDIO PORTE,9427690.52,44053599.6,37336666.95,,,,,,,False,False,False
COMODORO,MT,2021,MÉDIO PORTE,9955693.62,52822447.36000001,32574295.07,,,,,,,False,False,False
COMODORO,MT,2022,MÉDIO PORTE,13000222.45,57460602.96,29862452.79,,,,,,,False,False,False
COMODORO,MT,2023,MÉDIO PORTE,16453660.1,63006533.94,29862452.79,,,,,,,False,False,False
COMODORO,MT,2024,MÉDIO PORTE,11216776.37,79937994.35,34551169.769999996,2022-05-23 00:00:00,2022-05-23 00:00:00,2024-07-31 00:00:00,I,,I,False,False,False
CONCEICAO DA BARRA,ES,2019,MÉDIO PORTE,3698108.11,35998691.61,37655720.19,,,,,,,False,False,False
CONCEICAO DA BARRA,ES,2020,MÉDIO PORTE,3821579.13,41691117.71,41210023.96,,,,,,,False,False,False
CONCEICAO DA BARRA,ES,2021,MÉDIO PORTE,4288572.76,49658283.65000001,31954989.279999997,,,,,,,False,False,False
CONCEICAO DA BARRA,ES,2022,MÉDIO PORTE,5452962.25,45472065.13,35741901.81,,,,,,,False,False,False
CONCEICAO DA BARRA,ES,2023,MÉDIO PORTE,5452176.77,52927565.63,38367685.629999995,,,,,,,False,False,False
CONCEICAO DA BARRA,ES,2024,MÉDIO PORTE,6437348.73,61953464.15,35374496.58,,,,,,,False,False,False
CONCEICAO DAS ALAGOAS,MG,2019,MÉDIO PORTE,6084893.04,11133314.52,31428718.97,,,,,,,False,False,False
CONCEICAO DAS ALAGOAS,MG,2020,MÉDIO PORTE,7106173.24,12996870.76,30806922.06,,,,,,,False,False,False
CONCEICAO DAS ALAGOAS,MG,2021,MÉDIO PORTE,8958817.35,15199074.22,29676379.79,,,,,,,False,False,False
CONCEICAO DAS ALAGOAS,MG,2022,MÉDIO PORTE,13554177.25,18488315.05,31399845.88,,,,,,,False,False,False
CONCEICAO DAS ALAGOAS,MG,2023,MÉDIO PORTE,16872504.99,25401565.19,34034722.5,,,,,,,False,False,False
CONCEICAO DAS ALAGOAS,MG,2024,MÉDIO PORTE,19959804.13,34805358.78,30819382.259999998,,,,,,,False,False,False
CONCEICAO DE MACABU,RJ,2019,MÉDIO PORTE,4748110.04,47691351.7,36400759.79,,,,,,,False,False,False
CONCEICAO DE MACABU,RJ,2020,MÉDIO PORTE,5781198.04,53394991.48,33234303.0,,,,,,,False,False,False
CONCEICAO DE MACABU,RJ,2021,MÉDIO PORTE,7357588.78,57288257.43,30351468.32,,,,,,,False,False,False
CONCEICAO DE MACABU,RJ,2022,MÉDIO PORTE,9173241.43,61093333.86000001,35984928.07,,,,,,,False,False,False
CONCEICAO DE MACABU,RJ,2023,MÉDIO PORTE,11147079.34,68590466.12,40348895.9,,,,,,,False,False,False
CONCEICAO DE MACABU,RJ,2024,MÉDIO PORTE,11796582.59,81155834.01,35214596.64,,,,,,,False,False,False
CONCEICAO DO PARA,MG,2019,PEQUENO PORTE,2013513.95,7932603.31,30586681.46,,,,,,,False,False,False
CONCEICAO DO PARA,MG,2020,PEQUENO PORTE,1405785.11,8897218.35,30413289.3,,,,,,,False,False,False
CONCEICAO DO PARA,MG,2021,PEQUENO PORTE,2998488.37,9960587.49,30062589.13,,,,,,,False,False,False
CONCEICAO DO PARA,MG,2022,PEQUENO PORTE,3562423.63,11129798.46,30852476.66,,,,,,,False,False,False
CONCEICAO DO PARA,MG,2023,PEQUENO PORTE,4086493.95,13269238.59,31722856.7,,,,,,,False,False,False
CONCEICAO DO PARA,MG,2024,PEQUENO PORTE,4410100.25,16048348.78,30596221.72,,,,,,,False,False,False
CONDADO,PE,2019,MÉDIO PORTE,6075396.37,3394853.22,30160396.08,,,,,,,False,False,False
CONDADO,PE,2020,MÉDIO PORTE,6733400.07,2272452.29,29925020.65,,,,,,,False,False,False
CONDADO,PE,2021,MÉDIO PORTE,7522829.71,1951861.38,29891312.41,,,,,,,False,False,False
CONDADO,PE,2022,MÉDIO PORTE,11056540.08,1059838.3,29962863.07,,,,,,,False,False,False
CONDADO,PE,2023,MÉDIO PORTE,11578127.12,1964154.1,30100972.47,,,,,,,False,False,False
CONDADO,PE,2024,MÉDIO PORTE,14702799.55,2636366.95,30170654.47,2022-08-08 00:00:00,2022-07-26 00:00:00,,,,,False,False,False
CONDE,PB,2019,MÉDIO PORTE,4755729.41,4405549.16,30561124.16,,,,,,,False,False,False
CONDE,PB,2020,MÉDIO PORTE,5730614.53,6741341.79,30735485.669999998,,,,,,,False,False,False
CONDE,PB,2021,MÉDIO PORTE,6760033.47,9738801.99,29962948.599999998,,,,,,,False,False,False
CONDE,PB,2022,MÉDIO PORTE,12530795.62,13334642.43,30533447.24,,,,,,,False,False,False
CONDE,PB,2023,MÉDIO PORTE,10387494.12,18192585.88,31387300.25,,,,,,,False,False,False
CONDE,PB,2024,MÉDIO PORTE,10607558.52,24886535.91,29862452.79,2023-08-01 00:00:00,2023-07-18 00:00:00,,,,,False,False,False
CONDOR,RS,2019,PEQUENO PORTE,4048414.73,24367125.41,32777136.39,,,,,,,False,False,False
CONDOR,RS,2020,PEQUENO PORTE,4292078.39,27834018.64,32102091.46,,,,,,,False,False,False
CONDOR,RS,2021,PEQUENO PORTE,4781140.86,30769176.96,29862777.73,,,,,,,False,False,False
CONDOR,RS,2022,PEQUENO PORTE,5835515.95,32565702.42,32227548.83,,,,,,,False,False,False
CONDOR,RS,2023,PEQUENO PORTE,5358409.0,37527226.51,34840027.65,,,,,,,False,False,False
CONDOR,RS,2024,PEQUENO PORTE,4176074.56,41749762.97,32369653.21,,,,,,,False,False,False
CONQUISTA D'OESTE,MT,2019,PEQUENO PORTE,1320914.55,14195461.71,32061455.68,,,,,,,False,False,False
CONQUISTA D'OESTE,MT,2020,PEQUENO PORTE,1484256.39,16842867.82,31024476.79,,,,,,,False,False,False
CONQUISTA D'OESTE,MT,2021,PEQUENO PORTE,1775205.53,18703010.59,29968047.07,,,,,,,False,False,False
CONQUISTA D'OESTE,MT,2022,PEQUENO PORTE,2275951.06,19501531.26,31209744.81,,,,,,,False,False,False
CONQUISTA D'OESTE,MT,2023,PEQUENO PORTE,2615255.32,22082073.92,33230629.95,,,,,,,False,False,False
CONQUISTA D'OESTE,MT,2024,PEQUENO PORTE,3234997.37,26584343.66,31005542.279999997,,,,,,,False,False,False
CONSTANTINA,RS,2019,PEQUENO PORTE,3568237.37,10152643.14,31118229.36,,,,,,,False,False,False
CONSTANTINA,RS,2020,PEQUENO PORTE,4087746.65,12310466.15,30570012.29,,,,,,,False,False,False
CONSTANTINA,RS,2021,PEQUENO PORTE,4291990.23,14146505.89,30353708.49,,,,,,,False,False,False
CONSTANTINA,RS,2022,PEQUENO PORTE,4779622.7,14519599.73,31180198.27,,,,,,,False,False,False
CONSTANTINA,RS,2023,PEQUENO PORTE,5925118.22,15235413.92,31872143.54,,,,,,,False,False,False
CONSTANTINA,RS,2024,PEQUENO PORTE,6900562.02,17026043.28,31306898.68,,,,,,,False,False,False
CONTAGEM,MG,2019,GRANDE PORTE,119193595.96,165601729.28,53575255.61,,,,,,,False,False,False
CONTAGEM,MG,2020,GRANDE PORTE,119140697.71,194194058.18,41788262.85,,,,,,,False,False,False
CONTAGEM,MG,2021,GRANDE PORTE,127334201.02,199097293.78,29695539.0,,,,,,,False,False,False
CONTAGEM,MG,2022,GRANDE PORTE,199023127.36,208921018.84,43860169.489999995,,,,,,,False,False,False
CONTAGEM,MG,2023,GRANDE PORTE,233832960.52,259210201.32,71337060.25,,,,,,,False,False,False
CONTAGEM,MG,2024,GRANDE PORTE,183998773.18,352888826.99,56756891.4,,,,,,,False,False,False
CONTENDA,PR,2019,PEQUENO PORTE,5275333.65,23700686.89,32179070.53,,,,,,,False,False,False
CONTENDA,PR,2020,MÉDIO PORTE,5931444.68,27377246.08,31626620.81,,,,,,,False,False,False
CONTENDA,PR,2021,MÉDIO PORTE,6683824.83,30907624.14,29769629.72,,,,,,,False,False,False
CONTENDA,PR,2022,PEQUENO PORTE,5599171.57,32430396.6,32275050.58,,,,,,,False,False,False
CONTENDA,PR,2023,MÉDIO PORTE,5945938.55,36937599.89,35440929.28,,,,,,,False,False,False
CONTENDA,PR,2024,PEQUENO PORTE,6520980.96,44736211.96,32728495.799999997,,,,,,,False,False,False
CORBELIA,PR,2019,MÉDIO PORTE,4348430.91,32181222.87,34686234.1,,,,,,,False,False,False
CORBELIA,PR,2020,MÉDIO PORTE,4537810.29,37676428.13,38121169.35,,,,,,,False,False,False
CORBELIA,PR,2021,MÉDIO PORTE,5003688.18,42234684.95,32516816.46,,,,,,,False,False,False
CORBELIA,PR,2022,MÉDIO PORTE,9273724.43,44231751.01000001,34623196.79,,,,,,,False,False,False
CORBELIA,PR,2023,MÉDIO PORTE,6962412.25,47336536.43,38761151.21,,,,,,,False,False,False
CORBELIA,PR,2024,MÉDIO PORTE,8251446.2,51179297.75,33289003.669999998,2020-07-31 00:00:00,2020-07-30 00:00:00,,,,,False,False,False
CORDEIRO,RJ,2019,MÉDIO PORTE,6956631.01,3991610.98,30155661.75,,,,,,,False,False,False
CORDEIRO,RJ,2020,MÉDIO PORTE,8271438.87,3056003.99,30028540.3,,,,,,,False,False,False
CORDEIRO,RJ,2021,MÉDIO PORTE,12655134.64,1828285.01,29987494.56,,,,,,,False,False,False
CORDEIRO,RJ,2022,MÉDIO PORTE,26250108.0,6917254.39,28947961.7,,,,,,,False,False,False
CORDEIRO,RJ,2023,MÉDIO PORTE,23127381.5,14195973.3,30925384.689999998,,,,,,,False,False,False
CORDEIRO,RJ,2024,MÉDIO PORTE,14220492.59,18822598.34,31475641.279999997,2025-02-03 00:00:00,2025-01-28 00:00:00,,,,,False,False,False
COROMANDEL,MG,2019,MÉDIO PORTE,4425511.54,14275870.92,31660480.48,,,,,,,False,False,False
COROMANDEL,MG,2020,MÉDIO PORTE,5731863.06,15521894.29,31299855.18,,,,,,,False,False,False
COROMANDEL,MG,2021,MÉDIO PORTE,7712938.81,17260187.49,30853360.68,,,,,,,False,False,False
COROMANDEL,MG,2022,MÉDIO PORTE,8461948.49,18854582.73,31977189.46,,,,,,,False,False,False
COROMANDEL,MG,2023,MÉDIO PORTE,12008919.46,20304021.3,32695642.32,,,,,,,False,False,False
COROMANDEL,MG,2024,MÉDIO PORTE,13973072.16,25438198.04,32735301.939999998,,,,,,,False,False,False
CORONEL BARROS,RS,2019,PEQUENO PORTE,1315208.59,20507064.58,32521017.39,,,,,,,False,False,False
CORONEL BARROS,RS,2020,PEQUENO PORTE,1404792.91,23546590.11,31173324.7,,,,,,,False,False,False
CORONEL BARROS,RS,2021,PEQUENO PORTE,1469679.09,25619992.8,30524412.939999998,,,,,,,False,False,False
CORONEL BARROS,RS,2022,PEQUENO PORTE,1530911.44,26824674.58,32235293.06,,,,,,,False,False,False
CORONEL BARROS,RS,2023,PEQUENO PORTE,1612931.22,29170169.57,33802202.91,,,,,,,False,False,False
CORONEL BARROS,RS,2024,PEQUENO PORTE,2352274.13,33014178.6,32109661.11,,,,,,,False,False,False
CORONEL FABRICIANO,MG,2019,MÉDIO PORTE,11895422.56,41696923.85999999,35168466.23,,,,,,,False,False,False
CORONEL FABRICIANO,MG,2020,MÉDIO PORTE,11690314.29,50682826.09,33725221.12,,,,,,,False,False,False
CORONEL FABRICIANO,MG,2021,MÉDIO PORTE,15384476.41,64043969.28,29766701.439999998,,,,,,,False,False,False
CORONEL FABRICIANO,MG,2022,MÉDIO PORTE,16804344.8,75304705.02000001,36397361.379999995,,,,,,,False,False,False
CORONEL FABRICIANO,MG,2023,MÉDIO PORTE,36847087.94,85704662.79,42684532.36,,,,,,,False,False,False
CORONEL FABRICIANO,MG,2024,MÉDIO PORTE,38861095.2,95316255.23,36375944.379999995,,,,,,,False,False,False
CORONEL JOAO PESSOA,RN,2019,PEQUENO PORTE,1719031.48,161461.5,29864741.86,,,,,,,False,False,False
CORONEL JOAO PESSOA,RN,2020,PEQUENO PORTE,1979526.47,126361.3,29862713.189999998,,,,,,,False,False,False
CORONEL JOAO PESSOA,RN,2021,PEQUENO PORTE,2033091.01,13870.81,29865798.11,,,,,,,False,False,False
CORONEL JOAO PESSOA,RN,2022,PEQUENO PORTE,2649398.31,40704.95,29876967.68,,,,,,,False,False,False
CORONEL JOAO PESSOA,RN,2023,PEQUENO PORTE,3576408.96,345244.92,29911865.09,,,,,,,False,False,False
CORONEL JOAO PESSOA,RN,2024,PEQUENO PORTE,4639309.89,625789.81,29939149.99,,,,,,,False,False,False
CORONEL MACEDO,SP,2019,PEQUENO PORTE,3542061.97,11825252.09,31485650.05,,,,,,,False,False,False
CORONEL MACEDO,SP,2020,PEQUENO PORTE,4449996.92,13693192.42,30211909.2,,,,,,,False,False,False
CORONEL MACEDO,SP,2021,PEQUENO PORTE,5142927.79,14631362.04,30054277.73,,,,,,,False,False,False
CORONEL MACEDO,SP,2022,PEQUENO PORTE,6370970.99,13317441.46,30905329.14,,,,,,,False,False,False
CORONEL MACEDO,SP,2023,PEQUENO PORTE,7830333.12,14756430.16,32239209.99,,,,,,,False,False,False
CORONEL MACEDO,SP,2024,PEQUENO PORTE,5545387.92,17054261.0,31205683.5,,,,,,,False,False,False
CORONEL PILAR,RS,2019,PEQUENO PORTE,989851.13,12509898.06,31672190.349999998,,,,,,,False,False,False
CORONEL PILAR,RS,2020,PEQUENO PORTE,1082261.93,14802571.77,30744982.55,,,,,,,False,False,False
CORONEL PILAR,RS,2021,PEQUENO PORTE,1139933.94,16141720.04,30754189.55,,,,,,,False,False,False
CORONEL PILAR,RS,2022,PEQUENO PORTE,1103993.42,17227898.25,31534421.36,,,,,,,False,False,False
CORONEL PILAR,RS,2023,PEQUENO PORTE,1083667.84,19065940.94,32191285.799999997,,,,,,,False,False,False
CORONEL PILAR,RS,2024,PEQUENO PORTE,1801963.16,21698634.13,31561179.89,,,,,,,False,False,False
CORONEL SAPUCAIA,MS,2019,PEQUENO PORTE,2893870.13,6575102.209999999,30774089.25,,,,,,,False,False,False
CORONEL SAPUCAIA,MS,2020,PEQUENO PORTE,3113085.17,8407604.48,30496113.58,,,,,,,False,False,False
CORONEL SAPUCAIA,MS,2021,PEQUENO PORTE,3425065.69,10716827.82,30178224.22,,,,,,,False,False,False
CORONEL SAPUCAIA,MS,2022,PEQUENO PORTE,4787753.98,13261222.5,30667035.61,,,,,,,False,False,False
CORONEL SAPUCAIA,MS,2023,PEQUENO PORTE,5721899.34,16305750.59,32209790.36,,,,,,,False,False,False
CORONEL SAPUCAIA,MS,2024,PEQUENO PORTE,5994191.44,21779371.47,31410087.439999998,,,,,,,False,False,False
CORREGO DANTA,MG,2019,PEQUENO PORTE,1056633.59,5594738.15,30557435.95,,,,,,,False,False,False
CORREGO DANTA,MG,2020,PEQUENO PORTE,1244351.02,6075891.29,30216196.41,,,,,,,False,False,False
CORREGO DANTA,MG,2021,PEQUENO PORTE,1385984.15,6424384.17,29962273.59,,,,,,,False,False,False
CORREGO DANTA,MG,2022,PEQUENO PORTE,1624515.39,6328440.7,30508832.65,,,,,,,False,False,False
CORREGO DANTA,MG,2023,PEQUENO PORTE,1869347.57,6734127.25,30719018.27,,,,,,,False,False,False
CORREGO DANTA,MG,2024,PEQUENO PORTE,1992233.19,7467916.35,30391434.509999998,,,,,,,False,False,False
CORREGO DO OURO,GO,2019,PEQUENO PORTE,1112549.62,6104057.640000001,30255948.419999998,,,,,,,False,False,False
CORREGO DO OURO,GO,2020,PEQUENO PORTE,1272279.41,6813452.8,30077938.52,,,,,,,False,False,False
CORREGO DO OURO,GO,2021,PEQUENO PORTE,1358771.31,7377186.44,30087900.25,,,,,,,False,False,False
CORREGO DO OURO,GO,2022,PEQUENO PORTE,1511664.08,8028826.37,30795132.599999998,,,,,,,False,False,False
CORREGO DO OURO,GO,2023,PEQUENO PORTE,1871836.26,9128447.79,31041938.68,,,,,,,False,False,False
CORREGO DO OURO,GO,2024,PEQUENO PORTE,2081461.96,10605560.53,30866092.509999998,,,,,,,False,False,False
CORRENTINA,BA,2019,MÉDIO PORTE,4742317.01,19300379.9,31816028.2,,,,,,,False,False,False
CORRENTINA,BA,2020,MÉDIO PORTE,4870020.54,17145217.3,30746928.97,,,,,,,False,False,False
CORRENTINA,BA,2021,MÉDIO PORTE,11945643.8,15156982.17,30230933.13,,,,,,,False,False,False
CORRENTINA,BA,2022,MÉDIO PORTE,23162582.16,16000409.98,31207813.48,,,,,,,False,False,False
CORRENTINA,BA,2023,MÉDIO PORTE,12962999.97,27761889.72,33054578.15,,,,,,,False,False,False
CORRENTINA,BA,2024,MÉDIO PORTE,13514072.13,45291762.35,33696090.47,,,,,,,False,False,False
CORURIPE,AL,2019,MÉDIO PORTE,9480901.54,38321927.2,34216843.8,,,,,,,False,False,False
CORURIPE,AL,2020,MÉDIO PORTE,8273575.03,44837306.55,33009666.43,,,,,,,False,False,False
CORURIPE,AL,2021,MÉDIO PORTE,12065017.55,49960655.64,31972361.02,,,,,,,False,False,False
CORURIPE,AL,2022,MÉDIO PORTE,14919613.9,56514181.54000001,35054270.85,,,,,,,False,False,False
CORURIPE,AL,2023,MÉDIO PORTE,18137520.18,66868486.3,39051959.11,,,,,,,False,False,False
CORURIPE,AL,2024,MÉDIO PORTE,18979143.37,87038954.45,37918813.91,,,,,,,False,False,False
CRAIBAS,AL,2019,MÉDIO PORTE,5542340.63,18561364.14,32212876.98,,,,,,,False,False,False
CRAIBAS,AL,2020,MÉDIO PORTE,5319544.04,21707488.1,32267374.98,,,,,,,False,False,False
CRAIBAS,AL,2021,MÉDIO PORTE,7500192.44,24322585.55,29829356.14,,,,,,,False,False,False
CRAIBAS,AL,2022,MÉDIO PORTE,7669210.36,29677219.88,32649399.759999998,,,,,,,False,False,False
CRAIBAS,AL,2023,MÉDIO PORTE,8853760.56,34564188.77,34626782.06,,,,,,,False,False,False
CRAIBAS,AL,2024,MÉDIO PORTE,9825318.44,41773324.65,32456658.939999998,,,,,,,False,False,False
CRAVINHOS,SP,2019,MÉDIO PORTE,9942724.22,73436360.64,39238051.01,,,,,,,False,False,False
CRAVINHOS,SP,2020,MÉDIO PORTE,10148740.27,87299872.97,34141386.92,,,,,,,False,False,False
CRAVINHOS,SP,2021,MÉDIO PORTE,10961935.52,94819513.16,30815437.23,,,,,,,False,False,False
CRAVINHOS,SP,2022,MÉDIO PORTE,12849560.46,98246751.76,29862452.79,,,,,,,False,False,False
CRAVINHOS,SP,2023,MÉDIO PORTE,14387617.58,112611060.62,31979150.58,,,,,,,False,False,False
CRAVINHOS,SP,2024,MÉDIO PORTE,10492194.18,125327226.71,32135047.33,,,,,,,False,False,False
CRISTAL,RS,2019,PEQUENO PORTE,3127674.2,19588696.22,31787005.009999998,,,,,,,False,False,False
CRISTAL,RS,2020,PEQUENO PORTE,3973758.42,21680919.76,30826135.74,,,,,,,False,False,False
CRISTAL,RS,2021,PEQUENO PORTE,3920452.82,22792269.48,30368393.95,,,,,,,False,False,False
CRISTAL,RS,2022,PEQUENO PORTE,3183954.83,23195524.88,32256279.509999998,,,,,,,False,False,False
CRISTAL,RS,2023,PEQUENO PORTE,2729413.51,25205467.44,32920707.11,,,,,,,False,False,False
CRISTAL,RS,2024,PEQUENO PORTE,3654162.53,27259457.59,32463243.53,,,,,,,False,False,False
CRISTALANDIA DO PIAUI,PI,2019,PEQUENO PORTE,1930397.67,8101125.91,30475354.82,,,,,,,False,False,False
CRISTALANDIA DO PIAUI,PI,2020,PEQUENO PORTE,908758.97,9756768.98,30467926.06,,,,,,,False,False,False
CRISTALANDIA DO PIAUI,PI,2021,PEQUENO PORTE,2163523.54,11304903.32,30010252.91,,,,,,,False,False,False
CRISTALANDIA DO PIAUI,PI,2022,PEQUENO PORTE,2866795.64,13306838.14,31319305.99,,,,,,,False,False,False
CRISTALANDIA DO PIAUI,PI,2023,PEQUENO PORTE,3148915.53,17383677.3,32651844.919999998,,,,,,,False,False,False
CRISTALANDIA DO PIAUI,PI,2024,PEQUENO PORTE,3880975.85,22280084.37,31374112.689999998,2022-02-22 00:00:00,2021-12-14 00:00:00,,,,,False,False,False
CRISTALINA,GO,2019,MÉDIO PORTE,11424029.55,22155101.48,32143026.73,,,,,,,False,False,False
CRISTALINA,GO,2020,MÉDIO PORTE,13677159.95,19949229.3,29862452.79,,,,,,,False,False,False
CRISTALINA,GO,2021,MÉDIO PORTE,16621589.62,21742551.58,30761034.16,,,,,,,False,False,False
CRISTALINA,GO,2022,MÉDIO PORTE,19842931.26,21162015.93,30504976.41,,,,,,,False,False,False
CRISTALINA,GO,2023,MÉDIO PORTE,20680212.74,20535219.25,30237353.65,,,,,,,False,False,False
CRISTALINA,GO,2024,MÉDIO PORTE,17162597.85,15985815.34,30745888.91,,,,,,,False,False,False
CRISTIANOPOLIS,GO,2019,PEQUENO PORTE,1772739.27,1886221.57,30042503.419999998,,,,,,,False,False,False
CRISTIANOPOLIS,GO,2020,PEQUENO PORTE,2210268.45,2745152.75,30119113.029999997,,,,,,,False,False,False
CRISTIANOPOLIS,GO,2021,PEQUENO PORTE,2481781.16,3574539.47,30064333.23,,,,,,,False,False,False
CRISTIANOPOLIS,GO,2022,PEQUENO PORTE,3285107.27,5274594.88,30456493.07,,,,,,,False,False,False
CRISTIANOPOLIS,GO,2023,PEQUENO PORTE,3966979.41,7205289.41,30854401.439999998,,,,,,,False,False,False
CRISTIANOPOLIS,GO,2024,PEQUENO PORTE,4083441.61,10187840.62,30790087.07,,,,,,,False,False,False
CRIXAS,GO,2019,MÉDIO PORTE,6290557.97,6532894.76,30639211.66,,,,,,,False,False,False
CRIXAS,GO,2020,MÉDIO PORTE,5862709.32,8210211.13,30980472.54,,,,,,,False,False,False
CRIXAS,GO,2021,MÉDIO PORTE,8386662.43,10079191.99,29911704.39,,,,,,,False,False,False
CRIXAS,GO,2022,MÉDIO PORTE,11546175.4,14032809.59,30258089.89,,,,,,,False,False,False
CRIXAS,GO,2023,MÉDIO PORTE,7909188.05,19500272.38,29862452.79,,,,,,,False,False,False
CRIXAS,GO,2024,MÉDIO PORTE,6400206.43,24102981.6,31154833.81,,,,,,,False,False,False
CRUZEIRO DA FORTALEZA,MG,2019,PEQUENO PORTE,803403.2,1035452.55,29965040.529999997,,,,,,,False,False,False
CRUZEIRO DA FORTALEZA,MG,2020,PEQUENO PORTE,1040317.5,862567.98,29895560.54,,,,,,,False,False,False
CRUZEIRO DA FORTALEZA,MG,2021,PEQUENO PORTE,1387519.31,565634.02,29880395.58,,,,,,,False,False,False
CRUZEIRO DA FORTALEZA,MG,2022,PEQUENO PORTE,2144722.61,399709.66,29931225.32,,,,,,,False,False,False
CRUZEIRO DA FORTALEZA,MG,2023,PEQUENO PORTE,2305750.11,947579.26,29995518.169999998,,,,,,,False,False,False
CRUZEIRO DA FORTALEZA,MG,2024,PEQUENO PORTE,2695080.86,911911.83,29948142.279999997,,,,,,,False,False,False
CRUZEIRO DO OESTE,PR,2019,MÉDIO PORTE,5064819.86,10579289.98,31231431.119999997,,,,,,,False,False,False
CRUZEIRO DO OESTE,PR,2020,MÉDIO PORTE,5718561.19,11605113.77,30981926.47,,,,,,,False,False,False
CRUZEIRO DO OESTE,PR,2021,MÉDIO PORTE,5940862.81,12280182.56,30700449.99,,,,,,,False,False,False
CRUZEIRO DO OESTE,PR,2022,MÉDIO PORTE,6291974.28,12654265.3,31407525.599999998,,,,,,,False,False,False
CRUZEIRO DO OESTE,PR,2023,MÉDIO PORTE,7161919.91,13745012.37,31975577.439999998,,,,,,,False,False,False
CRUZEIRO DO OESTE,PR,2024,MÉDIO PORTE,6980902.61,16058012.1,30713056.05,,,,,,,False,False,False
CRUZETA,RN,2019,PEQUENO PORTE,2603621.3,4810685.23,30380661.599999998,,,,,,,False,False,False
CRUZETA,RN,2020,PEQUENO PORTE,2178974.53,5220556.84,30108130.4,,,,,,,False,False,False
CRUZETA,RN,2021,PEQUENO PORTE,3389214.64,4428602.77,29932075.919999998,,,,,,,False,False,False
CRUZETA,RN,2022,MÉDIO PORTE,4216361.08,4899887.49,33883493.67,,,,,,,False,False,False
CRUZETA,RN,2023,PEQUENO PORTE,4969392.57,10098795.61,31457293.88,,,,,,,False,False,False
CRUZETA,RN,2024,PEQUENO PORTE,1622849.09,11760814.41,30208437.52,,,,,,,False,False,False
CUJUBIM,RO,2019,PEQUENO PORTE,3059528.05,27594641.3,32150067.5,,,,,,,False,False,False
CUJUBIM,RO,2020,PEQUENO PORTE,3591320.05,32086842.53,31936393.939999998,,,,,,,False,False,False
CUJUBIM,RO,2021,PEQUENO PORTE,4029098.18,37057261.92,30505549.89,,,,,,,False,False,False
CUJUBIM,RO,2022,PEQUENO PORTE,5044760.05,40790542.81,34514171.89,,,,,,,False,False,False
CUJUBIM,RO,2023,PEQUENO PORTE,6080744.65,46051027.94,35729855.12,,,,,,,False,False,False
CUJUBIM,RO,2024,PEQUENO PORTE,6464042.89,54849842.27,33734974.54,2023-10-30 00:00:00,2023-10-25 00:00:00,,,,,False,False,False
CUMARI,GO,2019,PEQUENO PORTE,762904.49,1947294.78,29984255.48,,,,,,,False,False,False
CUMARI,GO,2020,PEQUENO PORTE,774260.04,2091897.08,29927868.43,,,,,,,False,False,False
CUMARI,GO,2021,PEQUENO PORTE,796669.01,2019403.97,29909353.56,,,,,,,False,False,False
CUMARI,GO,2022,PEQUENO PORTE,910197.55,1833071.82,30034960.7,,,,,,,False,False,False
CUMARI,GO,2023,PEQUENO PORTE,975938.09,1529238.43,30021976.009999998,,,,,,,False,False,False
CUMARI,GO,2024,PEQUENO PORTE,2176874.88,1268912.49,30027582.49,,,,,,,False,False,False
CURITIBANOS,SC,2019,MÉDIO PORTE,8763942.24,38512809.43,35920680.1,,,,,,,False,False,False
CURITIBANOS,SC,2020,MÉDIO PORTE,10028432.75,46020502.54000001,32248126.299999997,,,,,,,False,False,False
CURITIBANOS,SC,2021,MÉDIO PORTE,10956530.76,50174621.18,29931585.41,,,,,,,False,False,False
CURITIBANOS,SC,2022,MÉDIO PORTE,11901266.38,52760758.74,32815533.439999998,,,,,,,False,False,False
CURITIBANOS,SC,2023,MÉDIO PORTE,13400780.47,59850742.61,37970551.71,,,,,,,False,False,False
CURITIBANOS,SC,2024,MÉDIO PORTE,13428479.26,72878952.21,31380202.099999998,2022-06-06 00:00:00,2022-06-06 00:00:00,2024-01-12 00:00:00,I,,I,False,False,False
CURIUVA,PR,2019,PEQUENO PORTE,3015730.19,5598925.58,30441474.669999998,,,,,,,False,False,False
CURIUVA,PR,2020,PEQUENO PORTE,3761012.41,5992522.8,30286791.91,,,,,,,False,False,False
CURIUVA,PR,2021,PEQUENO PORTE,5021197.03,6833873.2,30173038.23,,,,,,,False,False,False
CURIUVA,PR,2022,PEQUENO PORTE,6147891.67,8310848.48,30708831.56,,,,,,,False,False,False
CURIUVA,PR,2023,PEQUENO PORTE,6116259.08,10780682.42,31552251.5,,,,,,,False,False,False
CURIUVA,PR,2024,PEQUENO PORTE,7009421.79,15123421.84,30876433.41,,,,,,,False,False,False
CURRALINHOS,PI,2019,PEQUENO PORTE,541940.59,295877.69,29874699.97,,,,,,,False,False,False
CURRALINHOS,PI,2020,PEQUENO PORTE,613829.6,218002.7,29876941.21,,,,,,,False,False,False
CURRALINHOS,PI,2021,PEQUENO PORTE,811636.05,363341.65,29883806.14,,,,,,,False,False,False
CURRALINHOS,PI,2022,PEQUENO PORTE,878431.16,1036689.94,29967057.91,,,,,,,False,False,False
CURRALINHOS,PI,2023,PEQUENO PORTE,994191.17,1448196.24,30040225.49,,,,,,,False,False,False
CURRALINHOS,PI,2024,PEQUENO PORTE,1188702.7,1737740.75,30017875.529999997,,,,,,,False,False,False
CURVELANDIA,MT,2019,PEQUENO PORTE,1205240.61,7225245.350000001,30982182.16,,,,,,,False,False,False
CURVELANDIA,MT,2020,PEQUENO PORTE,1278530.17,9183541.5,30578125.39,,,,,,,False,False,False
CURVELANDIA,MT,2021,PEQUENO PORTE,1438509.63,10678785.9,29774572.2,,,,,,,False,False,False
CURVELANDIA,MT,2022,PEQUENO PORTE,1851982.5,11163217.06,30702745.689999998,,,,,,,False,False,False
CURVELANDIA,MT,2023,PEQUENO PORTE,2486544.8,12643848.5,31855990.22,,,,,,,False,False,False
CURVELANDIA,MT,2024,PEQUENO PORTE,2801730.45,16023428.01,30525715.939999998,,,,,,,False,False,False
CUSTODIA,PE,2019,MÉDIO PORTE,7715122.14,3537150.74,30773123.54,,,,,,,False,False,False
CUSTODIA,PE,2020,MÉDIO PORTE,7972277.2,4835007.84,30917219.259999998,,,,,,,False,False,False
CUSTODIA,PE,2021,MÉDIO PORTE,9799356.08,5739291.100000001,30185950.869999997,,,,,,,False,False,False
CUSTODIA,PE,2022,MÉDIO PORTE,14433671.19,7307989.64,30724112.88,,,,,,,False,False,False
CUSTODIA,PE,2023,MÉDIO PORTE,15224608.29,8565380.88,30764792.77,,,,,,,False,False,False
CUSTODIA,PE,2024,MÉDIO PORTE,15712632.44,11314393.99,31084431.07,,,,,,,False,False,False
DAMIANOPOLIS,GO,2019,PEQUENO PORTE,1242289.79,430488.23,29926956.95,,,,,,,False,False,False
DAMIANOPOLIS,GO,2020,PEQUENO PORTE,1328272.07,876620.4199999999,29928546.65,,,,,,,False,False,False
DAMIANOPOLIS,GO,2021,PEQUENO PORTE,1460943.2,1200041.34,29836317.72,,,,,,,False,False,False
DAMIANOPOLIS,GO,2022,PEQUENO PORTE,1671159.81,1415858.28,29994655.59,,,,,,,False,False,False
DAMIANOPOLIS,GO,2023,PEQUENO PORTE,2317449.71,1821574.75,30109452.36,,,,,,,False,False,False
DAMIANOPOLIS,GO,2024,PEQUENO PORTE,2551961.96,2739341.49,30031879.9,,,,,,,False,False,False
DEMERVAL LOBAO,PI,2019,PEQUENO PORTE,2486597.06,2914278.57,30167526.08,,,,,,,False,False,False
DEMERVAL LOBAO,PI,2020,PEQUENO PORTE,2903608.52,4246406.43,30094112.54,,,,,,,False,False,False
DEMERVAL LOBAO,PI,2021,PEQUENO PORTE,3253812.82,6184109.5,29979584.39,,,,,,,False,False,False
DEMERVAL LOBAO,PI,2022,PEQUENO PORTE,4442653.04,8242637.78,30865215.619999997,,,,,,,False,False,False
DEMERVAL LOBAO,PI,2023,PEQUENO PORTE,5818969.75,12326284.9,31740812.189999998,,,,,,,False,False,False
DEMERVAL LOBAO,PI,2024,PEQUENO PORTE,5767738.19,17980221.22,31190432.22,2022-02-16 00:00:00,2021-12-14 00:00:00,,,,,False,False,False
DESTERRO,PB,2019,PEQUENO PORTE,989581.88,1534780.32,30056703.54,,,,,,,False,False,False
DESTERRO,PB,2020,PEQUENO PORTE,857697.84,1092569.05,29951831.77,,,,,,,False,False,False
DESTERRO,PB,2021,PEQUENO PORTE,1593846.15,1663718.11,29921116.82,,,,,,,False,False,False
DESTERRO,PB,2022,PEQUENO PORTE,2166515.04,1035160.62,29964737.509999998,,,,,,,False,False,False
DESTERRO,PB,2023,PEQUENO PORTE,2652982.83,203191.32,29906955.58,,,,,,,False,False,False
DESTERRO,PB,2024,PEQUENO PORTE,1857602.58,1277964.58,30275255.06,,,,,,,False,False,False
DEZESSEIS DE NOVEMBRO,RS,2019,PEQUENO PORTE,1458628.08,14234163.67,31785296.4,,,,,,,False,False,False
DEZESSEIS DE NOVEMBRO,RS,2020,PEQUENO PORTE,1599883.51,16329193.28,31439243.119999997,,,,,,,False,False,False
DEZESSEIS DE NOVEMBRO,RS,2021,PEQUENO PORTE,1517178.47,17338470.8,30521117.189999998,,,,,,,False,False,False
DEZESSEIS DE NOVEMBRO,RS,2022,PEQUENO PORTE,1712896.64,17322281.78,31461172.68,,,,,,,False,False,False
DEZESSEIS DE NOVEMBRO,RS,2023,PEQUENO PORTE,2202629.04,18648300.64,32177870.439999998,,,,,,,False,False,False
DEZESSEIS DE NOVEMBRO,RS,2024,PEQUENO PORTE,2611035.32,20876525.16,31306097.95,,,,,,,False,False,False
DIAMANTE,PB,2019,PEQUENO PORTE,2418224.23,29061.65,29865875.93,,,,,,,False,False,False
DIAMANTE,PB,2020,PEQUENO PORTE,2165318.69,2375.0,29862452.79,,,,,,,False,False,False
DIAMANTE,PB,2021,PEQUENO PORTE,4157706.22,4182.42,29862240.24,,,,,,,False,False,False
DIAMANTE,PB,2022,PEQUENO PORTE,5515418.1,297808.96,29911690.869999997,,,,,,,False,False,False
DIAMANTE,PB,2023,PEQUENO PORTE,3435899.97,2517509.71,30063349.849999998,,,,,,,False,False,False
DIAMANTE,PB,2024,PEQUENO PORTE,214401.44,1965710.39,29912888.599999998,,,,,,,False,False,False
DIAMANTE DO NORTE,PR,2019,PEQUENO PORTE,1744436.9,7516716.210000001,31350611.96,,,,,,,False,False,False
DIAMANTE DO NORTE,PR,2020,PEQUENO PORTE,1899250.41,6552873.43,30391363.46,,,,,,,False,False,False
DIAMANTE DO NORTE,PR,2021,PEQUENO PORTE,2155525.32,5927559.01,30149967.45,,,,,,,False,False,False
DIAMANTE DO NORTE,PR,2022,PEQUENO PORTE,2577189.89,7693433.31,30705166.099999998,,,,,,,False,False,False
DIAMANTE DO NORTE,PR,2023,PEQUENO PORTE,2650939.42,6292362.33,30592696.3,,,,,,,False,False,False
DIAMANTE DO NORTE,PR,2024,PEQUENO PORTE,2775275.26,7420938.53,30145715.24,,,,,,,False,False,False
DIAMANTINA,MG,2019,MÉDIO PORTE,8050312.56,55690996.45000001,34847030.61,,,,,,,False,False,False
DIAMANTINA,MG,2020,MÉDIO PORTE,9278382.2,61386512.25,32244477.189999998,,,,,,,False,False,False
DIAMANTINA,MG,2021,MÉDIO PORTE,9581968.05,65739311.05,32445267.04,,,,,,,False,False,False
DIAMANTINA,MG,2022,MÉDIO PORTE,12358077.65,67073797.33,36544021.8,,,,,,,False,False,False
DIAMANTINA,MG,2023,MÉDIO PORTE,14907376.05,77198365.66,40008904.2,,,,,,,False,False,False
DIAMANTINA,MG,2024,MÉDIO PORTE,16588351.23,89007866.66,34594831.05,2022-04-28 00:00:00,2022-04-13 00:00:00,,,,,False,False,False
DIVINO,MG,2019,PEQUENO PORTE,3344381.49,10164663.13,30883821.169999998,,,,,,,False,False,False
DIVINO,MG,2020,PEQUENO PORTE,4106639.66,12342860.44,30776723.54,,,,,,,False,False,False
DIVINO,MG,2021,PEQUENO PORTE,4511037.52,15238196.07,29943764.349999998,,,,,,,False,False,False
DIVINO,MG,2022,PEQUENO PORTE,5179842.09,16422900.44,31398037.72,,,,,,,False,False,False
DIVINO,MG,2023,PEQUENO PORTE,5158559.16,20066160.63,31355289.169999998,,,,,,,False,False,False
DIVINO,MG,2024,PEQUENO PORTE,5480488.7,25169374.34,30387939.68,,,,,,,False,False,False
DOIS IRMAOS,RS,2019,MÉDIO PORTE,11443404.2,90855022.75,35848336.92,,,,,,,False,False,False
DOIS IRMAOS,RS,2020,MÉDIO PORTE,12442885.48,99755609.63,33094468.619999997,,,,,,,False,False,False
DOIS IRMAOS,RS,2021,MÉDIO PORTE,11980113.07,106864612.99,33287681.28,,,,,,,False,False,False
DOIS IRMAOS,RS,2022,MÉDIO PORTE,13984952.38,113476859.01,43566289.87,,,,,,,False,False,False
DOIS IRMAOS,RS,2023,MÉDIO PORTE,16315069.28,130093452.21,46977258.92,,,,,,,False,False,False
DOIS IRMAOS,RS,2024,MÉDIO PORTE,19515684.45,150501063.5,45320108.34,,,,,,,False,False,False
DOIS IRMAOS DO BURITI,MS,2019,PEQUENO PORTE,2071206.06,15310477.54,32007895.09,,,,,,,False,False,False
DOIS IRMAOS DO BURITI,MS,2020,PEQUENO PORTE,1602637.94,18739193.31,31100927.88,,,,,,,False,False,False
DOIS IRMAOS DO BURITI,MS,2021,PEQUENO PORTE,3914549.12,21748011.67,30220453.52,,,,,,,False,False,False
DOIS IRMAOS DO BURITI,MS,2022,PEQUENO PORTE,3359244.95,23622639.54,32149970.189999998,,,,,,,False,False,False
DOIS IRMAOS DO BURITI,MS,2023,PEQUENO PORTE,2783568.63,29730492.71,32971517.799999997,,,,,,,False,False,False
DOIS IRMAOS DO BURITI,MS,2024,PEQUENO PORTE,2731525.64,33514597.81,31134061.22,2024-08-29 00:00:00,2024-08-12 00:00:00,,,,,False,False,False
DOIS IRMAOS DO TOCANTINS,TO,2019,PEQUENO PORTE,867831.36,4492825.76,30356063.48,,,,,,,False,False,False
DOIS IRMAOS DO TOCANTINS,TO,2020,PEQUENO PORTE,929889.35,5215628.67,30295825.71,,,,,,,False,False,False
DOIS IRMAOS DO TOCANTINS,TO,2021,PEQUENO PORTE,1223975.22,5744612.36,30256239.34,,,,,,,False,False,False
DOIS IRMAOS DO TOCANTINS,TO,2022,PEQUENO PORTE,1624499.63,6355904.220000002,31154436.25,,,,,,,False,False,False
DOIS IRMAOS DO TOCANTINS,TO,2023,PEQUENO PORTE,1856338.39,7199679.62,30933515.06,,,,,,,False,False,False
DOIS IRMAOS DO TOCANTINS,TO,2024,PEQUENO PORTE,1565396.4,8193947.28,30472131.189999998,,,,,,,False,False,False
DOIS LAJEADOS,RS,2019,PEQUENO PORTE,1802534.27,10031299.4,31141640.32,,,,,,,False,False,False
DOIS LAJEADOS,RS,2020,PEQUENO PORTE,2220864.35,11549641.66,30370637.82,,,,,,,False,False,False
DOIS LAJEADOS,RS,2021,PEQUENO PORTE,2290362.13,12495682.54,30224946.59,,,,,,,False,False,False
DOIS LAJEADOS,RS,2022,PEQUENO PORTE,2600739.08,13316603.15,31090105.25,,,,,,,False,False,False
DOIS LAJEADOS,RS,2023,PEQUENO PORTE,3091319.0,14714372.59,31800173.169999998,,,,,,,False,False,False
DOIS LAJEADOS,RS,2024,PEQUENO PORTE,3871862.07,16846515.38,31345887.33,,,,,,,False,False,False
DOM PEDRITO,RS,2019,MÉDIO PORTE,18577899.51,117377904.37,43532880.71,,,,,,,False,False,False
DOM PEDRITO,RS,2020,MÉDIO PORTE,21356473.56,139016949.67,37979039.62,,,,,,,False,False,False
DOM PEDRITO,RS,2021,MÉDIO PORTE,21099683.92,154542205.72,32898594.869999997,,,,,,,False,False,False
DOM PEDRITO,RS,2022,MÉDIO PORTE,26538586.58,162916476.72,44046541.0,,,,,,,False,False,False
DOM PEDRITO,RS,2023,MÉDIO PORTE,21144261.08,180527003.65,54491679.69,,,,,,,False,False,False
DOM PEDRITO,RS,2024,MÉDIO PORTE,20845677.02,208651585.64,47010584.55,,,,,,,False,False,False
DOM PEDRO DE ALCANTARA,RS,2019,PEQUENO PORTE,903477.54,14822472.06,31947802.56,,,,,,,False,False,False
DOM PEDRO DE ALCANTARA,RS,2020,PEQUENO PORTE,962731.65,17485566.63,30812963.509999998,,,,,,,False,False,False
DOM PEDRO DE ALCANTARA,RS,2021,PEQUENO PORTE,1142694.69,14726097.56,29911571.869999997,,,,,,,False,False,False
DOM PEDRO DE ALCANTARA,RS,2022,PEQUENO PORTE,1602047.8,14913882.53,30310226.79,,,,,,,False,False,False
DOM PEDRO DE ALCANTARA,RS,2023,PEQUENO PORTE,1760227.26,17294313.24,30742616.529999997,,,,,,,False,False,False
DOM PEDRO DE ALCANTARA,RS,2024,PEQUENO PORTE,1009326.04,20313206.48,31290773.369999997,,,,,,,False,False,False
DOMINGOS MARTINS,ES,2019,MÉDIO PORTE,6091505.65,62306453.19,38278044.68,,,,,,,False,False,False
DOMINGOS MARTINS,ES,2020,MÉDIO PORTE,6639854.42,70993199.81,37479798.129999995,,,,,,,False,False,False
DOMINGOS MARTINS,ES,2021,MÉDIO PORTE,6860694.63,76377004.80000001,33963625.49,,,,,,,False,False,False
DOMINGOS MARTINS,ES,2022,MÉDIO PORTE,8709130.71,76511686.05000001,38803954.62,,,,,,,False,False,False
DOMINGOS MARTINS,ES,2023,MÉDIO PORTE,10239160.58,83027077.53,44069218.32,,,,,,,False,False,False
DOMINGOS MARTINS,ES,2024,MÉDIO PORTE,12251338.81,97015684.83,38856789.48,2024-12-17 00:00:00,2024-12-12 00:00:00,,,,,False,False,False
DONA FRANCISCA,RS,2019,PEQUENO PORTE,1252561.6,9753849.180000002,31258705.25,,,,,,,False,False,False
DONA FRANCISCA,RS,2020,PEQUENO PORTE,1546061.53,10561844.45,30223018.349999998,,,,,,,False,False,False
DONA FRANCISCA,RS,2021,PEQUENO PORTE,1768093.34,10521131.32,29967934.419999998,,,,,,,False,False,False
DONA FRANCISCA,RS,2022,PEQUENO PORTE,2877678.93,10363335.72,30932436.46,,,,,,,False,False,False
DONA FRANCISCA,RS,2023,PEQUENO PORTE,2467584.8,11615805.93,31456912.119999997,,,,,,,False,False,False
DONA FRANCISCA,RS,2024,PEQUENO PORTE,2068013.14,13114532.49,30914742.58,,,,,,,False,False,False
DORES DO INDAIA,MG,2019,PEQUENO PORTE,2564708.13,8223972.250000001,30644335.89,,,,,,,False,False,False
DORES DO INDAIA,MG,2020,PEQUENO PORTE,2646432.73,8530328.530000001,30347954.13,,,,,,,False,False,False
DORES DO INDAIA,MG,2021,PEQUENO PORTE,3442712.53,8996860.41,29908807.689999998,,,,,,,False,False,False
DORES DO INDAIA,MG,2022,PEQUENO PORTE,4655597.94,8733835.72,30564494.169999998,,,,,,,False,False,False
DORES DO INDAIA,MG,2023,PEQUENO PORTE,4830536.1,9733659.02,31237169.779999997,,,,,,,False,False,False
DORES DO INDAIA,MG,2024,PEQUENO PORTE,4710336.16,10842989.64,30365882.7,,,,,,,False,False,False
DORES DO RIO PRETO,ES,2019,PEQUENO PORTE,1527177.14,17164903.94,31978415.04,,,,,,,False,False,False
DORES DO RIO PRETO,ES,2020,PEQUENO PORTE,1403592.85,19224608.26,30832132.45,,,,,,,False,False,False
DORES DO RIO PRETO,ES,2021,PEQUENO PORTE,1438275.5,19773309.73,29318963.41,,,,,,,False,False,False
DORES DO RIO PRETO,ES,2022,PEQUENO PORTE,1625441.2,18744572.7,31193057.84,,,,,,,False,False,False
DORES DO RIO PRETO,ES,2023,PEQUENO PORTE,1823409.35,21063360.29,33031779.22,,,,,,,False,False,False
DORES DO RIO PRETO,ES,2024,PEQUENO PORTE,1743400.55,25481364.83,30563177.279999997,,,,,,,False,False,False
DORMENTES,PE,2019,MÉDIO PORTE,1341250.23,21842321.36,32429255.91,,,,,,,False,False,False
DORMENTES,PE,2020,MÉDIO PORTE,1618139.51,22773813.85,31093513.89,,,,,,,False,False,False
DORMENTES,PE,2021,PEQUENO PORTE,4197576.35,22115464.04,30359535.84,,,,,,,False,False,False
DORMENTES,PE,2022,PEQUENO PORTE,5937558.3,25275145.18,31757966.759999998,,,,,,,False,False,False
DORMENTES,PE,2023,PEQUENO PORTE,7898930.6,29997986.05,34253136.31,,,,,,,False,False,False
DORMENTES,PE,2024,PEQUENO PORTE,7635883.79,37501443.31,32374085.34,,,,,,,False,False,False
DOUTOR ULYSSES,PR,2019,PEQUENO PORTE,1178219.31,4756220.890000001,30686621.509999998,,,,,,,False,False,False
DOUTOR ULYSSES,PR,2020,PEQUENO PORTE,1259630.2,6644879.04,30767045.15,,,,,,,False,False,False
DOUTOR ULYSSES,PR,2021,PEQUENO PORTE,1359856.78,6835713.4,30192009.27,,,,,,,False,False,False
DOUTOR ULYSSES,PR,2022,PEQUENO PORTE,1485909.29,8294162.53,30476395.91,,,,,,,False,False,False
DOUTOR ULYSSES,PR,2023,PEQUENO PORTE,1624922.15,9009068.41,30586295.23,,,,,,,False,False,False
DOUTOR ULYSSES,PR,2024,PEQUENO PORTE,1693086.39,48334687.28,30570556.439999998,,,,,,,False,False,False
DOVERLANDIA,GO,2019,PEQUENO PORTE,1649936.45,5365543.08,30348027.89,,,,,,,False,False,False
DOVERLANDIA,GO,2020,PEQUENO PORTE,2961530.17,5646971.25,29981232.04,,,,,,,False,False,False
DOVERLANDIA,GO,2021,PEQUENO PORTE,3111666.86,6976109.75,30015504.369999997,,,,,,,False,False,False
DOVERLANDIA,GO,2022,PEQUENO PORTE,2605079.56,7719243.85,30628970.68,,,,,,,False,False,False
DOVERLANDIA,GO,2023,PEQUENO PORTE,3790735.99,7510827.66,30807956.74,,,,,,,False,False,False
DOVERLANDIA,GO,2024,PEQUENO PORTE,2499572.92,8222418.79,30370601.49,,,,,,,False,False,False
DUAS BARRAS,RJ,2019,MÉDIO PORTE,2645426.4,37398157.54,36865295.99,,,,,,,False,False,False
DUAS BARRAS,RJ,2020,MÉDIO PORTE,2735115.77,44808107.38,30832750.55,,,,,,,False,False,False
DUAS BARRAS,RJ,2021,MÉDIO PORTE,2969540.74,46107171.82,28817439.73,,,,,,,False,False,False
DUAS BARRAS,RJ,2022,MÉDIO PORTE,3893064.18,45222943.35,32014179.419999998,,,,,,,False,False,False
DUAS BARRAS,RJ,2023,MÉDIO PORTE,4240069.71,47189199.91,36861033.83,,,,,,,False,False,False
DUAS BARRAS,RJ,2024,MÉDIO PORTE,4151318.03,55692193.55,31930771.439999998,2022-08-09 00:00:00,2022-07-21 00:00:00,2023-05-30 00:00:00,I,,I,False,False,False
DUQUE DE CAXIAS,RJ,2019,GRANDE PORTE,193620344.54,20430924.42,35381378.11,,,,,,,False,False,False
DUQUE DE CAXIAS,RJ,2020,GRANDE PORTE,189584632.92,52309677.84,31578946.849999998,,,,,,,False,False,False
DUQUE DE CAXIAS,RJ,2021,GRANDE PORTE,184027248.66,66789534.03,32523189.419999998,,,,,,,False,False,False
DUQUE DE CAXIAS,RJ,2022,GRANDE PORTE,184108332.93,102043696.11,37462725.28,,,,,,,False,False,False
DUQUE DE CAXIAS,RJ,2023,GRANDE PORTE,173409725.54,127810793.62,42547964.75,,,,,,,False,False,False
DUQUE DE CAXIAS,RJ,2024,GRANDE PORTE,173501372.18,13455204.34,30853582.419999998,,,,,,,False,False,False
EDEALINA,GO,2019,PEQUENO PORTE,1579617.02,2124969.72,30145935.36,,,,,,,False,False,False
EDEALINA,GO,2020,PEQUENO PORTE,864848.88,2697431.93,30026724.23,,,,,,,False,False,False
EDEALINA,GO,2021,PEQUENO PORTE,2433073.24,1725302.66,29918701.11,,,,,,,False,False,False
EDEALINA,GO,2022,PEQUENO PORTE,3621538.72,1690317.93,30087404.939999998,,,,,,,False,False,False
EDEALINA,GO,2023,PEQUENO PORTE,4339348.58,3184450.06,30269073.31,,,,,,,False,False,False
EDEALINA,GO,2024,PEQUENO PORTE,4729389.81,4928872.68,30295454.97,,,,,,,False,False,False
ELDORADO,MS,2019,PEQUENO PORTE,3061899.44,8014351.48,31078791.61,,,,,,,False,False,False
ELDORADO,MS,2020,PEQUENO PORTE,3060511.43,9551149.51,30850967.52,,,,,,,False,False,False
ELDORADO,MS,2021,PEQUENO PORTE,3429843.05,11029414.32,29993222.7,,,,,,,False,False,False
ELDORADO,MS,2022,PEQUENO PORTE,6717455.18,12680218.08,31091686.08,,,,,,,False,False,False
ELDORADO,MS,2023,PEQUENO PORTE,6824533.14,14089996.0,31864643.49,,,,,,,False,False,False
ELDORADO,MS,2024,PEQUENO PORTE,6708994.15,17404161.55,30885128.8,,,,,,,False,False,False
ELISEU MARTINS,PI,2019,PEQUENO PORTE,1176829.14,1607545.17,29976008.119999997,,,,,,,False,False,False
ELISEU MARTINS,PI,2020,PEQUENO PORTE,604116.41,1952981.98,29977294.56,,,,,,,False,False,False
ELISEU MARTINS,PI,2021,PEQUENO PORTE,1341262.53,2288000.81,29884940.72,,,,,,,False,False,False
ELISEU MARTINS,PI,2022,PEQUENO PORTE,1759114.67,2894114.24,30174878.68,,,,,,,False,False,False
ELISEU MARTINS,PI,2023,PEQUENO PORTE,1431088.31,4105843.77,30475631.919999998,,,,,,,False,False,False
ELISEU MARTINS,PI,2024,PEQUENO PORTE,1945319.44,6245652.56,30369927.869999997,2022-02-16 00:00:00,2021-12-14 00:00:00,,,,,False,False,False
ENCRUZILHADA DO SUL,RS,2019,MÉDIO PORTE,10950837.77,57819288.95,38044058.7,,,,,,,False,False,False
ENCRUZILHADA DO SUL,RS,2020,MÉDIO PORTE,12014231.94,70000868.54,35722896.4,,,,,,,False,False,False
ENCRUZILHADA DO SUL,RS,2021,MÉDIO PORTE,10888939.74,81316713.08,33385937.9,,,,,,,False,False,False
ENCRUZILHADA DO SUL,RS,2022,MÉDIO PORTE,11693089.26,87150764.66000001,35768846.51,,,,,,,False,False,False
ENCRUZILHADA DO SUL,RS,2023,MÉDIO PORTE,11313622.69,94507064.78,42215992.72,,,,,,,False,False,False
ENCRUZILHADA DO SUL,RS,2024,MÉDIO PORTE,8302735.84,107936632.08,35790706.76,,,,,,,False,False,False
ENGENHEIRO CALDAS,MG,2019,PEQUENO PORTE,1319756.63,9606512.69,30903462.55,,,,,,,False,False,False
ENGENHEIRO CALDAS,MG,2020,PEQUENO PORTE,2215650.62,11855915.64,30451594.08,,,,,,,False,False,False
ENGENHEIRO CALDAS,MG,2021,PEQUENO PORTE,2532759.51,13438699.8,30376107.0,,,,,,,False,False,False
ENGENHEIRO CALDAS,MG,2022,PEQUENO PORTE,2928321.53,15988482.27,31168984.369999997,,,,,,,False,False,False
ENGENHEIRO CALDAS,MG,2023,PEQUENO PORTE,3349401.58,18135946.45,32161420.18,,,,,,,False,False,False
ENGENHEIRO CALDAS,MG,2024,PEQUENO PORTE,1645177.25,22541619.06,32035607.7,,,,,,,False,False,False
ENGENHO VELHO,RS,2019,PEQUENO PORTE,1534389.66,14100973.8,31565180.89,,,,,,,False,False,False
ENGENHO VELHO,RS,2020,PEQUENO PORTE,1748267.36,16376865.26,30713143.32,,,,,,,False,False,False
ENGENHO VELHO,RS,2021,PEQUENO PORTE,1676076.33,18504998.46,30177820.31,,,,,,,False,False,False
ENGENHO VELHO,RS,2022,PEQUENO PORTE,1895038.88,19718007.08,31651859.64,,,,,,,False,False,False
ENGENHO VELHO,RS,2023,PEQUENO PORTE,2154895.85,22321140.62,32898219.09,,,,,,,False,False,False
ENGENHO VELHO,RS,2024,PEQUENO PORTE,2274150.41,26366150.36,31595662.55,,,,,,,False,False,False
ENVIRA,AM,2019,PEQUENO PORTE,2196051.67,13111184.63,31054573.31,,,,,,,False,False,False
ENVIRA,AM,2020,PEQUENO PORTE,2228072.47,14490924.38,30262988.75,,,,,,,False,False,False
ENVIRA,AM,2021,PEQUENO PORTE,2690151.16,14541516.04,30238414.05,,,,,,,False,False,False
ENVIRA,AM,2022,PEQUENO PORTE,2798287.28,15534715.26,31366540.86,,,,,,,False,False,False
ENVIRA,AM,2023,PEQUENO PORTE,3587328.26,17010356.53,32024032.099999998,,,,,,,False,False,False
ENVIRA,AM,2024,PEQUENO PORTE,1508720.66,17614819.26,30482235.72,,,,,,,False,False,False
ESCADA,PE,2019,MÉDIO PORTE,18154889.48,6974405.99,30732751.84,,,,,,,False,False,False
ESCADA,PE,2020,MÉDIO PORTE,18542080.24,5420742.7,30407922.07,,,,,,,False,False,False
ESCADA,PE,2021,MÉDIO PORTE,21102322.93,5824156.970000002,29949521.21,,,,,,,False,False,False
ESCADA,PE,2022,MÉDIO PORTE,25709331.1,3804440.35,30163684.029999997,,,,,,,False,False,False
ESCADA,PE,2023,MÉDIO PORTE,29578304.94,3182676.05,30082386.419999998,,,,,,,False,False,False
ESCADA,PE,2024,MÉDIO PORTE,34897662.59,1492707.78,30200797.509999998,,,,,,,False,False,False
ESPERA FELIZ,MG,2019,MÉDIO PORTE,3047104.22,12917145.62,31361600.83,,,,,,,False,False,False
ESPERA FELIZ,MG,2020,MÉDIO PORTE,3218200.0,14859613.16,30803259.64,,,,,,,False,False,False
ESPERA FELIZ,MG,2021,MÉDIO PORTE,3433066.26,16077301.99,30411532.169999998,,,,,,,False,False,False
ESPERA FELIZ,MG,2022,MÉDIO PORTE,6332124.0,16078181.94,31344823.58,,,,,,,False,False,False
ESPERA FELIZ,MG,2023,MÉDIO PORTE,7699008.08,16598976.82,32502196.81,,,,,,,False,False,False
ESPERA FELIZ,MG,2024,MÉDIO PORTE,5057861.49,20687714.4,30983804.24,2023-05-25 00:00:00,2023-04-05 00:00:00,,,,,False,False,False
ESPERANCA,PB,2019,MÉDIO PORTE,9148813.79,432801.94,29880799.47,,,,,,,False,False,False
ESPERANCA,PB,2020,MÉDIO PORTE,11385972.64,497149.46,29877195.34,,,,,,,False,False,False
ESPERANCA,PB,2021,MÉDIO PORTE,14239218.09,1160909.31,29881085.15,,,,,,,False,False,False
ESPERANCA,PB,2022,MÉDIO PORTE,17593032.02,2120035.47,30041332.45,,,,,,,False,False,False
ESPERANCA,PB,2023,MÉDIO PORTE,19049003.98,1921632.05,30015052.3,,,,,,,False,False,False
ESPERANCA,PB,2024,MÉDIO PORTE,17164735.96,2024578.79,29960516.82,,,,,,,False,False,False
ESPERANTINA,PI,2019,MÉDIO PORTE,4847315.46,15191370.88,31095437.599999998,,,,,,,False,False,False
ESPERANTINA,PI,2020,MÉDIO PORTE,6218273.55,16688704.75,30524033.99,,,,,,,False,False,False
ESPERANTINA,PI,2021,MÉDIO PORTE,9012767.37,17831472.84,30585638.65,,,,,,,False,False,False
ESPERANTINA,PI,2022,MÉDIO PORTE,12822130.32,25282332.83,32128281.29,,,,,,,False,False,False
ESPERANTINA,PI,2023,MÉDIO PORTE,13459405.09,31515513.57,32590966.11,,,,,,,False,False,False
ESPERANTINA,PI,2024,MÉDIO PORTE,14068677.25,39495482.95,31332544.4,,,,,,,False,False,False
ESPIGAO DO OESTE,RO,2019,MÉDIO PORTE,5155544.07,56389176.49,38559095.08,,,,,,,False,False,False
ESPIGAO DO OESTE,RO,2020,MÉDIO PORTE,5419296.18,67274914.81,33420227.299999997,,,,,,,False,False,False
ESPIGAO DO OESTE,RO,2021,MÉDIO PORTE,5851291.79,74260376.14,29983040.65,,,,,,,False,False,False
ESPIGAO DO OESTE,RO,2022,MÉDIO PORTE,7191051.75,77312340.03,34050328.37,,,,,,,False,False,False
ESPIGAO DO OESTE,RO,2023,MÉDIO PORTE,7752107.21,85862870.4,42015020.29,,,,,,,False,False,False
ESPIGAO DO OESTE,RO,2024,MÉDIO PORTE,7788608.54,101194973.56,35402298.9,2020-08-10 00:00:00,2020-08-04 00:00:00,2024-03-04 00:00:00,I,,I,False,False,False
ESTANCIA VELHA,RS,2019,MÉDIO PORTE,13672947.41,123948252.2,44139483.92,,,,,,,False,False,False
ESTANCIA VELHA,RS,2020,MÉDIO PORTE,20370155.38,132936671.07,35291995.79,,,,,,,False,False,False
ESTANCIA VELHA,RS,2021,MÉDIO PORTE,22800242.96,135231584.16,29013371.61,,,,,,,False,False,False
ESTANCIA VELHA,RS,2022,MÉDIO PORTE,31080461.92,132157878.12,42836387.05,,,,,,,False,False,False
ESTANCIA VELHA,RS,2023,MÉDIO PORTE,31508457.31,142068788.01,43872013.61,,,,,,,False,False,False
ESTANCIA VELHA,RS,2024,MÉDIO PORTE,32539899.69,158431012.24,45113332.62,2021-03-18 00:00:00,2021-03-18 00:00:00,,,,,False,False,False
ESTRELA D'OESTE,SP,2019,PEQUENO PORTE,2912579.72,2090787.5,30085843.07,,,,,,,False,False,False
ESTRELA D'OESTE,SP,2020,PEQUENO PORTE,3920143.29,1907964.03,29971927.55,,,,,,,False,False,False
ESTRELA D'OESTE,SP,2021,PEQUENO PORTE,3505894.21,1966239.2,29963234.06,,,,,,,False,False,False
ESTRELA D'OESTE,SP,2022,PEQUENO PORTE,4779805.39,2402446.48,30140508.169999998,,,,,,,False,False,False
ESTRELA D'OESTE,SP,2023,PEQUENO PORTE,5846226.76,3745613.12,30245666.89,,,,,,,False,False,False
ESTRELA D'OESTE,SP,2024,PEQUENO PORTE,5069887.1,6938077.83,30412189.119999997,,,,,,,False,False,False
ESTRELA DO INDAIA,MG,2019,PEQUENO PORTE,2260571.87,490.13,29862452.79,,,,,,,False,False,False
ESTRELA DO INDAIA,MG,2020,PEQUENO PORTE,2499769.8,6825.75,29863942.25,,,,,,,False,False,False
ESTRELA DO INDAIA,MG,2021,PEQUENO PORTE,3039428.38,52674.0,29863268.119999997,,,,,,,False,False,False
ESTRELA DO INDAIA,MG,2022,PEQUENO PORTE,3314470.33,512307.33,29909426.529999997,,,,,,,False,False,False
ESTRELA DO INDAIA,MG,2023,PEQUENO PORTE,3466278.39,998164.82,30026010.48,,,,,,,False,False,False
ESTRELA DO INDAIA,MG,2024,PEQUENO PORTE,3743517.92,1192410.74,29834422.529999997,,,,,,,False,False,False
EUGENIO DE CASTRO,RS,2019,PEQUENO PORTE,2543584.98,17498496.19,32864577.099999998,,,,,,,False,False,False
EUGENIO DE CASTRO,RS,2020,PEQUENO PORTE,3136170.19,21601120.48,31092552.349999998,,,,,,,False,False,False
EUGENIO DE CASTRO,RS,2021,PEQUENO PORTE,2888314.46,23909196.59,29398257.099999998,,,,,,,False,False,False
EUGENIO DE CASTRO,RS,2022,PEQUENO PORTE,3138817.08,24247320.85,31654311.08,,,,,,,False,False,False
EUGENIO DE CASTRO,RS,2023,PEQUENO PORTE,3715915.18,26333851.27,33173125.619999997,,,,,,,False,False,False
EUGENIO DE CASTRO,RS,2024,PEQUENO PORTE,4225341.53,30263218.28,30736253.029999997,,,,,,,False,False,False
EUSEBIO,CE,2019,MÉDIO PORTE,14313118.04,129138306.06,44488463.519999996,,,,,,,False,False,False
EUSEBIO,CE,2020,MÉDIO PORTE,9061084.47,150789641.3,37495744.83,,,,,,,False,False,False
EUSEBIO,CE,2021,MÉDIO PORTE,18182612.53,159778565.64,33105641.41,,,,,,,False,False,False
EUSEBIO,CE,2022,MÉDIO PORTE,22029671.19,174409558.53,46665124.230000004,,,,,,,False,False,False
EUSEBIO,CE,2023,MÉDIO PORTE,24983737.33,201514199.05,56896961.980000004,,,,,,,False,False,False
EUSEBIO,CE,2024,MÉDIO PORTE,27690577.88,238959742.55,49095974.92,2020-07-17 00:00:00,2020-05-04 00:00:00,2024-12-30 00:00:00,I,,I,False,False,False
EXU,PE,2019,MÉDIO PORTE,6363355.25,8503144.29,30506870.98,,,,,,,False,False,False
EXU,PE,2020,MÉDIO PORTE,8619880.33,7854214.18,30312611.779999997,,,,,,,False,False,False
EXU,PE,2021,MÉDIO PORTE,9299900.63,9542986.32,30061934.97,,,,,,,False,False,False
EXU,PE,2022,MÉDIO PORTE,12025450.31,12052889.95,31251540.029999997,,,,,,,False,False,False
EXU,PE,2023,MÉDIO PORTE,15072660.26,16162239.17,32025367.38,,,,,,,False,False,False
EXU,PE,2024,MÉDIO PORTE,16012199.33,20881714.32,31730127.0,,,,,,,False,False,False
FAGUNDES VARELA,RS,2019,PEQUENO PORTE,2206294.07,13753457.24,31291282.509999998,,,,,,,False,False,False
FAGUNDES VARELA,RS,2020,PEQUENO PORTE,2899868.28,15826585.72,30434244.439999998,,,,,,,False,False,False
FAGUNDES VARELA,RS,2021,PEQUENO PORTE,2611374.22,17896260.05,30274446.869999997,,,,,,,False,False,False
FAGUNDES VARELA,RS,2022,PEQUENO PORTE,2493184.61,19207800.34,31748528.29,,,,,,,False,False,False
FAGUNDES VARELA,RS,2023,PEQUENO PORTE,2920717.12,21355401.99,32628736.06,,,,,,,False,False,False
FAGUNDES VARELA,RS,2024,PEQUENO PORTE,3145883.16,24048105.86,31851956.689999998,,,,,,,False,False,False
FAINA,GO,2019,PEQUENO PORTE,1819337.99,17314.95,29862650.21,,,,,,,False,False,False
FAINA,GO,2020,PEQUENO PORTE,2205628.9,98693.66,29862452.79,,,,,,,False,False,False
FAINA,GO,2021,PEQUENO PORTE,3549916.54,14096.83,29862452.79,,,,,,,False,False,False
FAINA,GO,2022,PEQUENO PORTE,4783030.91,159103.43,29926524.509999998,,,,,,,False,False,False
FAINA,GO,2023,PEQUENO PORTE,4002122.89,1337271.18,29948844.52,,,,,,,False,False,False
FAINA,GO,2024,PEQUENO PORTE,3423224.75,112748.24,29862484.439999998,,,,,,,False,False,False
FATIMA DO SUL,MS,2019,MÉDIO PORTE,4168370.18,13115068.82,31375701.439999998,,,,,,,False,False,False
FATIMA DO SUL,MS,2020,MÉDIO PORTE,3518007.12,15569677.64,32124424.07,,,,,,,False,False,False
FATIMA DO SUL,MS,2021,MÉDIO PORTE,4832819.9,21275376.39,31168639.07,,,,,,,False,False,False
FATIMA DO SUL,MS,2022,MÉDIO PORTE,5741128.22,25359509.1,32598470.27,,,,,,,False,False,False
FATIMA DO SUL,MS,2023,MÉDIO PORTE,6366560.53,32055926.63,34912608.82,,,,,,,False,False,False
FATIMA DO SUL,MS,2024,MÉDIO PORTE,7507250.07,39812169.3,32659347.189999998,,,,,,,False,False,False
FAXINAL DO SOTURNO,RS,2019,PEQUENO PORTE,2254783.54,20475035.19,33461177.07,,,,,,,False,False,False
FAXINAL DO SOTURNO,RS,2020,PEQUENO PORTE,2274337.98,24020400.25,31061400.98,,,,,,,False,False,False
FAXINAL DO SOTURNO,RS,2021,PEQUENO PORTE,2394985.06,25722761.45,29548330.419999998,,,,,,,False,False,False
FAXINAL DO SOTURNO,RS,2022,PEQUENO PORTE,3116131.36,25228131.05,31082268.72,,,,,,,False,False,False
FAXINAL DO SOTURNO,RS,2023,PEQUENO PORTE,3546041.56,26447201.18,33924145.58,,,,,,,False,False,False
FAXINAL DO SOTURNO,RS,2024,PEQUENO PORTE,4344044.16,30549903.93,30405406.98,,,,,,,False,False,False
FAZENDA NOVA,GO,2019,PEQUENO PORTE,1805015.73,234344.05,29870738.419999998,,,,,,,False,False,False
FAZENDA NOVA,GO,2020,PEQUENO PORTE,2051064.01,203067.98,29868621.849999998,,,,,,,False,False,False
FAZENDA NOVA,GO,2021,PEQUENO PORTE,2034357.67,267157.65,29871590.04,,,,,,,False,False,False
FAZENDA NOVA,GO,2022,PEQUENO PORTE,2089659.24,506988.88,29935255.04,,,,,,,False,False,False
FAZENDA NOVA,GO,2023,PEQUENO PORTE,2387271.43,838168.48,29936408.43,,,,,,,False,False,False
FAZENDA NOVA,GO,2024,PEQUENO PORTE,3447071.3,839507.08,29949831.06,,,,,,,False,False,False
FAZENDA VILANOVA,RS,2019,PEQUENO PORTE,1539472.68,3458983.09,30250480.14,,,,,,,False,False,False
FAZENDA VILANOVA,RS,2020,PEQUENO PORTE,1653458.17,5197144.11,30189223.36,,,,,,,False,False,False
FAZENDA VILANOVA,RS,2021,PEQUENO PORTE,1772767.37,6917992.78,30062129.64,,,,,,,False,False,False
FAZENDA VILANOVA,RS,2022,PEQUENO PORTE,1996804.6,8547542.4,30835220.65,,,,,,,False,False,False
FAZENDA VILANOVA,RS,2023,PEQUENO PORTE,2215443.46,10902911.02,31348867.259999998,,,,,,,False,False,False
FAZENDA VILANOVA,RS,2024,PEQUENO PORTE,2708948.21,13703567.06,31175507.27,,,,,,,False,False,False
FEIRA DE SANTANA,BA,2019,GRANDE PORTE,119735054.72,35826625.98,37882173.57,,,,,,,False,False,False
FEIRA DE SANTANA,BA,2020,GRANDE PORTE,125926895.49,39500694.26000001,35501328.92,,,,,,,False,False,False
FEIRA DE SANTANA,BA,2021,GRANDE PORTE,161109630.49,49324165.91,29742995.81,,,,,,,False,False,False
FEIRA DE SANTANA,BA,2022,GRANDE PORTE,182412693.84,84390400.34,38320020.07,,,,,,,False,False,False
FEIRA DE SANTANA,BA,2023,GRANDE PORTE,151236514.4,129571402.84,50928290.82,,,,,,,False,False,False
FEIRA DE SANTANA,BA,2024,GRANDE PORTE,172310277.35,170780003.64,41270219.79,,,,,,,False,False,False
FEIRA NOVA,PE,2019,PEQUENO PORTE,1967929.97,11809573.79,30989540.05,,,,,,,False,False,False
FEIRA NOVA,PE,2020,PEQUENO PORTE,2231238.43,12561129.06,30323773.81,,,,,,,False,False,False
FEIRA NOVA,PE,2021,PEQUENO PORTE,4608191.97,12513206.52,29675194.07,,,,,,,False,False,False
FEIRA NOVA,PE,2022,PEQUENO PORTE,5369885.66,14049280.26,30976662.72,,,,,,,False,False,False
FEIRA NOVA,PE,2023,PEQUENO PORTE,5749281.67,15263037.86,31980666.82,,,,,,,False,False,False
FEIRA NOVA,PE,2024,PEQUENO PORTE,7656319.52,16921711.68,31529632.49,2023-01-05 00:00:00,2022-12-28 00:00:00,,,,,False,False,False
FELIXLANDIA,MG,2019,PEQUENO PORTE,3389456.53,2113467.86,30095347.27,,,,,,,False,False,False
FELIXLANDIA,MG,2020,PEQUENO PORTE,2972554.45,2130338.55,29931472.47,,,,,,,False,False,False
FELIXLANDIA,MG,2021,PEQUENO PORTE,3182713.44,2596488.0,29955967.779999997,,,,,,,False,False,False
FELIXLANDIA,MG,2022,PEQUENO PORTE,3727126.2,4562786.38,30339739.029999997,,,,,,,False,False,False
FELIXLANDIA,MG,2023,PEQUENO PORTE,4160044.55,5817375.51,30981605.4,,,,,,,False,False,False
FELIXLANDIA,MG,2024,PEQUENO PORTE,4747105.51,7919300.88,30586780.34,,,,,,,False,False,False
FELIZ NATAL,MT,2019,PEQUENO PORTE,3684448.77,15370768.52,30148906.419999998,,,,,,,False,False,False
FELIZ NATAL,MT,2020,PEQUENO PORTE,4289919.63,18302188.46,29862452.79,,,,,,,False,False,False
FELIZ NATAL,MT,2021,MÉDIO PORTE,4784270.35,21491750.41,29862452.79,,,,,,,False,False,False
FELIZ NATAL,MT,2022,PEQUENO PORTE,5824479.14,25521195.11,29642570.919999998,,,,,,,False,False,False
FELIZ NATAL,MT,2023,PEQUENO PORTE,6180136.21,30699820.85,35143063.49,,,,,,,False,False,False
FELIZ NATAL,MT,2024,PEQUENO PORTE,5173269.61,38900715.94,31226296.759999998,,,,,,,False,False,False
FERNANDOPOLIS,SP,2019,MÉDIO PORTE,19199762.26,77244160.35,42928804.56,,,,,,,False,False,False
FERNANDOPOLIS,SP,2020,MÉDIO PORTE,23769313.74,99644553.33,29220905.07,,,,,,,False,False,False
FERNANDOPOLIS,SP,2021,MÉDIO PORTE,26076741.89,110017114.09,30702257.64,,,,,,,False,False,False
FERNANDOPOLIS,SP,2022,MÉDIO PORTE,29444716.98,130525116.11,35279216.36,,,,,,,False,False,False
FERNANDOPOLIS,SP,2023,MÉDIO PORTE,32501697.49,153604310.87,49947242.980000004,,,,,,,False,False,False
FERNANDOPOLIS,SP,2024,MÉDIO PORTE,36249137.38,189996485.72,43086176.05,2020-12-15 00:00:00,2020-12-11 00:00:00,2023-03-08 00:00:00,II,,II,False,False,False
FERNAO,SP,2019,PEQUENO PORTE,1622922.52,16690339.81,31940127.84,,,,,,,False,False,False
FERNAO,SP,2020,PEQUENO PORTE,1632893.36,19660210.93,30581776.58,,,,,,,False,False,False
FERNAO,SP,2021,PEQUENO PORTE,1639936.23,21685167.36,30132895.2,,,,,,,False,False,False
FERNAO,SP,2022,PEQUENO PORTE,1885453.66,23354439.26,31945507.57,,,,,,,False,False,False
FERNAO,SP,2023,PEQUENO PORTE,2115848.42,26939871.4,33112191.47,,,,,,,False,False,False
FERNAO,SP,2024,PEQUENO PORTE,2432487.04,31694278.11,32589858.03,2024-04-17 00:00:00,2023-07-23 00:00:00,,,,,False,False,False
FIGUEIROPOLIS,TO,2019,PEQUENO PORTE,809330.85,921201.88,29948678.68,,,,,,,False,False,False
FIGUEIROPOLIS,TO,2020,PEQUENO PORTE,816243.18,1890339.26,29931885.77,,,,,,,False,False,False
FIGUEIROPOLIS,TO,2021,PEQUENO PORTE,946394.7,2801110.52,29968602.57,,,,,,,False,False,False
FIGUEIROPOLIS,TO,2022,PEQUENO PORTE,1160475.93,3386565.96,30135138.369999997,,,,,,,False,False,False
FIGUEIROPOLIS,TO,2023,PEQUENO PORTE,1425474.83,4031872.82,30366004.32,,,,,,,False,False,False
FIGUEIROPOLIS,TO,2024,PEQUENO PORTE,984370.82,5273807.81,30222633.04,,,,,,,False,False,False
FIGUEIROPOLIS D'OESTE,MT,2019,PEQUENO PORTE,727687.06,166730.31,29918042.56,,,,,,,False,False,False
FIGUEIROPOLIS D'OESTE,MT,2020,PEQUENO PORTE,1216228.53,699637.84,29988503.869999997,,,,,,,False,False,False
FIGUEIROPOLIS D'OESTE,MT,2021,PEQUENO PORTE,1365199.28,1767514.59,29843888.47,,,,,,,False,False,False
FIGUEIROPOLIS D'OESTE,MT,2022,PEQUENO PORTE,1584858.14,2759783.87,30123098.66,,,,,,,False,False,False
FIGUEIROPOLIS D'OESTE,MT,2023,PEQUENO PORTE,1788985.73,4280526.5,30452183.46,,,,,,,False,False,False
FIGUEIROPOLIS D'OESTE,MT,2024,PEQUENO PORTE,2569033.42,6227924.87,30082107.41,,,,,,,False,False,False
FLORES DA CUNHA,RS,2019,MÉDIO PORTE,11882534.11,96316505.89,43493051.22,,,,,,,False,False,False
FLORES DA CUNHA,RS,2020,MÉDIO PORTE,13648839.84,110628460.73,41511624.85,,,,,,,False,False,False
FLORES DA CUNHA,RS,2021,MÉDIO PORTE,14203450.92,117917700.08,34651874.019999996,,,,,,,False,False,False
FLORES DA CUNHA,RS,2022,MÉDIO PORTE,17968508.16,116560522.87,41261936.93,,,,,,,False,False,False
FLORES DA CUNHA,RS,2023,MÉDIO PORTE,22843348.02,127980044.63,45820581.29,,,,,,,False,False,False
FLORES DA CUNHA,RS,2024,MÉDIO PORTE,28637285.81,147972850.25,40781189.5,,,,,,,False,False,False
FLORESTA,PE,2019,MÉDIO PORTE,6200520.88,5893854.65,30234414.05,,,,,,,False,False,False
FLORESTA,PE,2020,MÉDIO PORTE,7653978.76,4311715.61,30022600.5,,,,,,,False,False,False
FLORESTA,PE,2021,MÉDIO PORTE,10059271.27,4580587.8,29953838.84,,,,,,,False,False,False
FLORESTA,PE,2022,MÉDIO PORTE,13315252.96,5971619.51,30417190.259999998,,,,,,,False,False,False
FLORESTA,PE,2023,MÉDIO PORTE,12098397.42,6529353.13,30925596.74,,,,,,,False,False,False
FLORESTA,PE,2024,MÉDIO PORTE,10317241.67,7083672.02,30474336.36,,,,,,,False,False,False
FLORESTA,PR,2019,PEQUENO PORTE,1652091.46,12209251.01,31631793.5,,,,,,,False,False,False
FLORESTA,PR,2020,PEQUENO PORTE,1914676.19,13443449.87,31641164.41,,,,,,,False,False,False
FLORESTA,PR,2021,PEQUENO PORTE,2425080.63,14081797.57,30921915.57,,,,,,,False,False,False
FLORESTA,PR,2022,PEQUENO PORTE,3451543.29,13942176.95,31830126.74,,,,,,,False,False,False
FLORESTA,PR,2023,PEQUENO PORTE,4464431.9,15333762.93,32618500.5,,,,,,,False,False,False
FLORESTA,PR,2024,PEQUENO PORTE,4646596.13,18483272.6,31985104.61,,,,,,,False,False,False
FLORIANO,PI,2019,MÉDIO PORTE,8425152.84,43230365.55,33604059.51,,,,,,,False,False,False
FLORIANO,PI,2020,MÉDIO PORTE,9162239.7,52536666.53,33435909.09,,,,,,,False,False,False
FLORIANO,PI,2021,MÉDIO PORTE,12134122.46,64188611.04000001,31265560.09,,,,,,,False,False,False
FLORIANO,PI,2022,MÉDIO PORTE,17259970.76,77490174.02000001,38174084.43,,,,,,,False,False,False
FLORIANO,PI,2023,MÉDIO PORTE,24398524.06,101252497.46,44375868.29,,,,,,,False,False,False
FLORIANO,PI,2024,MÉDIO PORTE,26697319.37,131733132.44,39460295.25,2022-02-07 00:00:00,2021-12-14 00:00:00,,,,,False,False,False
FLORIANOPOLIS,SC,2019,GRANDE PORTE,137615103.05,19550022.96,31545259.89,,,,,,,False,False,False
FLORIANOPOLIS,SC,2020,GRANDE PORTE,149724983.16,12446137.66,30094267.279999997,,,,,,,False,False,False
FLORIANOPOLIS,SC,2021,GRANDE PORTE,180904414.04,5160558.37,29386475.25,,,,,,,False,False,False
FLORIANOPOLIS,SC,2022,GRANDE PORTE,208360243.27,9977202.9,30184886.61,,,,,,,False,False,False
FLORIANOPOLIS,SC,2023,GRANDE PORTE,242820797.84,15432352.11,30161083.06,,,,,,,False,False,False
FLORIANOPOLIS,SC,2024,GRANDE PORTE,297763084.37,31055818.97,29967271.3,2023-07-18 00:00:00,2023-07-05 00:00:00,2023-12-14 00:00:00,I,,I,False,False,False
FLORIDA,PR,2019,PEQUENO PORTE,1140717.01,12838353.85,31545228.439999998,,,,,,,False,False,False
FLORIDA,PR,2020,PEQUENO PORTE,1327050.44,13959123.45,30784786.4,,,,,,,False,False,False
FLORIDA,PR,2021,PEQUENO PORTE,1648684.13,15557439.23,30121132.11,,,,,,,False,False,False
FLORIDA,PR,2022,PEQUENO PORTE,2113247.83,15196340.78,31268965.99,,,,,,,False,False,False
FLORIDA,PR,2023,PEQUENO PORTE,2898377.24,15808512.96,32024290.939999998,,,,,,,False,False,False
FLORIDA,PR,2024,PEQUENO PORTE,1829075.29,20048290.66,30738879.439999998,,,,,,,False,False,False
FORMIGA,MG,2019,MÉDIO PORTE,13943465.25,102367744.56,41057276.47,,,,,,,False,False,False
FORMIGA,MG,2020,MÉDIO PORTE,14379504.26,114421674.32,37315564.69,,,,,,,False,False,False
FORMIGA,MG,2021,MÉDIO PORTE,18512403.92,121379970.88,31746770.279999997,,,,,,,False,False,False
FORMIGA,MG,2022,MÉDIO PORTE,22580753.73,123688189.56,37223972.87,,,,,,,False,False,False
FORMIGA,MG,2023,MÉDIO PORTE,30179648.07,132253094.01,48863428.19,,,,,,,False,False,False
FORMIGA,MG,2024,MÉDIO PORTE,34163122.66,150062207.11,45206935.82,2020-02-08 00:00:00,2020-01-23 00:00:00,,,,,False,False,False
FORMOSA,GO,2019,MÉDIO PORTE,18974813.51,9349503.02,30010470.369999997,,,,,,,False,False,False
FORMOSA,GO,2020,MÉDIO PORTE,19886717.08,9354573.44,29828846.23,,,,,,,False,False,False
FORMOSA,GO,2021,MÉDIO PORTE,25714002.18,9802550.03,29973347.47,,,,,,,False,False,False
FORMOSA,GO,2022,MÉDIO PORTE,35806593.45,9667511.07,30807238.95,,,,,,,False,False,False
FORMOSA,GO,2023,MÉDIO PORTE,42120987.92,14209464.4,30818394.08,,,,,,,False,False,False
FORMOSA,GO,2024,MÉDIO PORTE,47245624.59,11394315.5,29805826.02,,,,,,,False,False,False
FORMOSO,GO,2019,PEQUENO PORTE,1316462.18,226627.38,29889130.349999998,,,,,,,False,False,False
FORMOSO,GO,2020,PEQUENO PORTE,1067940.95,199415.51,29880915.119999997,,,,,,,False,False,False
FORMOSO,GO,2021,PEQUENO PORTE,1688537.82,441541.01,29853766.06,,,,,,,False,False,False
FORMOSO,GO,2022,PEQUENO PORTE,1973584.79,386663.47,29889774.36,,,,,,,False,False,False
FORMOSO,GO,2023,PEQUENO PORTE,2709958.08,216405.05,29898018.89,,,,,,,False,False,False
FORMOSO,GO,2024,PEQUENO PORTE,3915933.37,396193.38,29862974.77,,,,,,,False,False,False
FORMOSO DO ARAGUAIA,TO,2019,PEQUENO PORTE,3084104.43,570049.93,29864409.32,,,,,,,False,False,False
FORMOSO DO ARAGUAIA,TO,2020,MÉDIO PORTE,2223501.14,407285.0899999999,29863112.46,,,,,,,False,False,False
FORMOSO DO ARAGUAIA,TO,2021,MÉDIO PORTE,6234811.25,90719.05,29871161.509999998,,,,,,,False,False,False
FORMOSO DO ARAGUAIA,TO,2022,MÉDIO PORTE,6353154.86,370567.3399999999,29878572.81,,,,,,,False,False,False
FORMOSO DO ARAGUAIA,TO,2023,MÉDIO PORTE,7004078.17,396767.45,29865252.64,,,,,,,False,False,False
FORMOSO DO ARAGUAIA,TO,2024,MÉDIO PORTE,6900254.03,653871.35,29864793.91,,,,,,,False,False,False
FORQUILHINHA,SC,2019,MÉDIO PORTE,5687474.85,50981611.83,36271952.57,,,,,,,False,False,False
FORQUILHINHA,SC,2020,MÉDIO PORTE,6172435.78,61643106.36000001,33090761.96,,,,,,,False,False,False
FORQUILHINHA,SC,2021,MÉDIO PORTE,6516167.25,69594836.57,30636618.77,,,,,,,False,False,False
FORQUILHINHA,SC,2022,MÉDIO PORTE,7690867.13,74934824.81,35275058.3,,,,,,,False,False,False
FORQUILHINHA,SC,2023,MÉDIO PORTE,10467448.83,85527451.0,42224649.96,,,,,,,False,False,False
FORQUILHINHA,SC,2024,MÉDIO PORTE,12215854.29,105124095.75,35847277.269999996,2022-06-24 00:00:00,2022-06-24 00:00:00,,,,,False,False,False
FORTALEZA DE MINAS,MG,2019,PEQUENO PORTE,1703759.06,23936751.81,32879649.07,,,,,,,False,False,False
FORTALEZA DE MINAS,MG,2020,PEQUENO PORTE,1993846.5,27051516.11,32380276.97,,,,,,,False,False,False
FORTALEZA DE MINAS,MG,2021,PEQUENO PORTE,1704568.71,29011405.19,30523970.2,,,,,,,False,False,False
FORTALEZA DE MINAS,MG,2022,PEQUENO PORTE,1814458.7,29944091.31,33068901.49,,,,,,,False,False,False
FORTALEZA DE MINAS,MG,2023,PEQUENO PORTE,2034448.36,32576919.7,34152995.61,,,,,,,False,False,False
FORTALEZA DE MINAS,MG,2024,PEQUENO PORTE,2236314.21,36599128.69,32455503.5,,,,,,,False,False,False
FORTIM,CE,2019,PEQUENO PORTE,1938165.73,20178132.21,31567656.73,,,,,,,False,False,False
FORTIM,CE,2020,PEQUENO PORTE,1597212.08,21932597.48,30740001.75,,,,,,,False,False,False
FORTIM,CE,2021,MÉDIO PORTE,2503152.32,22560987.97,31044632.7,,,,,,,False,False,False
FORTIM,CE,2022,PEQUENO PORTE,2232929.74,24145746.35,32852094.549999997,,,,,,,False,False,False
FORTIM,CE,2023,PEQUENO PORTE,1946413.79,25939371.34,33868110.8,,,,,,,False,False,False
FORTIM,CE,2024,PEQUENO PORTE,710510.09,27852169.89,30649634.63,,,,,,,False,False,False
FOZ DO IGUACU,PR,2019,GRANDE PORTE,69225494.08,346367764.26,71449526.21000001,,,,,,,False,False,False
FOZ DO IGUACU,PR,2020,GRANDE PORTE,87106736.59,381147930.82,79785940.27,,,,,,,False,False,False
FOZ DO IGUACU,PR,2021,GRANDE PORTE,100308270.02,428322620.04,27423951.439999998,,,,,,,False,False,False
FOZ DO IGUACU,PR,2022,GRANDE PORTE,124813130.82,448702238.03,56756014.69,,,,,,,False,False,False
FOZ DO IGUACU,PR,2023,GRANDE PORTE,158549442.85,484109746.77,102400114.22999999,,,,,,,False,False,False
FOZ DO IGUACU,PR,2024,GRANDE PORTE,194584771.76,542033716.92,47895665.3,2019-07-16 00:00:00,2019-07-10 00:00:00,2020-12-29 00:00:00,II,2023-11-28 00:00:00,II,False,False,False
FOZ DO JORDAO,PR,2019,PEQUENO PORTE,1769591.59,17130197.27,32921655.869999997,,,,,,,False,False,False
FOZ DO JORDAO,PR,2020,PEQUENO PORTE,1473224.6,21404980.95,31299886.099999998,,,,,,,False,False,False
FOZ DO JORDAO,PR,2021,PEQUENO PORTE,1871645.59,23689722.01,29943950.689999998,,,,,,,False,False,False
FOZ DO JORDAO,PR,2022,PEQUENO PORTE,2087065.1,25454039.15,32175291.29,,,,,,,False,False,False
FOZ DO JORDAO,PR,2023,PEQUENO PORTE,2281431.77,29117148.89,33858695.56,,,,,,,False,False,False
FOZ DO JORDAO,PR,2024,PEQUENO PORTE,3128627.14,34378307.55,32684872.28,,,,,,,False,False,False
FRANCISCO SA,MG,2019,MÉDIO PORTE,3284498.0,19027186.08,31654845.97,,,,,,,False,False,False
FRANCISCO SA,MG,2020,MÉDIO PORTE,3547023.82,21729228.07,31475598.599999998,,,,,,,False,False,False
FRANCISCO SA,MG,2021,MÉDIO PORTE,3717710.28,25955155.97,30140821.91,,,,,,,False,False,False
FRANCISCO SA,MG,2022,MÉDIO PORTE,4556360.13,28339172.27,32240519.28,,,,,,,False,False,False
FRANCISCO SA,MG,2023,MÉDIO PORTE,4688103.34,32119712.53,34283026.39,,,,,,,False,False,False
FRANCISCO SA,MG,2024,MÉDIO PORTE,5042346.95,37882981.47,30883922.49,2018-10-31 00:00:00,2018-10-23 00:00:00,2021-11-10 00:00:00,I,,I,False,False,False
FRANCISCO SANTOS,PI,2019,PEQUENO PORTE,1372857.3,5660107.989999999,30421422.36,,,,,,,False,False,False
FRANCISCO SANTOS,PI,2020,PEQUENO PORTE,1715935.81,6500172.0,30187876.55,,,,,,,False,False,False
FRANCISCO SANTOS,PI,2021,PEQUENO PORTE,2078680.18,7644070.1,29936193.15,,,,,,,False,False,False
FRANCISCO SANTOS,PI,2022,PEQUENO PORTE,2983677.99,8399231.030000001,30811181.779999997,,,,,,,False,False,False
FRANCISCO SANTOS,PI,2023,PEQUENO PORTE,3006450.45,10746411.76,31355771.11,,,,,,,False,False,False
FRANCISCO SANTOS,PI,2024,PEQUENO PORTE,3414348.48,12404281.02,30955174.369999997,2021-12-14 00:00:00,2021-12-14 00:00:00,,,,,False,False,False
FREDERICO WESTPHALEN,RS,2019,MÉDIO PORTE,10854331.87,92003179.78,43164064.55,,,,,,,False,False,False
FREDERICO WESTPHALEN,RS,2020,MÉDIO PORTE,11480614.51,108542720.72,35897112.06,,,,,,,False,False,False
FREDERICO WESTPHALEN,RS,2021,MÉDIO PORTE,12034670.8,119893078.52,32430496.4,,,,,,,False,False,False
FREDERICO WESTPHALEN,RS,2022,MÉDIO PORTE,13331004.41,128018422.51,40856989.17,,,,,,,False,False,False
FREDERICO WESTPHALEN,RS,2023,MÉDIO PORTE,14240251.03,141155970.66,49501828.4,,,,,,,False,False,False
FREDERICO WESTPHALEN,RS,2024,MÉDIO PORTE,12368600.04,164792227.42,42557503.9,,,,,,,False,False,False
GARCA,SP,2019,MÉDIO PORTE,12483558.19,137298611.64,47101002.379999995,,,,,,,False,False,False
GARCA,SP,2020,MÉDIO PORTE,10486876.42,153931925.26,33498840.599999998,,,,,,,False,False,False
GARCA,SP,2021,MÉDIO PORTE,14090210.28,152489647.19,28688209.099999998,,,,,,,False,False,False
GARCA,SP,2022,MÉDIO PORTE,15159246.86,147167379.74,37353307.47,,,,,,,False,False,False
GARCA,SP,2023,MÉDIO PORTE,18017685.91,154461723.64,51171823.16,,,,,,,False,False,False
GARCA,SP,2024,MÉDIO PORTE,19732061.79,177773979.35,44093404.82,,,,,,,False,False,False
GARIBALDI,RS,2019,MÉDIO PORTE,12391337.31,123342998.53,48094615.81,,,,,,,False,False,False
GARIBALDI,RS,2020,MÉDIO PORTE,14243568.09,133403377.33,36801524.92,,,,,,,False,False,False
GARIBALDI,RS,2021,MÉDIO PORTE,14434997.41,137554348.09,33947193.089999996,,,,,,,False,False,False
GARIBALDI,RS,2022,MÉDIO PORTE,15247212.21,131100808.85,39945937.95,,,,,,,False,False,False
GARIBALDI,RS,2023,MÉDIO PORTE,22282822.53,128032001.85,45748290.08,,,,,,,False,False,False
GARIBALDI,RS,2024,MÉDIO PORTE,24961797.04,135148063.18,38830562.43,,,,,,,False,False,False
GARRUCHOS,RS,2019,PEQUENO PORTE,1841557.67,32599204.88,32916487.849999998,,,,,,,False,False,False
GARRUCHOS,RS,2020,PEQUENO PORTE,1826575.08,36331618.75,31815197.29,,,,,,,False,False,False
GARRUCHOS,RS,2021,PEQUENO PORTE,1698117.49,38331370.92,30786306.13,,,,,,,False,False,False
GARRUCHOS,RS,2022,PEQUENO PORTE,1810401.05,39408920.65000001,33947490.67,,,,,,,False,False,False
GARRUCHOS,RS,2023,PEQUENO PORTE,1916813.81,43174593.75,35379026.769999996,,,,,,,False,False,False
GARRUCHOS,RS,2024,PEQUENO PORTE,2023791.76,48190292.17,33268048.53,,,,,,,False,False,False
GENERAL CARNEIRO,MT,2019,PEQUENO PORTE,1338537.98,7179375.29,30545893.74,,,,,,,False,False,False
GENERAL CARNEIRO,MT,2020,PEQUENO PORTE,737855.83,8048181.09,30337989.41,,,,,,,False,False,False
GENERAL CARNEIRO,MT,2021,PEQUENO PORTE,1581698.59,7681155.19,29734070.48,,,,,,,False,False,False
GENERAL CARNEIRO,MT,2022,PEQUENO PORTE,1817470.59,7713062.95,30506725.73,,,,,,,False,False,False
GENERAL CARNEIRO,MT,2023,PEQUENO PORTE,2989388.66,9275887.79,31257511.41,,,,,,,False,False,False
GENERAL CARNEIRO,MT,2024,PEQUENO PORTE,3801923.8,11683067.37,30067132.27,,,,,,,False,False,False
GENERAL SALGADO,SP,2019,PEQUENO PORTE,3145334.64,3719671.78,30463461.669999998,,,,,,,False,False,False
GENERAL SALGADO,SP,2020,PEQUENO PORTE,3869748.02,3842813.72,30279920.439999998,,,,,,,False,False,False
GENERAL SALGADO,SP,2021,PEQUENO PORTE,4210319.07,3894943.69,30057941.52,,,,,,,False,False,False
GENERAL SALGADO,SP,2022,PEQUENO PORTE,5362459.75,5282342.42,30124504.22,,,,,,,False,False,False
GENERAL SALGADO,SP,2023,PEQUENO PORTE,4783867.19,5349292.27,30137235.59,,,,,,,False,False,False
GENERAL SALGADO,SP,2024,PEQUENO PORTE,5669713.52,5617803.05,30159405.48,,,,,,,False,False,False
GENERAL SAMPAIO,CE,2019,PEQUENO PORTE,871241.8,6381110.17,30209742.99,,,,,,,False,False,False
GENERAL SAMPAIO,CE,2020,PEQUENO PORTE,919543.67,6500006.220000002,30055542.09,,,,,,,False,False,False
GENERAL SAMPAIO,CE,2021,PEQUENO PORTE,1422897.66,5223077.94,30111675.57,,,,,,,False,False,False
GENERAL SAMPAIO,CE,2022,PEQUENO PORTE,1813339.38,4613132.24,30334768.81,,,,,,,False,False,False
GENERAL SAMPAIO,CE,2023,PEQUENO PORTE,1322702.23,3651602.17,30223927.99,,,,,,,False,False,False
GENERAL SAMPAIO,CE,2024,PEQUENO PORTE,1698342.35,2060429.58,29963539.52,,,,,,,False,False,False
GIRUA,RS,2019,MÉDIO PORTE,9929856.05,27216451.15,32969363.29,,,,,,,False,False,False
GIRUA,RS,2020,MÉDIO PORTE,10886377.49,30953607.57,31121725.369999997,,,,,,,False,False,False
GIRUA,RS,2021,MÉDIO PORTE,10506197.38,34115457.31,30421753.509999998,,,,,,,False,False,False
GIRUA,RS,2022,MÉDIO PORTE,11898173.54,35216807.57,33104991.54,,,,,,,False,False,False
GIRUA,RS,2023,MÉDIO PORTE,13391900.58,39258156.47,35047690.4,,,,,,,False,False,False
GIRUA,RS,2024,MÉDIO PORTE,12474525.77,45052729.02,33091552.56,,,,,,,False,False,False
GLORIA D'OESTE,MT,2019,PEQUENO PORTE,1324604.06,2556217.05,30066797.41,,,,,,,False,False,False
GLORIA D'OESTE,MT,2020,PEQUENO PORTE,1390010.35,3444104.62,30003642.73,,,,,,,False,False,False
GLORIA D'OESTE,MT,2021,PEQUENO PORTE,1390835.83,4524980.2,29846943.2,,,,,,,False,False,False
GLORIA D'OESTE,MT,2022,PEQUENO PORTE,1639190.26,5194263.100000001,30325870.18,,,,,,,False,False,False
GLORIA D'OESTE,MT,2023,PEQUENO PORTE,1711445.12,6506655.93,30906076.99,,,,,,,False,False,False
GLORIA D'OESTE,MT,2024,PEQUENO PORTE,1720655.71,8385211.56,30181705.439999998,2022-10-25 00:00:00,2022-10-20 00:00:00,,,,,False,False,False
GODOY MOREIRA,PR,2019,PEQUENO PORTE,1109475.5,13101753.25,31549272.11,,,,,,,False,False,False
GODOY MOREIRA,PR,2020,PEQUENO PORTE,1339754.41,15169509.46,30683832.08,,,,,,,False,False,False
GODOY MOREIRA,PR,2021,PEQUENO PORTE,1407631.08,16718284.81,29915234.259999998,,,,,,,False,False,False
GODOY MOREIRA,PR,2022,PEQUENO PORTE,1498708.24,17133437.23,31326306.43,,,,,,,False,False,False
GODOY MOREIRA,PR,2023,PEQUENO PORTE,1542465.17,19123334.31,32663877.81,,,,,,,False,False,False
GODOY MOREIRA,PR,2024,PEQUENO PORTE,2073568.7,22505495.38,30983177.07,,,,,,,False,False,False
GOIANDIRA,GO,2019,PEQUENO PORTE,920430.83,4973143.699999999,30153912.8,,,,,,,False,False,False
GOIANDIRA,GO,2020,PEQUENO PORTE,1987726.33,4293123.37,30005571.349999998,,,,,,,False,False,False
GOIANDIRA,GO,2021,PEQUENO PORTE,2635175.05,5578991.41,30011361.99,,,,,,,False,False,False
GOIANDIRA,GO,2022,PEQUENO PORTE,3942760.08,5812702.35,30580919.72,,,,,,,False,False,False
GOIANDIRA,GO,2023,PEQUENO PORTE,3197790.68,7103036.03,30721310.47,,,,,,,False,False,False
GOIANDIRA,GO,2024,PEQUENO PORTE,2643004.9,7159086.84,30401966.89,,,,,,,False,False,False
GOIANESIA,GO,2019,MÉDIO PORTE,12378283.56,32620841.86,33627635.16,,,,,,,False,False,False
GOIANESIA,GO,2020,MÉDIO PORTE,14098099.89,33105151.17,32105622.91,,,,,,,False,False,False
GOIANESIA,GO,2021,MÉDIO PORTE,17697553.69,33348300.71,30640426.22,,,,,,,False,False,False
GOIANESIA,GO,2022,MÉDIO PORTE,23772553.21,28305314.07,32105687.97,,,,,,,False,False,False
GOIANESIA,GO,2023,MÉDIO PORTE,30486284.1,22807704.62,32467473.049999997,,,,,,,False,False,False
GOIANESIA,GO,2024,MÉDIO PORTE,34070563.15,23668966.58,32168246.07,,,,,,,False,False,False
GOIANINHA,RN,2019,MÉDIO PORTE,6979563.07,13904131.58,31013698.97,,,,,,,False,False,False
GOIANINHA,RN,2020,MÉDIO PORTE,6707256.69,17865045.27,30592262.439999998,,,,,,,False,False,False
GOIANINHA,RN,2021,MÉDIO PORTE,8616488.86,22728839.43,30426810.15,,,,,,,False,False,False
GOIANINHA,RN,2022,MÉDIO PORTE,10478310.73,28081782.23,33160315.72,,,,,,,False,False,False
GOIANINHA,RN,2023,MÉDIO PORTE,7841107.62,36442462.6,34883593.53,,,,,,,False,False,False
GOIANINHA,RN,2024,MÉDIO PORTE,7900369.81,43198722.45,33230650.21,,,,,,,False,False,False
GOIANIRA,GO,2019,MÉDIO PORTE,9376934.79,34719245.16,34247719.44,,,,,,,False,False,False
GOIANIRA,GO,2020,MÉDIO PORTE,8155807.43,41602666.42,32233193.939999998,,,,,,,False,False,False
GOIANIRA,GO,2021,MÉDIO PORTE,14530018.1,46545899.23,31122448.689999998,,,,,,,False,False,False
GOIANIRA,GO,2022,MÉDIO PORTE,18878657.25,55380652.01000001,35300039.66,,,,,,,False,False,False
GOIANIRA,GO,2023,MÉDIO PORTE,20967279.09,69794427.44,39364157.56,,,,,,,False,False,False
GOIANIRA,GO,2024,MÉDIO PORTE,23075994.15,92033661.44,37048614.06,,,,,,,False,False,False
GOIAS,GO,2019,ESTADO/DF,2164839506.72,37600686.69,52961921.89,,,,,,,False,False,False
GOIAS,GO,2020,ESTADO/DF,2366520861.49,414847161.07,35624143.03,,,,,,,False,False,False
GOIAS,GO,2021,ESTADO/DF,2463726904.14,1305817037.54,56740195.480000004,,,,,,,False,False,False
GOIAS,GO,2022,ESTADO/DF,2500517045.94,214722532.3,55926208.46,,,,,,,False,False,False
GOIAS,GO,2023,ESTADO/DF,2675683239.9,442677239.39,73146346.92,,,,,,,False,False,False
GOIAS,GO,2024,ESTADO/DF,2963337397.43,799291833.9,102753252.5,,,,,,,False,False,False
GOIATUBA,GO,2019,MÉDIO PORTE,17048836.64,495358.79,29955349.4,,,,,,,False,False,False
GOIATUBA,GO,2020,MÉDIO PORTE,14394113.79,704638.4399999998,29862452.79,,,,,,,False,False,False
GOIATUBA,GO,2021,MÉDIO PORTE,20122495.14,2462914.28,29877380.08,,,,,,,False,False,False
GOIATUBA,GO,2022,MÉDIO PORTE,22191468.31,1597734.79,30563253.05,,,,,,,False,False,False
GOIATUBA,GO,2023,MÉDIO PORTE,22382611.19,329970.26,29948893.98,,,,,,,False,False,False
GOIATUBA,GO,2024,MÉDIO PORTE,28589893.78,392005.36,29992296.939999998,,,,,,,False,False,False
GONCALVES,MG,2019,PEQUENO PORTE,1268060.01,1417809.0,30109884.169999998,,,,,,,False,False,False
GONCALVES,MG,2020,PEQUENO PORTE,1504515.95,2328058.78,30040052.04,,,,,,,False,False,False
GONCALVES,MG,2021,PEQUENO PORTE,1571289.43,3167216.110000001,29899155.759999998,,,,,,,False,False,False
GONCALVES,MG,2022,PEQUENO PORTE,2296517.18,3879407.25,30145042.16,,,,,,,False,False,False
GONCALVES,MG,2023,PEQUENO PORTE,3084912.81,4967003.59,30648055.08,,,,,,,False,False,False
GONCALVES,MG,2024,PEQUENO PORTE,3508816.04,7659956.72,30589839.259999998,2019-01-28 00:00:00,2019-01-24 00:00:00,2023-12-12 00:00:00,I,,I,False,False,False
GOUVELANDIA,GO,2019,PEQUENO PORTE,2008790.44,10700332.77,31045054.52,,,,,,,False,False,False
GOUVELANDIA,GO,2020,PEQUENO PORTE,2463097.77,11338314.6,30749113.939999998,,,,,,,False,False,False
GOUVELANDIA,GO,2021,PEQUENO PORTE,3205634.99,11804049.85,30637270.32,,,,,,,False,False,False
GOUVELANDIA,GO,2022,PEQUENO PORTE,3549824.89,12104141.99,30977053.79,,,,,,,False,False,False
GOUVELANDIA,GO,2023,PEQUENO PORTE,4082106.43,13157197.59,31555777.119999997,,,,,,,False,False,False
GOUVELANDIA,GO,2024,PEQUENO PORTE,5794829.24,14741571.68,31351102.56,,,,,,,False,False,False
GOVERNO DO DISTRITO FEDERAL,DF,2019,ESTADO/DF,2841132458.3,3493722595.17,34124678.26,,,,,,,False,False,False
GOVERNO DO DISTRITO FEDERAL,DF,2020,ESTADO/DF,2908762238.72,3768034939.839999,31379461.58,,,,,,,False,False,False
GOVERNO DO DISTRITO FEDERAL,DF,2021,ESTADO/DF,3828798939.65,3930644628.98,108245452.96000001,,,,,,,False,False,False
GOVERNO DO DISTRITO FEDERAL,DF,2022,ESTADO/DF,4165037992.92,3999518685.18,162990276.45,,,,,,,False,False,False
GOVERNO DO DISTRITO FEDERAL,DF,2023,ESTADO/DF,4404931172.6,4319613615.64,766679612.9699999,,,,,,,False,False,False
GOVERNO DO DISTRITO FEDERAL,DF,2024,ESTADO/DF,4903629691.07,5709984804.82,379431849.99,2019-06-19 00:00:00,2019-06-17 00:00:00,2022-05-10 00:00:00,II,,II,False,False,False
GRAMADO DOS LOUREIROS,RS,2019,PEQUENO PORTE,1250762.33,15802252.07,31612012.7,,,,,,,False,False,False
GRAMADO DOS LOUREIROS,RS,2020,PEQUENO PORTE,1373946.7,18142951.05,31843778.2,,,,,,,False,False,False
GRAMADO DOS LOUREIROS,RS,2021,PEQUENO PORTE,1365809.53,19834564.06,30209258.54,,,,,,,False,False,False
GRAMADO DOS LOUREIROS,RS,2022,PEQUENO PORTE,1591134.55,20424350.85,31460205.3,,,,,,,False,False,False
GRAMADO DOS LOUREIROS,RS,2023,PEQUENO PORTE,2690926.35,22753249.91,32869743.14,,,,,,,False,False,False
GRAMADO DOS LOUREIROS,RS,2024,PEQUENO PORTE,2471599.82,26165334.92,31968420.23,,,,,,,False,False,False
GRAMADO XAVIER,RS,2019,PEQUENO PORTE,1726739.67,8362946.949999999,30686209.29,,,,,,,False,False,False
GRAMADO XAVIER,RS,2020,PEQUENO PORTE,1842455.83,10690643.21,30465358.439999998,,,,,,,False,False,False
GRAMADO XAVIER,RS,2021,PEQUENO PORTE,2002496.37,12763995.25,30148427.59,,,,,,,False,False,False
GRAMADO XAVIER,RS,2022,PEQUENO PORTE,1982598.62,14570726.56,31279404.15,,,,,,,False,False,False
GRAMADO XAVIER,RS,2023,PEQUENO PORTE,2171592.2,17216043.64,32260582.68,,,,,,,False,False,False
GRAMADO XAVIER,RS,2024,PEQUENO PORTE,2103402.36,20917175.0,30818765.09,,,,,,,False,False,False
GRANITO,PE,2019,PEQUENO PORTE,1699530.12,8513963.61,30395133.79,,,,,,,False,False,False
GRANITO,PE,2020,PEQUENO PORTE,973654.94,8109340.28,30127316.83,,,,,,,False,False,False
GRANITO,PE,2021,PEQUENO PORTE,2949924.43,6483743.9,29930411.4,,,,,,,False,False,False
GRANITO,PE,2022,PEQUENO PORTE,3514079.51,5774562.56,30174276.54,,,,,,,False,False,False
GRANITO,PE,2023,PEQUENO PORTE,3686501.95,4708950.18,30462644.43,,,,,,,False,False,False
GRANITO,PE,2024,PEQUENO PORTE,4240358.35,4354064.37,30216848.41,,,,,,,False,False,False
GRAVATA,PE,2019,MÉDIO PORTE,9746430.02,23071816.38,32575829.29,,,,,,,False,False,False
GRAVATA,PE,2020,MÉDIO PORTE,9911169.61,28386485.37,31681556.55,,,,,,,False,False,False
GRAVATA,PE,2021,MÉDIO PORTE,12463904.29,35077575.54,32079879.2,,,,,,,False,False,False
GRAVATA,PE,2022,MÉDIO PORTE,19434768.39,39430362.55,35570749.03,,,,,,,False,False,False
GRAVATA,PE,2023,MÉDIO PORTE,21652132.74,45982928.37,36537314.97,,,,,,,False,False,False
GRAVATA,PE,2024,MÉDIO PORTE,23988578.27,53475189.2,32883134.349999998,2022-12-07 00:00:00,2022-11-08 00:00:00,,,,,False,False,False
GUACUI,ES,2019,MÉDIO PORTE,5705982.91,10428503.2,31379320.029999997,,,,,,,False,False,False
GUACUI,ES,2020,MÉDIO PORTE,5748642.93,11855525.19,30333970.34,,,,,,,False,False,False
GUACUI,ES,2021,MÉDIO PORTE,5656014.88,18802014.49,29109664.09,,,,,,,False,False,False
GUACUI,ES,2022,MÉDIO PORTE,5964826.68,25992807.37,32126290.759999998,,,,,,,False,False,False
GUACUI,ES,2023,MÉDIO PORTE,6811890.09,38637540.26,34857503.12,,,,,,,False,False,False
GUACUI,ES,2024,MÉDIO PORTE,7339363.12,50836163.6,32449703.31,,,,,,,False,False,False
GUAIMBE,SP,2019,PEQUENO PORTE,2110421.58,13195649.76,31072721.189999998,,,,,,,False,False,False
GUAIMBE,SP,2020,PEQUENO PORTE,2634013.82,14244673.23,31252878.41,,,,,,,False,False,False
GUAIMBE,SP,2021,PEQUENO PORTE,2679171.46,16023343.62,30574532.119999997,,,,,,,False,False,False
GUAIMBE,SP,2022,PEQUENO PORTE,3161971.28,16172431.86,31581780.64,,,,,,,False,False,False
GUAIMBE,SP,2023,PEQUENO PORTE,4189108.35,17531804.19,32339870.41,,,,,,,False,False,False
GUAIMBE,SP,2024,PEQUENO PORTE,4901747.82,20446932.52,32191730.71,,,,,,,False,False,False
GUAJARA-MIRIM,RO,2019,MÉDIO PORTE,7524405.47,33441218.49,32751194.66,,,,,,,False,False,False
GUAJARA-MIRIM,RO,2020,MÉDIO PORTE,8088657.67,40014326.38,37356069.16,,,,,,,False,False,False
GUAJARA-MIRIM,RO,2021,MÉDIO PORTE,8947108.45,50012970.87,33747352.29,,,,,,,False,False,False
GUAJARA-MIRIM,RO,2022,MÉDIO PORTE,10698668.45,56921152.83000001,36701927.089999996,,,,,,,False,False,False
GUAJARA-MIRIM,RO,2023,MÉDIO PORTE,10934151.24,69766510.99,38438118.31,,,,,,,False,False,False
GUAJARA-MIRIM,RO,2024,MÉDIO PORTE,11802562.9,84957351.27,37008198.36,2019-03-27 00:00:00,2019-03-25 00:00:00,2020-12-29 00:00:00,I,VENCIDA,,False,False,False
GUAMIRANGA,PR,2019,PEQUENO PORTE,1996399.81,23790112.64,32858452.61,,,,,,,False,False,False
GUAMIRANGA,PR,2020,PEQUENO PORTE,2284205.44,27614924.01,30833451.47,,,,,,,False,False,False
GUAMIRANGA,PR,2021,PEQUENO PORTE,2340058.59,30308050.79,30309617.56,,,,,,,False,False,False
GUAMIRANGA,PR,2022,PEQUENO PORTE,2904761.98,32199411.06,33027659.189999998,,,,,,,False,False,False
GUAMIRANGA,PR,2023,PEQUENO PORTE,3091079.59,36267418.57,34878328.98,,,,,,,False,False,False
GUAMIRANGA,PR,2024,PEQUENO PORTE,3824790.96,41703822.92,33204934.68,,,,,,,False,False,False
GUAPORE,RS,2019,MÉDIO PORTE,8185124.09,89768383.0,42604299.26,,,,,,,False,False,False
GUAPORE,RS,2020,MÉDIO PORTE,9184734.34,105736498.8,37919952.8,,,,,,,False,False,False
GUAPORE,RS,2021,MÉDIO PORTE,9332883.48,111937544.16,31234223.4,,,,,,,False,False,False
GUAPORE,RS,2022,MÉDIO PORTE,10177290.86,113572258.97,34639622.25,,,,,,,False,False,False
GUAPORE,RS,2023,MÉDIO PORTE,10915053.78,117556648.85,42840610.91,,,,,,,False,False,False
GUAPORE,RS,2024,MÉDIO PORTE,13020250.04,129092474.82,38946619.94,,,,,,,False,False,False
GUARABIRA,PB,2019,MÉDIO PORTE,13898197.82,53953470.38,35880450.74,,,,,,,False,False,False
GUARABIRA,PB,2020,MÉDIO PORTE,14536377.0,63830028.02,31817859.06,,,,,,,False,False,False
GUARABIRA,PB,2021,MÉDIO PORTE,19812337.86,69433962.86,31388284.4,,,,,,,False,False,False
GUARABIRA,PB,2022,MÉDIO PORTE,27976775.8,76892480.61,37416871.72,,,,,,,False,False,False
GUARABIRA,PB,2023,MÉDIO PORTE,24821196.96,98148717.68,44147970.39,,,,,,,False,False,False
GUARABIRA,PB,2024,MÉDIO PORTE,21627697.22,120581590.79,38296559.29,,,,,,,False,False,False
GUARACI,PR,2019,PEQUENO PORTE,2700473.95,6521467.7,30647169.64,,,,,,,False,False,False
GUARACI,PR,2020,PEQUENO PORTE,3933120.51,6909936.46,30341905.23,,,,,,,False,False,False
GUARACI,PR,2021,PEQUENO PORTE,4295995.27,8151240.29,29787852.599999998,,,,,,,False,False,False
GUARACI,PR,2022,PEQUENO PORTE,4026779.32,8741433.280000001,30460993.419999998,,,,,,,False,False,False
GUARACI,PR,2023,PEQUENO PORTE,3461945.71,9871547.82,31253196.939999998,,,,,,,False,False,False
GUARACI,PR,2024,PEQUENO PORTE,3775239.17,11802156.52,30771341.16,,,,,,,False,False,False
GUARACI,SP,2019,MÉDIO PORTE,6415804.22,21476665.42,31978139.08,,,,,,,False,False,False
GUARACI,SP,2020,MÉDIO PORTE,8353040.74,25009894.2,29575606.509999998,,,,,,,False,False,False
GUARACI,SP,2021,MÉDIO PORTE,8563216.77,28240226.19,30512328.45,,,,,,,False,False,False
GUARACI,SP,2022,MÉDIO PORTE,9558771.5,32522276.64,33132028.099999998,,,,,,,False,False,False
GUARACI,SP,2023,MÉDIO PORTE,10830470.72,39201336.05,34684447.67,,,,,,,False,False,False
GUARACI,SP,2024,MÉDIO PORTE,12594935.21,47496677.91,33543262.97,,,,,,,False,False,False
GUARANI,MG,2019,PEQUENO PORTE,1140683.73,188758.23,29866587.98,,,,,,,False,False,False
GUARANI,MG,2020,PEQUENO PORTE,1454547.85,148868.06,29868598.58,,,,,,,False,False,False
GUARANI,MG,2021,PEQUENO PORTE,1509780.89,96302.66,29864700.98,,,,,,,False,False,False
GUARANI,MG,2022,PEQUENO PORTE,1564173.15,269502.19,29865946.45,,,,,,,False,False,False
GUARANI,MG,2023,PEQUENO PORTE,1515411.22,72943.79,29862503.86,,,,,,,False,False,False
GUARANI,MG,2024,PEQUENO PORTE,1431773.83,103339.76,29865387.77,,,,,,,False,False,False
GUARANI DAS MISSOES,RS,2019,PEQUENO PORTE,4784801.25,10231476.63,31163406.029999997,,,,,,,False,False,False
GUARANI DAS MISSOES,RS,2020,PEQUENO PORTE,5227951.29,11523076.36,30324417.84,,,,,,,False,False,False
GUARANI DAS MISSOES,RS,2021,PEQUENO PORTE,5386227.64,12373873.43,30033327.43,,,,,,,False,False,False
GUARANI DAS MISSOES,RS,2022,PEQUENO PORTE,6020651.61,12190036.89,31087067.689999998,,,,,,,False,False,False
GUARANI DAS MISSOES,RS,2023,PEQUENO PORTE,6962461.9,12496316.36,31402055.46,,,,,,,False,False,False
GUARANI DAS MISSOES,RS,2024,PEQUENO PORTE,6557480.13,13602117.57,30839878.16,,,,,,,False,False,False
GUARANI DE GOIAS,GO,2019,PEQUENO PORTE,1414022.79,7250371.219999999,30690605.68,,,,,,,False,False,False
GUARANI DE GOIAS,GO,2020,PEQUENO PORTE,1677094.54,8332715.5,30319852.31,,,,,,,False,False,False
GUARANI DE GOIAS,GO,2021,PEQUENO PORTE,1679693.81,8824444.1,29882673.529999997,,,,,,,False,False,False
GUARANI DE GOIAS,GO,2022,PEQUENO PORTE,2034253.22,8755318.74,30559955.14,,,,,,,False,False,False
GUARANI DE GOIAS,GO,2023,PEQUENO PORTE,2809116.02,7909870.95,30966817.61,,,,,,,False,False,False
GUARANI DE GOIAS,GO,2024,PEQUENO PORTE,3686738.07,8810092.34,30217979.3,,,,,,,False,False,False
GUARANIACU,PR,2019,MÉDIO PORTE,4348427.08,33748948.98999999,34444685.68,,,,,,,False,False,False
GUARANIACU,PR,2020,MÉDIO PORTE,4038655.26,37054659.39,31694456.02,,,,,,,False,False,False
GUARANIACU,PR,2021,MÉDIO PORTE,4686980.13,36317490.81,29919970.97,,,,,,,False,False,False
GUARANIACU,PR,2022,MÉDIO PORTE,5730968.93,33104938.0,32466295.439999998,,,,,,,False,False,False
GUARANIACU,PR,2023,MÉDIO PORTE,6580781.55,32738118.45,35295088.71,,,,,,,False,False,False
GUARANIACU,PR,2024,MÉDIO PORTE,7626654.82,37238568.34,30751837.61,,,,,,,False,False,False
GUARANTA DO NORTE,MT,2019,MÉDIO PORTE,8781281.03,49866365.61,36678179.25,,,,,,,False,False,False
GUARANTA DO NORTE,MT,2020,MÉDIO PORTE,9684694.53,58591841.04000001,32164557.419999998,,,,,,,False,False,False
GUARANTA DO NORTE,MT,2021,MÉDIO PORTE,9634760.16,64130619.69,28444130.099999998,,,,,,,False,False,False
GUARANTA DO NORTE,MT,2022,MÉDIO PORTE,12216150.66,65281731.47,35501673.39,,,,,,,False,False,False
GUARANTA DO NORTE,MT,2023,MÉDIO PORTE,16944044.16,71578080.02,42320134.73,,,,,,,False,False,False
GUARANTA DO NORTE,MT,2024,MÉDIO PORTE,19850174.11,87702585.02,31748657.64,2020-08-19 00:00:00,2020-08-14 00:00:00,,,,,False,False,False
GUARATUBA,PR,2019,MÉDIO PORTE,12526490.0,20172931.13,29862452.79,,,,,,,False,False,False
GUARATUBA,PR,2020,MÉDIO PORTE,13953544.56,22853671.54,29862452.79,,,,,,,False,False,False
GUARATUBA,PR,2021,MÉDIO PORTE,16976037.97,28530914.42,29862452.79,,,,,,,False,False,False
GUARATUBA,PR,2022,MÉDIO PORTE,20686363.69,31259626.5,29862452.79,,,,,,,False,False,False
GUARATUBA,PR,2023,MÉDIO PORTE,15967726.96,40885593.33,33716602.9,,,,,,,False,False,False
GUARATUBA,PR,2024,MÉDIO PORTE,19699561.11,48011038.88,33780547.56,,,,,,,False,False,False
GUIA LOPES DA LAGUNA,MS,2019,PEQUENO PORTE,2602933.1,6010014.919999999,30571542.46,,,,,,,False,False,False
GUIA LOPES DA LAGUNA,MS,2020,PEQUENO PORTE,3450426.46,7071887.84,30228521.31,,,,,,,False,False,False
GUIA LOPES DA LAGUNA,MS,2021,PEQUENO PORTE,3766991.42,7439727.28,29873323.529999997,,,,,,,False,False,False
GUIA LOPES DA LAGUNA,MS,2022,PEQUENO PORTE,3454478.75,9762527.38,30654123.96,,,,,,,False,False,False
GUIA LOPES DA LAGUNA,MS,2023,PEQUENO PORTE,4835127.63,10744599.79,32140380.04,,,,,,,False,False,False
GUIA LOPES DA LAGUNA,MS,2024,PEQUENO PORTE,3864804.8,12223106.18,31489193.73,,,,,,,False,False,False
GUIMARANIA,MG,2019,PEQUENO PORTE,1018037.87,479604.26,29911153.24,,,,,,,False,False,False
GUIMARANIA,MG,2020,PEQUENO PORTE,1351385.77,195949.86,29871615.29,,,,,,,False,False,False
GUIMARANIA,MG,2021,PEQUENO PORTE,1333296.92,386525.66,29871456.58,,,,,,,False,False,False
GUIMARANIA,MG,2022,PEQUENO PORTE,2158153.13,344566.44,29906634.63,,,,,,,False,False,False
GUIMARANIA,MG,2023,PEQUENO PORTE,2438888.09,522786.03,29921660.25,,,,,,,False,False,False
GUIMARANIA,MG,2024,PEQUENO PORTE,2710464.31,451307.0,29925270.7,,,,,,,False,False,False
GUIRATINGA,MT,2019,PEQUENO PORTE,3124605.75,8435854.720000003,30502014.74,,,,,,,False,False,False
GUIRATINGA,MT,2020,PEQUENO PORTE,3492680.84,9768697.11,30264540.73,,,,,,,False,False,False
GUIRATINGA,MT,2021,PEQUENO PORTE,3572485.82,11594384.54,30421034.68,,,,,,,False,False,False
GUIRATINGA,MT,2022,PEQUENO PORTE,4027238.79,13610355.26,31473269.22,,,,,,,False,False,False
GUIRATINGA,MT,2023,PEQUENO PORTE,4296038.85,14471317.35,31650541.46,,,,,,,False,False,False
GUIRATINGA,MT,2024,PEQUENO PORTE,3872613.83,15481577.43,31091692.57,,,,,,,False,False,False
GURINHATA,MG,2019,PEQUENO PORTE,2129292.62,121969.88,29864766.04,,,,,,,False,False,False
GURINHATA,MG,2020,PEQUENO PORTE,2280619.26,34439.95,29863619.55,,,,,,,False,False,False
GURINHATA,MG,2021,PEQUENO PORTE,2695554.8,300798.62,29871439.41,,,,,,,False,False,False
GURINHATA,MG,2022,PEQUENO PORTE,3921400.93,542621.85,29910294.669999998,,,,,,,False,False,False
GURINHATA,MG,2023,PEQUENO PORTE,4771314.27,740549.95,29945644.029999997,,,,,,,False,False,False
GURINHATA,MG,2024,PEQUENO PORTE,3096475.73,662627.14,29882081.58,,,,,,,False,False,False
GURUPI,TO,2019,MÉDIO PORTE,22279582.2,77533183.06,39580733.35,,,,,,,False,False,False
GURUPI,TO,2020,MÉDIO PORTE,19162294.29,93109015.65,36319773.97,,,,,,,False,False,False
GURUPI,TO,2021,MÉDIO PORTE,27087948.75,106236586.23,32611060.21,,,,,,,False,False,False
GURUPI,TO,2022,MÉDIO PORTE,32448217.27,116182610.52,40763212.55,,,,,,,False,False,False
GURUPI,TO,2023,MÉDIO PORTE,37358503.61,140751858.88,49064578.71,,,,,,,False,False,False
GURUPI,TO,2024,MÉDIO PORTE,42567128.06,171049002.39,47127859.42,,,,,,,False,False,False
HARMONIA,RS,2019,PEQUENO PORTE,2669278.1,22168531.03,33081487.669999998,,,,,,,False,False,False
HARMONIA,RS,2020,PEQUENO PORTE,2904347.75,25869510.04,30553129.99,,,,,,,False,False,False
HARMONIA,RS,2021,PEQUENO PORTE,3346510.9,27411419.56,30889487.96,,,,,,,False,False,False
HARMONIA,RS,2022,PEQUENO PORTE,3593077.76,28173567.28,31918822.119999997,,,,,,,False,False,False
HARMONIA,RS,2023,PEQUENO PORTE,4222408.0,30909106.66,34132535.55,,,,,,,False,False,False
HARMONIA,RS,2024,PEQUENO PORTE,4181777.39,35634314.29,32796574.86,,,,,,,False,False,False
HELIODORA,MG,2019,PEQUENO PORTE,1237747.71,16247919.21,31714672.38,,,,,,,False,False,False
HELIODORA,MG,2020,PEQUENO PORTE,1534986.6,18583832.24,30694412.98,,,,,,,False,False,False
HELIODORA,MG,2021,PEQUENO PORTE,1457600.66,19944660.92,29942945.16,,,,,,,False,False,False
HELIODORA,MG,2022,PEQUENO PORTE,3034241.0,20649284.64,30509734.36,,,,,,,False,False,False
HELIODORA,MG,2023,PEQUENO PORTE,3066730.22,23522121.82,30438233.369999997,,,,,,,False,False,False
HELIODORA,MG,2024,PEQUENO PORTE,2688705.86,27232075.32,30022793.98,,,,,,,False,False,False
HERVAL,RS,2019,PEQUENO PORTE,2414634.23,10059698.38,31011382.83,,,,,,,False,False,False
HERVAL,RS,2020,PEQUENO PORTE,2829045.14,11239508.87,30439546.41,,,,,,,False,False,False
HERVAL,RS,2021,PEQUENO PORTE,2944551.62,11818205.04,30072923.64,,,,,,,False,False,False
HERVAL,RS,2022,PEQUENO PORTE,3352251.49,11946023.22,31008514.619999997,,,,,,,False,False,False
HERVAL,RS,2023,PEQUENO PORTE,4410961.47,12950146.6,31832910.97,,,,,,,False,False,False
HERVAL,RS,2024,PEQUENO PORTE,4315844.27,14830267.57,30806176.419999998,,,,,,,False,False,False
HIDROLANDIA,GO,2019,MÉDIO PORTE,4504866.33,21162975.44,31900866.08,,,,,,,False,False,False
HIDROLANDIA,GO,2020,MÉDIO PORTE,5551072.54,24461418.45,31472494.009999998,,,,,,,False,False,False
HIDROLANDIA,GO,2021,MÉDIO PORTE,6459483.09,28101185.8,30921179.84,,,,,,,False,False,False
HIDROLANDIA,GO,2022,MÉDIO PORTE,7599836.39,31989090.55,32775662.86,,,,,,,False,False,False
HIDROLANDIA,GO,2023,MÉDIO PORTE,8554535.68,37777460.27,34770279.32,,,,,,,False,False,False
HIDROLANDIA,GO,2024,MÉDIO PORTE,9453798.96,46528091.54,34572256.3,,,,,,,False,False,False
HOLAMBRA,SP,2019,MÉDIO PORTE,6361910.38,62518035.17999999,37452946.39,,,,,,,False,False,False
HOLAMBRA,SP,2020,MÉDIO PORTE,5532261.89,72952196.59,31666608.02,,,,,,,False,False,False
HOLAMBRA,SP,2021,MÉDIO PORTE,5887699.52,81718445.2,30436473.15,,,,,,,False,False,False
HOLAMBRA,SP,2022,MÉDIO PORTE,7036537.26,81099236.23,37580399.9,,,,,,,False,False,False
HOLAMBRA,SP,2023,MÉDIO PORTE,8498213.62,89807302.85,41189862.94,,,,,,,False,False,False
HOLAMBRA,SP,2024,MÉDIO PORTE,11395324.35,101526196.01,37110741.55,2023-10-09 00:00:00,2023-09-25 00:00:00,2023-12-07 00:00:00,I,,I,False,False,False
HUGO NAPOLEAO,PI,2019,PEQUENO PORTE,1054732.52,637278.88,29929295.95,,,,,,,False,False,False
HUGO NAPOLEAO,PI,2020,PEQUENO PORTE,977484.2,1058389.95,29947118.07,,,,,,,False,False,False
HUGO NAPOLEAO,PI,2021,PEQUENO PORTE,1032962.11,1752092.85,29906046.34,,,,,,,False,False,False
HUGO NAPOLEAO,PI,2022,PEQUENO PORTE,1430462.05,2277212.99,30092127.119999997,,,,,,,False,False,False
HUGO NAPOLEAO,PI,2023,PEQUENO PORTE,1848981.81,2912610.11,30260005.99,,,,,,,False,False,False
HUGO NAPOLEAO,PI,2024,PEQUENO PORTE,1639917.25,3719747.31,30141352.759999998,2022-02-07 00:00:00,2021-12-14 00:00:00,,,,,False,False,False
IBIACA,RS,2019,PEQUENO PORTE,3183969.22,25600855.27,33575972.129999995,,,,,,,False,False,False
IBIACA,RS,2020,PEQUENO PORTE,3488877.29,29758276.22,31361076.79,,,,,,,False,False,False
IBIACA,RS,2021,PEQUENO PORTE,3067197.31,32955678.85,30679850.57,,,,,,,False,False,False
IBIACA,RS,2022,PEQUENO PORTE,3167137.34,33955910.12,33097478.33,,,,,,,False,False,False
IBIACA,RS,2023,PEQUENO PORTE,3637186.45,36629833.9,34719080.29,,,,,,,False,False,False
IBIACA,RS,2024,PEQUENO PORTE,4405010.02,41216241.37,32969140.119999997,,,,,,,False,False,False
IBICUITINGA,CE,2019,PEQUENO PORTE,2631271.84,4631764.58,30536395.47,,,,,,,False,False,False
IBICUITINGA,CE,2020,MÉDIO PORTE,2020933.13,7422703.6,30115213.099999998,,,,,,,False,False,False
IBICUITINGA,CE,2021,PEQUENO PORTE,3338260.2,9275880.37,30088858.009999998,,,,,,,False,False,False
IBICUITINGA,CE,2022,PEQUENO PORTE,4311824.73,11985867.11,30755491.38,,,,,,,False,False,False
IBICUITINGA,CE,2023,MÉDIO PORTE,3074642.37,15755582.77,32086282.23,,,,,,,False,False,False
IBICUITINGA,CE,2024,PEQUENO PORTE,4301722.46,19106062.93,31561861.73,,,,,,,False,False,False
IBIMIRIM,PE,2019,MÉDIO PORTE,4539672.05,91484.81,29867902.59,,,,,,,False,False,False
IBIMIRIM,PE,2020,MÉDIO PORTE,4904775.95,321443.84,29871418.61,,,,,,,False,False,False
IBIMIRIM,PE,2021,MÉDIO PORTE,5651607.88,532041.14,29888853.5,,,,,,,False,False,False
IBIMIRIM,PE,2022,MÉDIO PORTE,6502811.34,1417621.33,30137938.32,,,,,,,False,False,False
IBIMIRIM,PE,2023,MÉDIO PORTE,6932457.17,4961007.04,30325554.63,,,,,,,False,False,False
IBIMIRIM,PE,2024,MÉDIO PORTE,7249770.53,6315730.07,29862452.79,,,,,,,False,False,False
IBIPORA,PR,2019,MÉDIO PORTE,18005100.07,61346907.31999999,37792943.019999996,,,,,,,False,False,False
IBIPORA,PR,2020,MÉDIO PORTE,19492440.57,75401205.37,38095902.8,,,,,,,False,False,False
IBIPORA,PR,2021,MÉDIO PORTE,23845988.58,85704124.92,28754337.36,,,,,,,False,False,False
IBIPORA,PR,2022,MÉDIO PORTE,27650704.09,92324329.77,38455681.85,,,,,,,False,False,False
IBIPORA,PR,2023,MÉDIO PORTE,30171405.04,116038460.47,46404547.2,,,,,,,False,False,False
IBIPORA,PR,2024,MÉDIO PORTE,33326263.69,143937988.26,41161336.65,2022-04-25 00:00:00,2022-04-18 00:00:00,,,,,False,False,False
IBIRACU,ES,2019,PEQUENO PORTE,2745039.41,16406090.52,32146375.61,,,,,,,False,False,False
IBIRACU,ES,2020,PEQUENO PORTE,3283275.7,18783867.05,31739771.119999997,,,,,,,False,False,False
IBIRACU,ES,2021,PEQUENO PORTE,3302645.16,20299398.63,30886474.43,,,,,,,False,False,False
IBIRACU,ES,2022,PEQUENO PORTE,3491852.8,22896616.84,32485243.34,,,,,,,False,False,False
IBIRACU,ES,2023,PEQUENO PORTE,3735885.23,27544186.56,34056072.68,,,,,,,False,False,False
IBIRACU,ES,2024,PEQUENO PORTE,3662583.4,31828518.45,32505297.27,,,,,,,False,False,False
IBIRAIARAS,RS,2019,PEQUENO PORTE,3400770.48,20090587.45,32293198.47,,,,,,,False,False,False
IBIRAIARAS,RS,2020,PEQUENO PORTE,3945677.65,23320692.03,31314074.14,,,,,,,False,False,False
IBIRAIARAS,RS,2021,PEQUENO PORTE,3965972.4,25878402.09,30554930.29,,,,,,,False,False,False
IBIRAIARAS,RS,2022,PEQUENO PORTE,4422533.87,27365339.2,32492359.66,,,,,,,False,False,False
IBIRAIARAS,RS,2023,PEQUENO PORTE,4784116.95,30933174.93,34085123.96,,,,,,,False,False,False
IBIRAIARAS,RS,2024,PEQUENO PORTE,5592271.69,36070841.19,32785185.919999998,,,,,,,False,False,False
IBIRAJUBA,PE,2019,PEQUENO PORTE,1189349.17,1668151.35,30067832.23,,,,,,,False,False,False
IBIRAJUBA,PE,2020,PEQUENO PORTE,870283.95,1749126.8,30011389.89,,,,,,,False,False,False
IBIRAJUBA,PE,2021,PEQUENO PORTE,2546320.53,1786836.67,29883869.259999998,,,,,,,False,False,False
IBIRAJUBA,PE,2022,PEQUENO PORTE,3178324.99,1646297.26,29983803.509999998,,,,,,,False,False,False
IBIRAJUBA,PE,2023,PEQUENO PORTE,2601984.27,1926843.58,30103183.39,,,,,,,False,False,False
IBIRAJUBA,PE,2024,PEQUENO PORTE,1715436.9,1780312.63,29960405.849999998,,,,,,,False,False,False
IBIRAPUITA,RS,2019,PEQUENO PORTE,2210374.3,9841347.080000002,30991297.13,,,,,,,False,False,False
IBIRAPUITA,RS,2020,PEQUENO PORTE,2340860.55,10703362.48,30774158.669999998,,,,,,,False,False,False
IBIRAPUITA,RS,2021,PEQUENO PORTE,2425827.43,11248155.59,30064691.369999997,,,,,,,False,False,False
IBIRAPUITA,RS,2022,PEQUENO PORTE,2267398.18,11151205.03,30852913.36,,,,,,,False,False,False
IBIRAPUITA,RS,2023,PEQUENO PORTE,2455954.23,11019292.56,31241977.009999998,,,,,,,False,False,False
IBIRAPUITA,RS,2024,PEQUENO PORTE,2796169.88,10898018.33,30302172.56,,,,,,,False,False,False
ICAPUI,CE,2019,MÉDIO PORTE,2911745.98,17641702.69,29862452.79,,,,,,,False,False,False
ICAPUI,CE,2020,MÉDIO PORTE,3026472.73,17057044.91,30726672.52,,,,,,,False,False,False
ICAPUI,CE,2021,MÉDIO PORTE,5531242.38,14394456.3,30174660.119999997,,,,,,,False,False,False
ICAPUI,CE,2022,MÉDIO PORTE,7308462.85,12507425.2,31050947.669999998,,,,,,,False,False,False
ICAPUI,CE,2023,MÉDIO PORTE,8407305.9,11977668.18,31629299.349999998,,,,,,,False,False,False
ICAPUI,CE,2024,MÉDIO PORTE,9235661.35,12721057.72,29984829.79,,,,,,,False,False,False
ICARAIMA,PR,2019,PEQUENO PORTE,2066708.41,10308133.4,30963112.83,,,,,,,False,False,False
ICARAIMA,PR,2020,PEQUENO PORTE,2232858.42,10614278.7,30888374.93,,,,,,,False,False,False
ICARAIMA,PR,2021,PEQUENO PORTE,2932672.89,10617146.37,30178525.02,,,,,,,False,False,False
ICARAIMA,PR,2022,PEQUENO PORTE,4120619.13,11233616.28,30786074.48,,,,,,,False,False,False
ICARAIMA,PR,2023,PEQUENO PORTE,4875911.83,12050362.8,31318571.77,,,,,,,False,False,False
ICARAIMA,PR,2024,PEQUENO PORTE,4073678.49,11398987.95,30597817.73,,,,,,,False,False,False
ICONHA,ES,2019,PEQUENO PORTE,3794014.46,29020260.25,29862452.79,,,,,,,False,False,False
ICONHA,ES,2020,PEQUENO PORTE,2948674.22,35429857.36,29862452.79,,,,,,,False,False,False
ICONHA,ES,2021,PEQUENO PORTE,2982285.89,39071517.74,29862452.79,,,,,,,False,False,False
ICONHA,ES,2022,PEQUENO PORTE,3038696.42,40036908.8,29862452.79,,,,,,,False,False,False
ICONHA,ES,2023,PEQUENO PORTE,2927295.39,44178717.96,29862452.79,,,,,,,False,False,False
ICONHA,ES,2024,PEQUENO PORTE,3223012.61,55289393.9,29862452.79,,,,,,,False,False,False
IGARACU DO TIETE,SP,2019,MÉDIO PORTE,3917822.39,33085543.95,35032357.71,,,,,,,False,False,False
IGARACU DO TIETE,SP,2020,MÉDIO PORTE,4137976.22,38182586.23,36680079.42,,,,,,,False,False,False
IGARACU DO TIETE,SP,2021,MÉDIO PORTE,4298813.86,37934915.51000001,29603084.99,,,,,,,False,False,False
IGARACU DO TIETE,SP,2022,MÉDIO PORTE,6030500.6,39529151.18,29862452.79,,,,,,,False,False,False
IGARACU DO TIETE,SP,2023,PEQUENO PORTE,6196526.34,43967065.03,29862452.79,,,,,,,False,False,False
IGARACU DO TIETE,SP,2024,MÉDIO PORTE,7646088.5,51770741.27,29862452.79,,,,,,,False,False,False
IGARASSU,PE,2019,MÉDIO PORTE,14910038.48,43740579.45,39433575.76,,,,,,,False,False,False
IGARASSU,PE,2020,MÉDIO PORTE,10209882.0,42318670.97000001,30765434.279999997,,,,,,,False,False,False
IGARASSU,PE,2021,MÉDIO PORTE,18186179.43,23057823.55,28829376.2,,,,,,,False,False,False
IGARASSU,PE,2022,MÉDIO PORTE,23069396.76,13039204.31,30914096.38,,,,,,,False,False,False
IGARASSU,PE,2023,MÉDIO PORTE,27753787.15,15331923.53,32175776.49,,,,,,,False,False,False
IGARASSU,PE,2024,MÉDIO PORTE,30212639.88,14973030.2,30325399.759999998,,,,,,,False,False,False
IGARATINGA,MG,2019,PEQUENO PORTE,2416225.52,17264942.56,31035095.619999997,,,,,,,False,False,False
IGARATINGA,MG,2020,PEQUENO PORTE,2616628.44,19507110.26,31649444.25,,,,,,,False,False,False
IGARATINGA,MG,2021,PEQUENO PORTE,3080373.12,22871924.29,29798791.11,,,,,,,False,False,False
IGARATINGA,MG,2022,PEQUENO PORTE,3932015.15,23881657.74,31500208.68,,,,,,,False,False,False
IGARATINGA,MG,2023,PEQUENO PORTE,3834657.66,27136520.7,33699395.46,,,,,,,False,False,False
IGARATINGA,MG,2024,PEQUENO PORTE,3259923.46,30444553.75,31520311.22,,,,,,,False,False,False
IGUABA GRANDE,RJ,2019,MÉDIO PORTE,5552593.47,51294829.72999999,40953201.769999996,,,,,,,False,False,False
IGUABA GRANDE,RJ,2020,MÉDIO PORTE,3502703.04,57987614.57,29926680.279999997,,,,,,,False,False,False
IGUABA GRANDE,RJ,2021,MÉDIO PORTE,3500665.09,59045898.68,29913935.56,,,,,,,False,False,False
IGUABA GRANDE,RJ,2022,MÉDIO PORTE,5035684.47,56746838.28,30044956.72,,,,,,,False,False,False
IGUABA GRANDE,RJ,2023,MÉDIO PORTE,6432148.54,62754351.42,29862452.79,,,,,,,False,False,False
IGUABA GRANDE,RJ,2024,MÉDIO PORTE,12357409.71,74402867.5,29862452.79,2022-11-04 00:00:00,2022-10-31 00:00:00,2023-06-13 00:00:00,I,2024-12-27 00:00:00,II,False,False,False
IGUARACI,PE,2019,PEQUENO PORTE,2342356.71,2015721.29,30003465.16,,,,,,,False,False,False
IGUARACI,PE,2020,PEQUENO PORTE,2855961.6,762718.83,29871084.88,,,,,,,False,False,False
IGUARACI,PE,2021,PEQUENO PORTE,4596539.64,12185.59,29865081.48,,,,,,,False,False,False
IGUARACI,PE,2022,PEQUENO PORTE,5478139.67,22725.02,30259444.21,,,,,,,False,False,False
IGUARACI,PE,2023,PEQUENO PORTE,6988359.67,18667.46,29869900.25,,,,,,,False,False,False
IGUARACI,PE,2024,PEQUENO PORTE,6433452.55,18789.22,29897857.7,,,,,,,False,False,False
IGUATAMA,MG,2019,PEQUENO PORTE,905642.06,19848.73,29864823.55,,,,,,,False,False,False
IGUATAMA,MG,2020,PEQUENO PORTE,1047846.97,159568.73,29871592.279999997,,,,,,,False,False,False
IGUATAMA,MG,2021,PEQUENO PORTE,2193105.08,260770.63,29867551.14,,,,,,,False,False,False
IGUATAMA,MG,2022,PEQUENO PORTE,2834205.67,786123.73,29985501.5,,,,,,,False,False,False
IGUATAMA,MG,2023,PEQUENO PORTE,3160639.81,1264629.22,30009086.2,,,,,,,False,False,False
IGUATAMA,MG,2024,PEQUENO PORTE,3754796.8,710155.34,29941242.74,,,,,,,False,False,False
ILHOTA,SC,2019,PEQUENO PORTE,2121464.78,16526057.34,31729424.369999997,,,,,,,False,False,False
ILHOTA,SC,2020,PEQUENO PORTE,2530044.14,19591983.5,30561538.5,,,,,,,False,False,False
ILHOTA,SC,2021,PEQUENO PORTE,2544760.48,20073543.63,30279150.439999998,,,,,,,False,False,False
ILHOTA,SC,2022,PEQUENO PORTE,2983118.44,21587649.84,31869822.779999997,,,,,,,False,False,False
ILHOTA,SC,2023,PEQUENO PORTE,3146664.68,24494698.76,32635935.369999997,,,,,,,False,False,False
ILHOTA,SC,2024,PEQUENO PORTE,5572429.11,28094788.04,32440297.95,,,,,,,False,False,False
ILOPOLIS,RS,2019,PEQUENO PORTE,1414216.09,17041388.9,31824456.779999997,,,,,,,False,False,False
ILOPOLIS,RS,2020,PEQUENO PORTE,1646660.72,18793804.76,31536562.169999998,,,,,,,False,False,False
ILOPOLIS,RS,2021,PEQUENO PORTE,1647534.82,19790033.4,30809147.009999998,,,,,,,False,False,False
ILOPOLIS,RS,2022,PEQUENO PORTE,1586374.45,20200882.12,32150616.4,,,,,,,False,False,False
ILOPOLIS,RS,2023,PEQUENO PORTE,1607650.89,22013841.27,32888314.07,,,,,,,False,False,False
ILOPOLIS,RS,2024,PEQUENO PORTE,1665243.52,25032520.06,31973733.25,,,,,,,False,False,False
IMBITUVA,PR,2019,MÉDIO PORTE,7127945.44,64877236.23999999,36724930.28,,,,,,,False,False,False
IMBITUVA,PR,2020,MÉDIO PORTE,7733169.4,74037728.48,38330802.269999996,,,,,,,False,False,False
IMBITUVA,PR,2021,MÉDIO PORTE,8313203.21,80604817.76,34619272.839999996,,,,,,,False,False,False
IMBITUVA,PR,2022,MÉDIO PORTE,9649129.83,81084902.55000001,41088260.28,,,,,,,False,False,False
IMBITUVA,PR,2023,MÉDIO PORTE,11662194.03,89015172.81,45704273.519999996,,,,,,,False,False,False
IMBITUVA,PR,2024,MÉDIO PORTE,16863787.22,103335556.16,36447587.86,,,,,,,False,False,False
IMIGRANTE,RS,2019,PEQUENO PORTE,1520295.54,3544069.17,30274542.349999998,,,,,,,False,False,False
IMIGRANTE,RS,2020,PEQUENO PORTE,1879097.99,5073405.34,30171812.96,,,,,,,False,False,False
IMIGRANTE,RS,2021,PEQUENO PORTE,1899074.85,6960052.12,30036979.2,,,,,,,False,False,False
IMIGRANTE,RS,2022,PEQUENO PORTE,1889099.6,8571281.27,30776678.55,,,,,,,False,False,False
IMIGRANTE,RS,2023,PEQUENO PORTE,2017371.97,10377464.94,31269619.16,,,,,,,False,False,False
IMIGRANTE,RS,2024,PEQUENO PORTE,2647510.93,13189898.44,31163874.22,,,,,,,False,False,False
INAJA,PE,2019,MÉDIO PORTE,3856175.35,6983.45,29863575.169999998,,,,,,,False,False,False
INAJA,PE,2020,MÉDIO PORTE,4106827.2,18096.61,29862548.259999998,,,,,,,False,False,False
INAJA,PE,2021,MÉDIO PORTE,5814227.25,305854.98,29868076.189999998,,,,,,,False,False,False
INAJA,PE,2022,MÉDIO PORTE,7199454.42,325757.94,29885350.119999997,,,,,,,False,False,False
INAJA,PE,2023,MÉDIO PORTE,30646805.26,603688.15,30088388.43,,,,,,,False,False,False
INAJA,PE,2024,MÉDIO PORTE,11997853.58,2643996.04,30287699.49,,,,,,,False,False,False
INDAIAL,SC,2019,MÉDIO PORTE,17543186.15,96911295.02,42851628.53,,,,,,,False,False,False
INDAIAL,SC,2020,MÉDIO PORTE,19077497.87,113659866.34,35296166.14,,,,,,,False,False,False
INDAIAL,SC,2021,MÉDIO PORTE,20006026.81,126352689.09,29299425.669999998,,,,,,,False,False,False
INDAIAL,SC,2022,MÉDIO PORTE,24919824.41,132250199.67,37976557.21,,,,,,,False,False,False
INDAIAL,SC,2023,MÉDIO PORTE,28123808.71,146647255.37,47589603.17,,,,,,,False,False,False
INDAIAL,SC,2024,MÉDIO PORTE,34565451.85,172329563.12,33601307.79,2020-02-07 00:00:00,2020-02-04 00:00:00,2022-01-13 00:00:00,II,,II,False,False,False
INDEPENDENCIA,RS,2019,PEQUENO PORTE,3303680.75,19818819.35,32799535.72,,,,,,,False,False,False
INDEPENDENCIA,RS,2020,PEQUENO PORTE,3935952.12,23734635.78,31984918.84,,,,,,,False,False,False
INDEPENDENCIA,RS,2021,PEQUENO PORTE,3700783.1,26778238.78,30057304.98,,,,,,,False,False,False
INDEPENDENCIA,RS,2022,PEQUENO PORTE,4596281.28,27741390.88,32800705.56,,,,,,,False,False,False
INDEPENDENCIA,RS,2023,PEQUENO PORTE,5025332.81,30809739.83,33904712.839999996,,,,,,,False,False,False
INDEPENDENCIA,RS,2024,PEQUENO PORTE,5959549.86,36691567.77,32768250.79,,,,,,,False,False,False
INDIANOPOLIS,PR,2019,PEQUENO PORTE,2098096.03,20119323.78,32308192.439999998,,,,,,,False,False,False
INDIANOPOLIS,PR,2020,PEQUENO PORTE,2215944.71,22387350.49,30849764.22,,,,,,,False,False,False
INDIANOPOLIS,PR,2021,PEQUENO PORTE,2419874.86,23059367.94,30854284.43,,,,,,,False,False,False
INDIANOPOLIS,PR,2022,PEQUENO PORTE,2707943.32,23748177.44,32460164.07,,,,,,,False,False,False
INDIANOPOLIS,PR,2023,PEQUENO PORTE,3397229.48,26556617.84,33333694.09,,,,,,,False,False,False
INDIANOPOLIS,PR,2024,PEQUENO PORTE,3670982.43,30645507.33,32791381.599999998,,,,,,,False,False,False
INDIARA,GO,2019,PEQUENO PORTE,3253982.94,11744021.44,30819710.919999998,,,,,,,False,False,False
INDIARA,GO,2020,PEQUENO PORTE,4207555.82,12588839.11,31379616.31,,,,,,,False,False,False
INDIARA,GO,2021,PEQUENO PORTE,4692916.68,13407675.54,30826405.49,,,,,,,False,False,False
INDIARA,GO,2022,PEQUENO PORTE,5982803.73,13863463.39,31075534.61,,,,,,,False,False,False
INDIARA,GO,2023,PEQUENO PORTE,6823629.85,14847819.43,31764330.27,,,,,,,False,False,False
INDIARA,GO,2024,PEQUENO PORTE,5603406.63,16966903.3,31136596.23,,,,,,,False,False,False
INHUMAS,GO,2019,MÉDIO PORTE,9384201.99,20115810.59,32043375.86,,,,,,,False,False,False
INHUMAS,GO,2020,MÉDIO PORTE,12253563.1,21097080.65,30789891.259999998,,,,,,,False,False,False
INHUMAS,GO,2021,MÉDIO PORTE,13966645.8,21406864.76,30271506.369999997,,,,,,,False,False,False
INHUMAS,GO,2022,MÉDIO PORTE,17479350.57,24759736.47,31472822.65,,,,,,,False,False,False
INHUMAS,GO,2023,MÉDIO PORTE,17828286.13,28257570.6,33418978.81,,,,,,,False,False,False
INHUMAS,GO,2024,MÉDIO PORTE,20105682.9,30739427.4,33036517.689999998,,,,,,,False,False,False
IPAMERI,GO,2019,MÉDIO PORTE,9798879.64,967195.15,29977702.66,,,,,,,False,False,False
IPAMERI,GO,2020,MÉDIO PORTE,5212752.07,2449041.97,29946680.849999998,,,,,,,False,False,False
IPAMERI,GO,2021,MÉDIO PORTE,11505851.08,3819747.0,30080113.61,,,,,,,False,False,False
IPAMERI,GO,2022,MÉDIO PORTE,13315719.76,5734115.4,30553275.16,,,,,,,False,False,False
IPAMERI,GO,2023,MÉDIO PORTE,15266042.32,8867205.18,31117545.24,,,,,,,False,False,False
IPAMERI,GO,2024,MÉDIO PORTE,17588982.9,13612390.56,31039559.68,,,,,,,False,False,False
IPECAETA,BA,2019,MÉDIO PORTE,2268826.22,584138.9,29895912.58,,,,,,,False,False,False
IPECAETA,BA,2020,MÉDIO PORTE,2184148.65,530945.05,29870447.05,,,,,,,False,False,False
IPECAETA,BA,2021,MÉDIO PORTE,3435384.26,1069889.63,29899737.939999998,,,,,,,False,False,False
IPECAETA,BA,2022,MÉDIO PORTE,4498084.41,2650668.14,30138705.11,,,,,,,False,False,False
IPECAETA,BA,2023,MÉDIO PORTE,3228667.31,5324846.78,30654644.16,,,,,,,False,False,False
IPECAETA,BA,2024,MÉDIO PORTE,344639.86,6716120.86,30381443.07,,,,,,,False,False,False
IPIACU,MG,2019,PEQUENO PORTE,1674942.8,1655196.98,30071563.81,,,,,,,False,False,False
IPIACU,MG,2020,PEQUENO PORTE,1765006.01,3030828.58,30069744.619999997,,,,,,,False,False,False
IPIACU,MG,2021,PEQUENO PORTE,1962659.7,3806147.19,30018856.27,,,,,,,False,False,False
IPIACU,MG,2022,PEQUENO PORTE,2411903.77,4712790.34,30380431.869999997,,,,,,,False,False,False
IPIACU,MG,2023,PEQUENO PORTE,2732857.23,6238658.19,30697598.099999998,,,,,,,False,False,False
IPIACU,MG,2024,PEQUENO PORTE,3453637.73,7694134.92,30594091.31,,,,,,,False,False,False
IPIGUA,SP,2019,PEQUENO PORTE,1566292.53,19490997.16,31491928.65,,,,,,,False,False,False
IPIGUA,SP,2020,PEQUENO PORTE,1505592.95,22796672.42,31356383.419999998,,,,,,,False,False,False
IPIGUA,SP,2021,PEQUENO PORTE,1469304.1,24978650.15,30103006.55,,,,,,,False,False,False
IPIGUA,SP,2022,PEQUENO PORTE,2221374.74,25545376.19,31646282.779999997,,,,,,,False,False,False
IPIGUA,SP,2023,PEQUENO PORTE,2755755.41,28646570.33,33880348.35,,,,,,,False,False,False
IPIGUA,SP,2024,PEQUENO PORTE,3284633.33,33816213.08,31371701.349999998,,,,,,,False,False,False
IPIRANGA,PR,2019,PEQUENO PORTE,3125302.98,3899050.36,30733836.04,,,,,,,False,False,False
IPIRANGA,PR,2020,PEQUENO PORTE,3415073.6,7758052.46,30280773.58,,,,,,,False,False,False
IPIRANGA,PR,2021,PEQUENO PORTE,3823438.97,11213061.46,29814999.93,,,,,,,False,False,False
IPIRANGA,PR,2022,PEQUENO PORTE,4812833.09,14519410.25,30584599.259999998,,,,,,,False,False,False
IPIRANGA,PR,2023,PEQUENO PORTE,4979187.2,19397721.44,32705720.189999998,,,,,,,False,False,False
IPIRANGA,PR,2024,PEQUENO PORTE,5228424.3,26866290.74,32191704.07,,,,,,,False,False,False
IPIRANGA DO NORTE,MT,2019,PEQUENO PORTE,2126775.86,17032449.3,29862452.79,,,,,,,False,False,False
IPIRANGA DO NORTE,MT,2020,PEQUENO PORTE,2400865.59,20396993.4,29862452.79,,,,,,,False,False,False
IPIRANGA DO NORTE,MT,2021,PEQUENO PORTE,2935588.35,23769758.1,29862452.79,,,,,,,False,False,False
IPIRANGA DO NORTE,MT,2022,PEQUENO PORTE,3567560.54,26923918.45,30060366.29,,,,,,,False,False,False
IPIRANGA DO NORTE,MT,2023,PEQUENO PORTE,3929080.3,32819671.08,34338546.379999995,,,,,,,False,False,False
IPIRANGA DO NORTE,MT,2024,PEQUENO PORTE,3754738.33,40561094.1,29726441.849999998,,,,,,,False,False,False
IPORA,GO,2019,MÉDIO PORTE,6138837.14,21074152.0,31774216.34,,,,,,,False,False,False
IPORA,GO,2020,MÉDIO PORTE,5222483.86,24471652.55,31103895.32,,,,,,,False,False,False
IPORA,GO,2021,MÉDIO PORTE,7117903.34,23743189.73,30235155.439999998,,,,,,,False,False,False
IPORA,GO,2022,MÉDIO PORTE,8337371.58,20213810.96,31308693.34,,,,,,,False,False,False
IPORA,GO,2023,MÉDIO PORTE,9773845.25,18020482.47,31861272.869999997,,,,,,,False,False,False
IPORA,GO,2024,MÉDIO PORTE,9989422.23,14394597.74,30909607.5,,,,,,,False,False,False
IRAUCUBA,CE,2019,MÉDIO PORTE,4209352.74,29554008.51,34314674.92,,,,,,,False,False,False
IRAUCUBA,CE,2020,MÉDIO PORTE,4948047.5,35432189.76000001,33763607.07,,,,,,,False,False,False
IRAUCUBA,CE,2021,MÉDIO PORTE,5235900.2,41473396.97000001,31034821.38,,,,,,,False,False,False
IRAUCUBA,CE,2022,MÉDIO PORTE,6507653.25,45094589.02,34395863.73,,,,,,,False,False,False
IRAUCUBA,CE,2023,MÉDIO PORTE,7945214.88,51605602.06,37256805.42,,,,,,,False,False,False
IRAUCUBA,CE,2024,MÉDIO PORTE,8668941.66,64634249.05,35610380.41,2021-09-14 00:00:00,2021-09-13 00:00:00,2022-04-07 00:00:00,I,2025-03-11 00:00:00,II,False,False,False
ITAARA,RS,2019,PEQUENO PORTE,1179966.72,1775367.06,30005803.66,,,,,,,False,False,False
ITAARA,RS,2020,PEQUENO PORTE,1465860.6,3152513.1,30247729.38,,,,,,,False,False,False
ITAARA,RS,2021,PEQUENO PORTE,1682081.03,4605312.33,29862452.79,,,,,,,False,False,False
ITAARA,RS,2022,PEQUENO PORTE,1996745.37,5690064.95,29862452.79,,,,,,,False,False,False
ITAARA,RS,2023,PEQUENO PORTE,2279043.19,7897621.58,30431081.15,,,,,,,False,False,False
ITAARA,RS,2024,PEQUENO PORTE,3001562.24,11161884.73,30888994.54,,,,,,,False,False,False
ITABERAI,GO,2019,MÉDIO PORTE,10272467.23,17253712.26,32107865.54,,,,,,,False,False,False
ITABERAI,GO,2020,MÉDIO PORTE,11705718.47,25015866.26,35435867.82,,,,,,,False,False,False
ITABERAI,GO,2021,MÉDIO PORTE,12692406.42,31284655.03,31358353.14,,,,,,,False,False,False
ITABERAI,GO,2022,MÉDIO PORTE,14471098.2,37174948.84,32418810.73,,,,,,,False,False,False
ITABERAI,GO,2023,MÉDIO PORTE,16912285.25,46403363.01,31774200.15,,,,,,,False,False,False
ITABERAI,GO,2024,MÉDIO PORTE,12365485.36,59064331.8,31885789.349999998,,,,,,,False,False,False
ITACARAMBI,MG,2019,MÉDIO PORTE,4940206.43,28722624.1,32579084.65,,,,,,,False,False,False
ITACARAMBI,MG,2020,MÉDIO PORTE,5200096.16,31536725.45,31677101.07,,,,,,,False,False,False
ITACARAMBI,MG,2021,MÉDIO PORTE,5465298.29,36022032.17,31094431.55,,,,,,,False,False,False
ITACARAMBI,MG,2022,MÉDIO PORTE,34698770.36,39586444.7,33992290.379999995,,,,,,,False,False,False
ITACARAMBI,MG,2023,MÉDIO PORTE,8275951.82,44270567.6,35456810.42,,,,,,,False,False,False
ITACARAMBI,MG,2024,MÉDIO PORTE,6231457.85,50906170.05,33193901.09,,,,,,,False,False,False
ITACOATIARA,AM,2019,MÉDIO PORTE,17438061.68,1366683.17,30014285.36,,,,,,,False,False,False
ITACOATIARA,AM,2020,MÉDIO PORTE,18501979.9,3718373.32,29779065.91,,,,,,,False,False,False
ITACOATIARA,AM,2021,MÉDIO PORTE,18757793.44,1609711.5,29819416.669999998,,,,,,,False,False,False
ITACOATIARA,AM,2022,MÉDIO PORTE,23084962.62,2474309.89,30072104.11,,,,,,,False,False,False
ITACOATIARA,AM,2023,MÉDIO PORTE,22872873.2,3455013.93,30259282.939999998,,,,,,,False,False,False
ITACOATIARA,AM,2024,MÉDIO PORTE,18188523.3,2487873.87,30148195.349999998,,,,,,,False,False,False
ITAGUAJE,PR,2019,PEQUENO PORTE,1336895.56,12282965.54,32578821.9,,,,,,,False,False,False
ITAGUAJE,PR,2020,PEQUENO PORTE,1034805.05,14807711.44,31936830.47,,,,,,,False,False,False
ITAGUAJE,PR,2021,PEQUENO PORTE,1348624.38,15165962.02,30621785.99,,,,,,,False,False,False
ITAGUAJE,PR,2022,PEQUENO PORTE,1897702.96,14713208.48,31301362.55,,,,,,,False,False,False
ITAGUAJE,PR,2023,PEQUENO PORTE,2026269.08,15629248.53,32613612.29,,,,,,,False,False,False
ITAGUAJE,PR,2024,PEQUENO PORTE,1870196.7,18526435.79,30764777.009999998,,,,,,,False,False,False
ITAGUARI,GO,2019,PEQUENO PORTE,1149500.03,6134205.77,30383071.02,,,,,,,False,False,False
ITAGUARI,GO,2020,PEQUENO PORTE,1253311.33,6770444.28,30432705.91,,,,,,,False,False,False
ITAGUARI,GO,2021,PEQUENO PORTE,1443426.47,7384543.39,30136538.64,,,,,,,False,False,False
ITAGUARI,GO,2022,PEQUENO PORTE,1765673.63,7258641.77,30619596.81,,,,,,,False,False,False
ITAGUARI,GO,2023,PEQUENO PORTE,2222991.8,8918043.82,31168901.939999998,,,,,,,False,False,False
ITAGUARI,GO,2024,PEQUENO PORTE,2542399.24,10203208.12,30703645.099999998,,,,,,,False,False,False
ITAGUARU,GO,2019,PEQUENO PORTE,1138665.73,699212.53,29922130.32,,,,,,,False,False,False
ITAGUARU,GO,2020,PEQUENO PORTE,919911.07,550103.4499999998,29922431.169999998,,,,,,,False,False,False
ITAGUARU,GO,2021,PEQUENO PORTE,1439098.2,661696.18,29880327.419999998,,,,,,,False,False,False
ITAGUARU,GO,2022,PEQUENO PORTE,2427524.88,661296.38,29948852.89,,,,,,,False,False,False
ITAGUARU,GO,2023,PEQUENO PORTE,2500184.53,931892.57,30050749.259999998,,,,,,,False,False,False
ITAGUARU,GO,2024,PEQUENO PORTE,2729952.19,1878264.91,30031463.119999997,,,,,,,False,False,False
ITAIBA,PE,2019,MÉDIO PORTE,7135447.54,6655.6,29863508.21,,,,,,,False,False,False
ITAIBA,PE,2020,MÉDIO PORTE,7529879.97,1798.26,29863638.9,,,,,,,False,False,False
ITAIBA,PE,2021,MÉDIO PORTE,8077098.65,8196.2,29869382.15,,,,,,,False,False,False
ITAIBA,PE,2022,MÉDIO PORTE,9787209.83,888625.44,29922978.439999998,,,,,,,False,False,False
ITAIBA,PE,2023,MÉDIO PORTE,11883332.97,834933.83,29880963.57,,,,,,,False,False,False
ITAIBA,PE,2024,MÉDIO PORTE,12658038.88,108935.68,29868454.23,,,,,,,False,False,False
ITAINOPOLIS,PI,2019,PEQUENO PORTE,1577610.8,11584455.27,30778779.5,,,,,,,False,False,False
ITAINOPOLIS,PI,2020,PEQUENO PORTE,1823898.05,12634914.22,30635461.0,,,,,,,False,False,False
ITAINOPOLIS,PI,2021,PEQUENO PORTE,2122672.97,13584526.38,29986388.93,,,,,,,False,False,False
ITAINOPOLIS,PI,2022,PEQUENO PORTE,2953625.81,13572903.05,30052994.46,,,,,,,False,False,False
ITAINOPOLIS,PI,2023,PEQUENO PORTE,3148572.76,14488217.83,31117563.23,,,,,,,False,False,False
ITAINOPOLIS,PI,2024,PEQUENO PORTE,3071582.47,15575140.98,30163828.79,2022-02-07 00:00:00,2021-12-14 00:00:00,,,,,False,False,False
ITAITINGA,CE,2019,MÉDIO PORTE,9593415.62,60620774.64,38517530.43,,,,,,,False,False,False
ITAITINGA,CE,2020,MÉDIO PORTE,12504722.29,72032375.21,33710538.78,,,,,,,False,False,False
ITAITINGA,CE,2021,GRANDE PORTE,15185976.43,80679204.25,29669340.23,,,,,,,False,False,False
ITAITINGA,CE,2022,MÉDIO PORTE,19003931.15,86810301.07000001,36983311.9,,,,,,,False,False,False
ITAITINGA,CE,2023,MÉDIO PORTE,20036796.37,99017870.56,43743842.67,,,,,,,False,False,False
ITAITINGA,CE,2024,MÉDIO PORTE,21289954.2,115598049.68,41907471.33,2024-05-08 00:00:00,2023-12-12 00:00:00,,,,,False,False,False
ITAJA,GO,2019,PEQUENO PORTE,1278132.45,4064842.35,30024987.779999997,,,,,,,False,False,False
ITAJA,GO,2020,PEQUENO PORTE,974949.86,2869740.68,29989478.81,,,,,,,False,False,False
ITAJA,GO,2021,PEQUENO PORTE,3191988.51,1731293.86,29812209.86,,,,,,,False,False,False
ITAJA,GO,2022,PEQUENO PORTE,2310957.56,2082803.89,29907334.49,,,,,,,False,False,False
ITAJA,GO,2023,PEQUENO PORTE,3331571.69,238329.37,29876412.45,,,,,,,False,False,False
ITAJA,GO,2024,PEQUENO PORTE,3465794.63,253620.63,29880374.55,,,,,,,False,False,False
ITALVA,RJ,2019,MÉDIO PORTE,3372639.83,45564152.5,35955682.81,,,,,,,False,False,False
ITALVA,RJ,2020,MÉDIO PORTE,4065119.67,49480416.77,32208863.669999998,,,,,,,False,False,False
ITALVA,RJ,2021,MÉDIO PORTE,4864758.6,49807800.69000001,30426558.16,,,,,,,False,False,False
ITALVA,RJ,2022,MÉDIO PORTE,5501282.94,49097281.90000001,34037705.269999996,,,,,,,False,False,False
ITALVA,RJ,2023,MÉDIO PORTE,6109521.52,51332232.83,36841705.44,,,,,,,False,False,False
ITALVA,RJ,2024,MÉDIO PORTE,6395664.76,55352086.54,33707083.31,,,,,,,False,False,False
ITAMARANDIBA,MG,2019,MÉDIO PORTE,5479819.35,41628566.16,36290560.53,,,,,,,False,False,False
ITAMARANDIBA,MG,2020,MÉDIO PORTE,5609288.83,50635290.65000001,32653494.919999998,,,,,,,False,False,False
ITAMARANDIBA,MG,2021,MÉDIO PORTE,6240101.02,58169261.97,28465545.21,,,,,,,False,False,False
ITAMARANDIBA,MG,2022,MÉDIO PORTE,8241392.17,58961444.75,34817932.92,,,,,,,False,False,False
ITAMARANDIBA,MG,2023,MÉDIO PORTE,8315417.45,62159109.5,39375941.15,,,,,,,False,False,False
ITAMARANDIBA,MG,2024,MÉDIO PORTE,8472626.35,76181119.33,32126162.25,,,,,,,False,False,False
ITAMBE,PE,2019,MÉDIO PORTE,4922464.11,1407120.11,30034676.18,,,,,,,False,False,False
ITAMBE,PE,2020,MÉDIO PORTE,8918293.44,1456712.07,30002430.3,,,,,,,False,False,False
ITAMBE,PE,2021,MÉDIO PORTE,13402424.17,1310631.9,29983600.89,,,,,,,False,False,False
ITAMBE,PE,2022,MÉDIO PORTE,17555437.94,3404302.68,30488255.41,,,,,,,False,False,False
ITAMBE,PE,2023,MÉDIO PORTE,18133823.53,7270794.96,30905520.349999998,,,,,,,False,False,False
ITAMBE,PE,2024,MÉDIO PORTE,19257123.87,6416588.14,30336659.48,,,,,,,False,False,False
ITAOCARA,RJ,2019,MÉDIO PORTE,5356428.62,3588349.77,30148885.38,,,,,,,False,False,False
ITAOCARA,RJ,2020,MÉDIO PORTE,5986211.7,787170.2899999999,29836664.23,,,,,,,False,False,False
ITAOCARA,RJ,2021,MÉDIO PORTE,6196076.37,760376.2,29772359.349999998,,,,,,,False,False,False
ITAOCARA,RJ,2022,MÉDIO PORTE,8024799.07,1393829.51,29954054.39,,,,,,,False,False,False
ITAOCARA,RJ,2023,MÉDIO PORTE,10693237.46,2808259.05,30139506.61,,,,,,,False,False,False
ITAOCARA,RJ,2024,MÉDIO PORTE,11157632.55,3932445.18,30137275.11,12/032025,2025-02-20 00:00:00,,,,,False,False,False
ITAPAGIPE,MG,2019,PEQUENO PORTE,2050656.81,23359255.87,32641566.509999998,,,,,,,False,False,False
ITAPAGIPE,MG,2020,PEQUENO PORTE,1349331.13,24910984.51,30852221.41,,,,,,,False,False,False
ITAPAGIPE,MG,2021,PEQUENO PORTE,2931767.12,24244831.7,29739535.77,,,,,,,False,False,False
ITAPAGIPE,MG,2022,PEQUENO PORTE,3977047.11,23838431.22,31687869.09,,,,,,,False,False,False
ITAPAGIPE,MG,2023,PEQUENO PORTE,5119168.24,25167234.59,33135144.099999998,,,,,,,False,False,False
ITAPAGIPE,MG,2024,PEQUENO PORTE,5776759.29,28235501.81,32499054.36,,,,,,,False,False,False
ITAPAJE,CE,2019,MÉDIO PORTE,10340571.28,27716299.91,32600311.619999997,,,,,,,False,False,False
ITAPAJE,CE,2020,MÉDIO PORTE,10362606.08,31290329.27,30714320.279999997,,,,,,,False,False,False
ITAPAJE,CE,2021,MÉDIO PORTE,12347720.33,32292087.79,30587732.119999997,,,,,,,False,False,False
ITAPAJE,CE,2022,MÉDIO PORTE,10971269.3,33963267.9,33132026.169999998,,,,,,,False,False,False
ITAPAJE,CE,2023,MÉDIO PORTE,13083637.33,35332109.74,34740845.62,,,,,,,False,False,False
ITAPAJE,CE,2024,MÉDIO PORTE,15615878.12,37855091.96,32400118.71,2024-08-06 00:00:00,2024-07-29 00:00:00,,,,,False,False,False
ITAPIPOCA,CE,2019,MÉDIO PORTE,24099229.24,103043888.39,44076591.2,,,,,,,False,False,False
ITAPIPOCA,CE,2020,MÉDIO PORTE,13366758.76,124476494.24,36109339.46,,,,,,,False,False,False
ITAPIPOCA,CE,2021,MÉDIO PORTE,28265224.35,129215364.99,31874084.73,,,,,,,False,False,False
ITAPIPOCA,CE,2022,MÉDIO PORTE,36499106.15,137226562.67,36520861.339999996,,,,,,,False,False,False
ITAPIPOCA,CE,2023,MÉDIO PORTE,41160388.79,168014663.7,40603708.53,,,,,,,False,False,False
ITAPIPOCA,CE,2024,MÉDIO PORTE,55879149.65,218559431.92,42784472.9,2022-04-26 00:00:00,2021-11-11 00:00:00,,,,,False,False,False
ITAPIRA,SP,2019,MÉDIO PORTE,29689808.79,80445730.57,43063620.25,,,,,,,False,False,False
ITAPIRA,SP,2020,MÉDIO PORTE,27022931.84,95724240.38,36063411.2,,,,,,,False,False,False
ITAPIRA,SP,2021,MÉDIO PORTE,32538502.66,104949497.94,30977645.509999998,,,,,,,False,False,False
ITAPIRA,SP,2022,MÉDIO PORTE,37586261.63,113912327.7,34491242.74,,,,,,,False,False,False
ITAPIRA,SP,2023,MÉDIO PORTE,43657855.29,125392771.0,49434996.19,,,,,,,False,False,False
ITAPIRA,SP,2024,MÉDIO PORTE,44228053.24,153418395.03,39692030.58,2018-10-16 00:00:00,2018-10-16 00:00:00,2020-06-30 00:00:00,I,2023-09-14 00:00:00,II,False,False,False
ITAPISSUMA,PE,2019,MÉDIO PORTE,4575517.7,16412805.36,31466275.8,,,,,,,False,False,False
ITAPISSUMA,PE,2020,MÉDIO PORTE,5382138.09,16056145.72,30540517.939999998,,,,,,,False,False,False
ITAPISSUMA,PE,2021,MÉDIO PORTE,5540834.41,15131155.61,30066764.689999998,,,,,,,False,False,False
ITAPISSUMA,PE,2022,MÉDIO PORTE,6152625.24,11138212.73,30591196.79,,,,,,,False,False,False
ITAPISSUMA,PE,2023,MÉDIO PORTE,7040353.65,5944341.99,30211842.02,,,,,,,False,False,False
ITAPISSUMA,PE,2024,MÉDIO PORTE,6969762.03,605465.15,29882914.93,,,,,,,False,False,False
ITAPORA,MS,2019,MÉDIO PORTE,4580450.29,11234244.18,31451582.79,,,,,,,False,False,False
ITAPORA,MS,2020,MÉDIO PORTE,5131192.73,14291585.32,31536805.9,,,,,,,False,False,False
ITAPORA,MS,2021,MÉDIO PORTE,5955736.79,18922607.99,30053746.82,,,,,,,False,False,False
ITAPORA,MS,2022,MÉDIO PORTE,7392012.09,21834420.67,31635237.54,,,,,,,False,False,False
ITAPORA,MS,2023,MÉDIO PORTE,10736488.24,26484514.84,33965336.78,,,,,,,False,False,False
ITAPORA,MS,2024,MÉDIO PORTE,5449493.92,37988985.72,32709549.939999998,,,,,,,False,False,False
ITAPURANGA,GO,2019,MÉDIO PORTE,4261395.67,9190691.52,30736129.58,,,,,,,False,False,False
ITAPURANGA,GO,2020,MÉDIO PORTE,6072706.72,9028694.87,31297114.669999998,,,,,,,False,False,False
ITAPURANGA,GO,2021,MÉDIO PORTE,6643240.35,12504708.38,30903231.45,,,,,,,False,False,False
ITAPURANGA,GO,2022,MÉDIO PORTE,8605702.8,14497717.46,31128148.8,,,,,,,False,False,False
ITAPURANGA,GO,2023,MÉDIO PORTE,14763335.37,14669080.76,32085517.97,,,,,,,False,False,False
ITAPURANGA,GO,2024,MÉDIO PORTE,23083245.93,24232392.97,32547220.91,,,,,,,False,False,False
ITAQUIRAI,MS,2019,MÉDIO PORTE,5055251.3,23273802.35,33136953.13,,,,,,,False,False,False
ITAQUIRAI,MS,2020,MÉDIO PORTE,6300207.54,29778454.14,31901779.2,,,,,,,False,False,False
ITAQUIRAI,MS,2021,MÉDIO PORTE,8783577.01,37530675.74,29957061.509999998,,,,,,,False,False,False
ITAQUIRAI,MS,2022,MÉDIO PORTE,7074076.01,44141467.89,32471861.21,,,,,,,False,False,False
ITAQUIRAI,MS,2023,MÉDIO PORTE,8725539.36,51069145.19,31280559.88,,,,,,,False,False,False
ITAQUIRAI,MS,2024,MÉDIO PORTE,9787937.36,57976124.93,33719931.55,,,,,,,False,False,False
ITAREMA,CE,2019,MÉDIO PORTE,10581436.03,82723511.14,39796849.76,,,,,,,False,False,False
ITAREMA,CE,2020,MÉDIO PORTE,7090298.48,102471341.29,39306388.59,,,,,,,False,False,False
ITAREMA,CE,2021,MÉDIO PORTE,8729278.65,114229186.89,33717470.87,,,,,,,False,False,False
ITAREMA,CE,2022,MÉDIO PORTE,9980850.9,122189853.24,36969582.44,,,,,,,False,False,False
ITAREMA,CE,2023,MÉDIO PORTE,7354726.34,136791320.63,48713521.46,,,,,,,False,False,False
ITAREMA,CE,2024,MÉDIO PORTE,9637969.95,157201246.31,38679315.22,,,,,,,False,False,False
ITARUMA,GO,2019,PEQUENO PORTE,1546095.3,9607527.72,30921089.189999998,,,,,,,False,False,False
ITARUMA,GO,2020,PEQUENO PORTE,1982618.66,10450575.35,30965181.15,,,,,,,False,False,False
ITARUMA,GO,2021,PEQUENO PORTE,2209817.47,11013421.12,30449554.25,,,,,,,False,False,False
ITARUMA,GO,2022,PEQUENO PORTE,3195458.87,10787228.51,31042461.05,,,,,,,False,False,False
ITARUMA,GO,2023,PEQUENO PORTE,3911014.5,11832560.76,31315233.48,,,,,,,False,False,False
ITARUMA,GO,2024,PEQUENO PORTE,4211197.9,13518566.15,30955258.189999998,,,,,,,False,False,False
ITATIBA DO SUL,RS,2019,PEQUENO PORTE,1248483.0,20226739.17,32247748.32,,,,,,,False,False,False
ITATIBA DO SUL,RS,2020,PEQUENO PORTE,1530272.84,22334572.49,31046963.02,,,,,,,False,False,False
ITATIBA DO SUL,RS,2021,PEQUENO PORTE,1556427.0,23454348.15,30513889.599999998,,,,,,,False,False,False
ITATIBA DO SUL,RS,2022,PEQUENO PORTE,1869718.84,23685799.57,32321936.4,,,,,,,False,False,False
ITATIBA DO SUL,RS,2023,PEQUENO PORTE,2328880.66,25646649.82,32831137.54,,,,,,,False,False,False
ITATIBA DO SUL,RS,2024,PEQUENO PORTE,2352199.58,28254060.79,32248116.77,,,,,,,False,False,False
ITATINGA,SP,2019,PEQUENO PORTE,3814948.86,26105693.21,33721953.4,,,,,,,False,False,False
ITATINGA,SP,2020,PEQUENO PORTE,4635434.87,31906906.42,31422891.75,,,,,,,False,False,False
ITATINGA,SP,2021,PEQUENO PORTE,4822967.19,36039052.68,30632893.32,,,,,,,False,False,False
ITATINGA,SP,2022,PEQUENO PORTE,5968856.49,39383811.88,33605454.86,,,,,,,False,False,False
ITATINGA,SP,2023,MÉDIO PORTE,7650058.06,45788574.78,36090604.97,,,,,,,False,False,False
ITATINGA,SP,2024,MÉDIO PORTE,8434422.33,57139053.6,32549100.75,2024-04-08 00:00:00,2024-04-01 00:00:00,,,,,False,False,False
ITAU,RN,2019,PEQUENO PORTE,519079.33,2048924.09,29982660.13,,,,,,,False,False,False
ITAU,RN,2020,PEQUENO PORTE,783694.73,1194246.15,29900747.02,,,,,,,False,False,False
ITAU,RN,2021,PEQUENO PORTE,2120329.48,581953.9399999998,29879162.77,,,,,,,False,False,False
ITAU,RN,2022,PEQUENO PORTE,2837936.01,365235.22,29932417.86,,,,,,,False,False,False
ITAU,RN,2023,PEQUENO PORTE,1399982.72,1316718.98,30090699.74,,,,,,,False,False,False
ITAU,RN,2024,PEQUENO PORTE,1434531.5,1316756.19,29921693.009999998,,,,,,,False,False,False
ITAUBA,MT,2019,PEQUENO PORTE,1920659.6,8783872.6,31205780.169999998,,,,,,,False,False,False
ITAUBA,MT,2020,PEQUENO PORTE,2504294.71,10839397.64,30623211.49,,,,,,,False,False,False
ITAUBA,MT,2021,PEQUENO PORTE,2245839.62,12313301.4,29572828.22,,,,,,,False,False,False
ITAUBA,MT,2022,PEQUENO PORTE,2916215.79,13471105.22,30973103.23,,,,,,,False,False,False
ITAUBA,MT,2023,PEQUENO PORTE,3233298.07,16005497.04,32358305.7,,,,,,,False,False,False
ITAUBA,MT,2024,PEQUENO PORTE,4449034.66,19619164.15,30292394.61,2022-09-20 00:00:00,2022-07-25 00:00:00,,,,,False,False,False
ITAUCU,GO,2019,PEQUENO PORTE,2049324.63,36777.67,29863587.16,,,,,,,False,False,False
ITAUCU,GO,2020,PEQUENO PORTE,2550175.7,35152.47,29862565.869999997,,,,,,,False,False,False
ITAUCU,GO,2021,PEQUENO PORTE,2681475.15,28139.92,29863016.79,,,,,,,False,False,False
ITAUCU,GO,2022,PEQUENO PORTE,3585618.88,122247.32,29864268.06,,,,,,,False,False,False
ITAUCU,GO,2023,PEQUENO PORTE,1914353.98,41510.07,29867404.97,,,,,,,False,False,False
ITAUCU,GO,2024,PEQUENO PORTE,2166466.53,50430.75,29865667.77,,,,,,,False,False,False
ITUIUTABA,MG,2019,MÉDIO PORTE,17637799.54,10197900.52,31175175.75,,,,,,,False,False,False
ITUIUTABA,MG,2020,MÉDIO PORTE,17349178.13,17091476.11,30926432.509999998,,,,,,,False,False,False
ITUIUTABA,MG,2021,MÉDIO PORTE,19170937.33,24332717.43,31038434.49,,,,,,,False,False,False
ITUIUTABA,MG,2022,MÉDIO PORTE,21490795.21,30621320.59,31655759.09,,,,,,,False,False,False
ITUIUTABA,MG,2023,MÉDIO PORTE,22726747.24,38654502.91,34754138.53,,,,,,,False,False,False
ITUIUTABA,MG,2024,MÉDIO PORTE,22180127.75,47127641.31,34991871.49,,,,,,,False,False,False
ITUVERAVA,SP,2019,MÉDIO PORTE,10087367.65,92778301.70000002,43244036.78,,,,,,,False,False,False
ITUVERAVA,SP,2020,MÉDIO PORTE,10231394.14,109100988.02,37607305.62,,,,,,,False,False,False
ITUVERAVA,SP,2021,MÉDIO PORTE,10655067.86,123255516.37,31119523.74,,,,,,,False,False,False
ITUVERAVA,SP,2022,MÉDIO PORTE,20992865.28,136319607.52,39215406.85,,,,,,,False,False,False
ITUVERAVA,SP,2023,MÉDIO PORTE,28911906.62,153751849.24,52202779.07,,,,,,,False,False,False
ITUVERAVA,SP,2024,MÉDIO PORTE,23689188.54,176537618.61,39216474.56,,,,,,,False,False,False
IVATUBA,PR,2019,PEQUENO PORTE,1299574.33,15182228.56,32399833.599999998,,,,,,,False,False,False
IVATUBA,PR,2020,PEQUENO PORTE,1338876.01,17769056.72,32006697.91,,,,,,,False,False,False
IVATUBA,PR,2021,PEQUENO PORTE,1477026.78,18947428.75,30631369.57,,,,,,,False,False,False
IVATUBA,PR,2022,PEQUENO PORTE,1704540.9,18762235.23,32280501.02,,,,,,,False,False,False
IVATUBA,PR,2023,PEQUENO PORTE,2224704.97,19869173.36,32901076.11,,,,,,,False,False,False
IVATUBA,PR,2024,PEQUENO PORTE,1541605.86,23336484.2,31105266.189999998,,,,,,,False,False,False
IVINHEMA,MS,2019,MÉDIO PORTE,5598357.81,35461815.88,36244757.19,,,,,,,False,False,False
IVINHEMA,MS,2020,MÉDIO PORTE,5096657.74,43664684.6,30326020.029999997,,,,,,,False,False,False
IVINHEMA,MS,2021,MÉDIO PORTE,10137554.31,49410306.23,28590964.279999997,,,,,,,False,False,False
IVINHEMA,MS,2022,MÉDIO PORTE,12589897.35,57532573.98,36874163.589999996,,,,,,,False,False,False
IVINHEMA,MS,2023,MÉDIO PORTE,12356564.66,67909042.59,42439284.45,,,,,,,False,False,False
IVINHEMA,MS,2024,MÉDIO PORTE,19505117.91,82112870.98,45015449.26,,,,,,,False,False,False
IVOLANDIA,GO,2019,PEQUENO PORTE,820243.56,3436035.3,30249399.8,,,,,,,False,False,False
IVOLANDIA,GO,2020,PEQUENO PORTE,1032707.51,3777193.94,29862452.79,,,,,,,False,False,False
IVOLANDIA,GO,2021,PEQUENO PORTE,2227763.42,4691701.0,30004176.5,,,,,,,False,False,False
IVOLANDIA,GO,2022,PEQUENO PORTE,2776882.38,5760373.57,30326903.79,,,,,,,False,False,False
IVOLANDIA,GO,2023,PEQUENO PORTE,2592656.42,7481005.49,30931066.369999997,,,,,,,False,False,False
IVOLANDIA,GO,2024,PEQUENO PORTE,2767668.82,10217418.34,30848524.64,,,,,,,False,False,False
IVORA,RS,2019,PEQUENO PORTE,1231172.6,16104714.51,31694565.54,,,,,,,False,False,False
IVORA,RS,2020,PEQUENO PORTE,1316591.72,17956433.86,30954258.47,,,,,,,False,False,False
IVORA,RS,2021,PEQUENO PORTE,1454939.38,18955447.77,30669430.15,,,,,,,False,False,False
IVORA,RS,2022,PEQUENO PORTE,1606917.74,19706336.04,31848220.06,,,,,,,False,False,False
IVORA,RS,2023,PEQUENO PORTE,1815480.51,21698982.48,32568184.78,,,,,,,False,False,False
IVORA,RS,2024,PEQUENO PORTE,1371817.1,24310085.74,31571552.32,,,,,,,False,False,False
IVOTI,RS,2019,MÉDIO PORTE,10370215.35,62935125.29,37100840.32,,,,,,,False,False,False
IVOTI,RS,2020,MÉDIO PORTE,10570809.13,76563722.78,34079058.69,,,,,,,False,False,False
IVOTI,RS,2021,MÉDIO PORTE,10984129.83,87025783.93,31748355.46,,,,,,,False,False,False
IVOTI,RS,2022,MÉDIO PORTE,12436233.02,96706923.6,38122876.79,,,,,,,False,False,False
IVOTI,RS,2023,MÉDIO PORTE,12532307.32,110250308.92,45200324.81,,,,,,,False,False,False
IVOTI,RS,2024,MÉDIO PORTE,14004642.09,133409925.53,39355581.0,2018-10-23 00:00:00,2018-10-10 00:00:00,2020-02-17 00:00:00,I,VENCIDA,,False,False,False
JABOATAO DOS GUARARAPES,PE,2019,GRANDE PORTE,108559096.02,219232545.17,60831961.0,,,,,,,False,False,False
JABOATAO DOS GUARARAPES,PE,2020,GRANDE PORTE,112188350.35,308079759.83,45024227.51,,,,,,,False,False,False
JABOATAO DOS GUARARAPES,PE,2021,GRANDE PORTE,115884595.37,403213993.96,34494845.18,,,,,,,False,False,False
JABOATAO DOS GUARARAPES,PE,2022,GRANDE PORTE,137088835.66,477926033.1,73576449.06,,,,,,,False,False,False
JABOATAO DOS GUARARAPES,PE,2023,GRANDE PORTE,148436530.65,594835162.0,112156490.66,,,,,,,False,False,False
JABOATAO DOS GUARARAPES,PE,2024,GRANDE PORTE,165772604.24,776039729.42,93979696.19,2020-09-28 00:00:00,2020-05-11 00:00:00,2023-09-19 00:00:00,II,,II,False,False,False
JABOTI,PR,2019,PEQUENO PORTE,1314018.17,2797932.71,30412487.22,,,,,,,False,False,False
JABOTI,PR,2020,PEQUENO PORTE,1936680.91,4574795.49,29860436.54,,,,,,,False,False,False
JABOTI,PR,2021,PEQUENO PORTE,2164025.98,5582437.82,30099168.88,,,,,,,False,False,False
JABOTI,PR,2022,PEQUENO PORTE,2378043.72,6584299.64,30378055.54,,,,,,,False,False,False
JABOTI,PR,2023,PEQUENO PORTE,2925972.21,8513993.22,30939425.72,,,,,,,False,False,False
JABOTI,PR,2024,PEQUENO PORTE,3356415.02,9873729.05,30877677.13,,,,,,,False,False,False
JACIARA,MT,2019,MÉDIO PORTE,6696626.3,27189245.02000001,29899465.32,,,,,,,False,False,False
JACIARA,MT,2020,MÉDIO PORTE,7144036.73,31515002.75,29864914.689999998,,,,,,,False,False,False
JACIARA,MT,2021,MÉDIO PORTE,9354364.53,35080381.09,29862452.79,,,,,,,False,False,False
JACIARA,MT,2022,MÉDIO PORTE,11417458.24,38519647.69000001,29862452.79,,,,,,,False,False,False
JACIARA,MT,2023,MÉDIO PORTE,11283650.66,44033127.76,29879161.58,,,,,,,False,False,False
JACIARA,MT,2024,MÉDIO PORTE,11705233.32,53899123.97,30152802.14,,,,,,,False,False,False
JACOBINA,BA,2019,MÉDIO PORTE,15113750.95,597841.15,29862612.88,,,,,,,False,False,False
JACOBINA,BA,2020,MÉDIO PORTE,13388923.2,861442.1499999999,29862931.99,,,,,,,False,False,False
JACOBINA,BA,2021,MÉDIO PORTE,28886654.46,2092566.22,29978654.24,,,,,,,False,False,False
JACOBINA,BA,2022,MÉDIO PORTE,23839187.69,8516658.11,30251871.169999998,,,,,,,False,False,False
JACOBINA,BA,2023,MÉDIO PORTE,31398202.59,126841.9,29862452.79,,,,,,,False,False,False
JACOBINA,BA,2024,MÉDIO PORTE,33682428.71,113813.36,29878262.939999998,2021-10-05 00:00:00,2021-09-23 00:00:00,2023-10-24 00:00:00,II,,II,False,False,False
JACUTINGA,RS,2019,PEQUENO PORTE,1994918.2,10020296.37,31203065.849999998,,,,,,,False,False,False
JACUTINGA,RS,2020,PEQUENO PORTE,2302292.93,11203077.42,30772577.38,,,,,,,False,False,False
JACUTINGA,RS,2021,PEQUENO PORTE,2252702.76,12428588.03,30851589.27,,,,,,,False,False,False
JACUTINGA,RS,2022,PEQUENO PORTE,2972106.18,13311072.19,31105407.83,,,,,,,False,False,False
JACUTINGA,RS,2023,PEQUENO PORTE,2822386.32,14448018.03,31688846.81,,,,,,,False,False,False
JACUTINGA,RS,2024,PEQUENO PORTE,2366352.45,15641312.43,32706992.22,,,,,,,False,False,False
JAGUARAO,RS,2019,MÉDIO PORTE,6062860.07,65128974.09,36768254.99,,,,,,,False,False,False
JAGUARAO,RS,2020,MÉDIO PORTE,7106287.07,71037372.62000002,33980247.98,,,,,,,False,False,False
JAGUARAO,RS,2021,MÉDIO PORTE,7424694.56,72542750.22,32908483.61,,,,,,,False,False,False
JAGUARAO,RS,2022,MÉDIO PORTE,10183534.05,74270201.75,38749814.82,,,,,,,False,False,False
JAGUARAO,RS,2023,MÉDIO PORTE,11283654.52,81711726.76,40184550.46,,,,,,,False,False,False
JAGUARAO,RS,2024,MÉDIO PORTE,11735457.32,89099533.55,37323383.67,,,,,,,False,False,False
JAGUARI,RS,2019,PEQUENO PORTE,3202534.81,15272272.74,31952580.02,,,,,,,False,False,False
JAGUARI,RS,2020,PEQUENO PORTE,2871719.94,16547985.79,31495474.86,,,,,,,False,False,False
JAGUARI,RS,2021,PEQUENO PORTE,6032371.65,16210869.04,30686483.63,,,,,,,False,False,False
JAGUARI,RS,2022,PEQUENO PORTE,2050120.27,17046363.97,31481008.14,,,,,,,False,False,False
JAGUARI,RS,2023,PEQUENO PORTE,7209245.69,15611136.38,31993510.28,,,,,,,False,False,False
JAGUARI,RS,2024,PEQUENO PORTE,3624667.66,16704925.02,31125561.24,,,,,,,False,False,False
JAGUARIAIVA,PR,2019,MÉDIO PORTE,6525003.66,36787649.01,33389872.68,,,,,,,False,False,False
JAGUARIAIVA,PR,2020,MÉDIO PORTE,6806724.02,42299037.89,32761882.34,,,,,,,False,False,False
JAGUARIAIVA,PR,2021,MÉDIO PORTE,8222506.01,46534314.46,30823083.099999998,,,,,,,False,False,False
JAGUARIAIVA,PR,2022,MÉDIO PORTE,10266544.86,52773279.08000001,34962067.66,,,,,,,False,False,False
JAGUARIAIVA,PR,2023,MÉDIO PORTE,11545147.43,62067062.95,38705648.32,,,,,,,False,False,False
JAGUARIAIVA,PR,2024,MÉDIO PORTE,13064907.79,78393301.97,36143725.48,2024-03-07 00:00:00,3024-03-03 00:00:00,,,,,False,False,False
JAICOS,PI,2019,PEQUENO PORTE,2053705.45,20142057.14,32023487.54,,,,,,,False,False,False
JAICOS,PI,2020,PEQUENO PORTE,2546304.88,22419761.57,30983604.689999998,,,,,,,False,False,False
JAICOS,PI,2021,PEQUENO PORTE,3054533.95,23731789.54,30145979.48,,,,,,,False,False,False
JAICOS,PI,2022,PEQUENO PORTE,3946451.12,24717968.08,32387296.97,,,,,,,False,False,False
JAICOS,PI,2023,PEQUENO PORTE,4258454.94,26224734.25,33279236.15,,,,,,,False,False,False
JAICOS,PI,2024,PEQUENO PORTE,4576726.29,27980152.23,31736024.529999997,2022-02-07 00:00:00,2021-12-14 00:00:00,,,,,False,False,False
JANAUBA,MG,2019,MÉDIO PORTE,12210579.59,31476147.43,34975842.85,,,,,,,False,False,False
JANAUBA,MG,2020,MÉDIO PORTE,12596462.27,39678229.65000001,32802092.419999998,,,,,,,False,False,False
JANAUBA,MG,2021,MÉDIO PORTE,12551499.61,48119982.06,28650311.2,,,,,,,False,False,False
JANAUBA,MG,2022,MÉDIO PORTE,12024456.76,50342691.88,33900741.98,,,,,,,False,False,False
JANAUBA,MG,2023,MÉDIO PORTE,15767720.33,58505213.14,37194631.3,,,,,,,False,False,False
JANAUBA,MG,2024,MÉDIO PORTE,1942163.71,67232156.49,31303174.93,,,,,,,False,False,False
JANDAIA,GO,2019,PEQUENO PORTE,2911545.48,1872247.68,30033102.79,,,,,,,False,False,False
JANDAIA,GO,2020,PEQUENO PORTE,2690790.18,1532688.91,29993425.0,,,,,,,False,False,False
JANDAIA,GO,2021,PEQUENO PORTE,4021067.87,2558086.91,30010115.349999998,,,,,,,False,False,False
JANDAIA,GO,2022,PEQUENO PORTE,3919527.1,3310303.74,30217206.279999997,,,,,,,False,False,False
JANDAIA,GO,2023,PEQUENO PORTE,3783422.98,3539651.63,30156589.869999997,,,,,,,False,False,False
JANDAIA,GO,2024,PEQUENO PORTE,3973946.41,2426906.06,30156410.33,,,,,,,False,False,False
JANIOPOLIS,PR,2019,PEQUENO PORTE,4821241.69,4646663.5,30669349.8,,,,,,,False,False,False
JANIOPOLIS,PR,2020,PEQUENO PORTE,5471926.37,6398645.38,30031908.58,,,,,,,False,False,False
JANIOPOLIS,PR,2021,PEQUENO PORTE,5774554.36,7887491.300000002,29941365.2,,,,,,,False,False,False
JANIOPOLIS,PR,2022,PEQUENO PORTE,6038216.93,9023527.8,30658564.45,,,,,,,False,False,False
JANIOPOLIS,PR,2023,PEQUENO PORTE,6239874.58,10545235.73,31351381.8,,,,,,,False,False,False
JANIOPOLIS,PR,2024,PEQUENO PORTE,3487217.91,12702541.38,30563282.04,,,,,,,False,False,False
JANUARIA,MG,2019,MÉDIO PORTE,4408054.37,22591833.19,33377602.23,,,,,,,False,False,False
JANUARIA,MG,2020,MÉDIO PORTE,7713751.73,29370426.78,34317179.11,,,,,,,False,False,False
JANUARIA,MG,2021,MÉDIO PORTE,15076655.08,38972353.45,32451230.22,,,,,,,False,False,False
JANUARIA,MG,2022,MÉDIO PORTE,17568599.5,52502778.98,35450412.95,,,,,,,False,False,False
JANUARIA,MG,2023,MÉDIO PORTE,17247036.06,67993468.95,40626371.989999995,,,,,,,False,False,False
JANUARIA,MG,2024,MÉDIO PORTE,13025601.81,90709779.91,39031563.23,,,,,,,False,False,False
JAPARAIBA,MG,2019,PEQUENO PORTE,1409004.73,5564273.31,30528891.669999998,,,,,,,False,False,False
JAPARAIBA,MG,2020,PEQUENO PORTE,1696153.31,6989942.02,30319239.48,,,,,,,False,False,False
JAPARAIBA,MG,2021,PEQUENO PORTE,1811024.97,8355261.65,30070976.55,,,,,,,False,False,False
JAPARAIBA,MG,2022,PEQUENO PORTE,1983496.55,9481800.33,30752103.88,,,,,,,False,False,False
JAPARAIBA,MG,2023,PEQUENO PORTE,2242989.93,11246302.87,31471663.68,,,,,,,False,False,False
JAPARAIBA,MG,2024,PEQUENO PORTE,2319520.78,13865602.12,31004931.68,,,,,,,False,False,False
JAPONVAR,MG,2019,PEQUENO PORTE,1492248.74,7506058.61,30461024.63,,,,,,,False,False,False
JAPONVAR,MG,2020,PEQUENO PORTE,1734679.82,9617544.45,30456173.15,,,,,,,False,False,False
JAPONVAR,MG,2021,PEQUENO PORTE,1764667.58,12119245.33,30091605.9,,,,,,,False,False,False
JAPONVAR,MG,2022,PEQUENO PORTE,1914588.25,13315540.23,30365820.369999997,,,,,,,False,False,False
JAPONVAR,MG,2023,PEQUENO PORTE,2061233.18,15219917.09,31724090.27,,,,,,,False,False,False
JAPONVAR,MG,2024,PEQUENO PORTE,2229115.69,18727197.16,30817062.869999997,,,,,,,False,False,False
JAPURA,PR,2019,PEQUENO PORTE,2728048.24,16316442.75,32411361.849999998,,,,,,,False,False,False
JAPURA,PR,2020,PEQUENO PORTE,3247168.84,18758423.54,30888030.14,,,,,,,False,False,False
JAPURA,PR,2021,PEQUENO PORTE,3860668.21,20894567.01,29134232.07,,,,,,,False,False,False
JAPURA,PR,2022,PEQUENO PORTE,4785119.97,20317295.55,31157137.18,,,,,,,False,False,False
JAPURA,PR,2023,PEQUENO PORTE,5359840.93,21500284.49,32133173.23,,,,,,,False,False,False
JAPURA,PR,2024,PEQUENO PORTE,5502700.36,25188134.15,31078927.619999997,2022-08-10 00:00:00,2022-08-10 00:00:00,2023-12-06 00:00:00,I,,I,False,False,False
JAQUIRANA,RS,2019,PEQUENO PORTE,1418096.48,13728660.92,31787109.33,,,,,,,False,False,False
JAQUIRANA,RS,2020,PEQUENO PORTE,1512649.84,15224929.73,30536158.009999998,,,,,,,False,False,False
JAQUIRANA,RS,2021,PEQUENO PORTE,1562072.52,15207345.49,30290888.49,,,,,,,False,False,False
JAQUIRANA,RS,2022,PEQUENO PORTE,1592018.71,15104617.62,31520723.59,,,,,,,False,False,False
JAQUIRANA,RS,2023,PEQUENO PORTE,1591397.74,15960208.52,31827902.96,,,,,,,False,False,False
JAQUIRANA,RS,2024,PEQUENO PORTE,1916876.44,17001975.88,31287026.04,,,,,,,False,False,False
JARDIM,MS,2019,PEQUENO PORTE,3374498.33,14871635.03,31429364.63,,,,,,,False,False,False
JARDIM,MS,2020,MÉDIO PORTE,3458356.68,11977723.28,30207803.47,,,,,,,False,False,False
JARDIM,MS,2021,MÉDIO PORTE,5962983.62,6105373.19,29771733.15,,,,,,,False,False,False
JARDIM,MS,2022,MÉDIO PORTE,6402090.69,5211259.57,30562437.07,,,,,,,False,False,False
JARDIM,MS,2023,MÉDIO PORTE,6837745.78,9337850.79,31245471.009999998,,,,,,,False,False,False
JARDIM,MS,2024,MÉDIO PORTE,7492470.66,10024107.77,30561280.24,2019-12-05 00:00:00,2019-11-07 00:00:00,,,,,False,False,False
JARDIM OLINDA,PR,2019,PEQUENO PORTE,964510.82,4019754.13,30281830.91,,,,,,,False,False,False
JARDIM OLINDA,PR,2020,PEQUENO PORTE,985474.3,4471620.67,30272227.83,,,,,,,False,False,False
JARDIM OLINDA,PR,2021,PEQUENO PORTE,1057297.36,5761883.19,30045905.21,,,,,,,False,False,False
JARDIM OLINDA,PR,2022,PEQUENO PORTE,1336204.47,6300280.85,30596194.77,,,,,,,False,False,False
JARDIM OLINDA,PR,2023,PEQUENO PORTE,1635147.16,7783713.03,31033916.31,,,,,,,False,False,False
JARDIM OLINDA,PR,2024,PEQUENO PORTE,2130920.57,9847623.11,30687685.32,,,,,,,False,False,False
JARU,RO,2019,MÉDIO PORTE,11208700.55,93278939.44,40462841.4,,,,,,,False,False,False
JARU,RO,2020,MÉDIO PORTE,9880849.5,107320351.96,36593021.15,,,,,,,False,False,False
JARU,RO,2021,MÉDIO PORTE,11089648.57,118636477.2,31678486.63,,,,,,,False,False,False
JARU,RO,2022,MÉDIO PORTE,13845658.37,124449610.52,39845797.79,,,,,,,False,False,False
JARU,RO,2023,MÉDIO PORTE,13865916.89,142401535.57,50288464.08,,,,,,,False,False,False
JARU,RO,2024,MÉDIO PORTE,14020344.26,171464865.41,39903837.4,2023-03-31 00:00:00,2023-03-30 00:00:00,2024-11-08 00:00:00,I,,I,False,False,False
JATAUBA,PE,2019,PEQUENO PORTE,2504312.43,17399.43,30190981.25,,,,,,,False,False,False
JATAUBA,PE,2020,PEQUENO PORTE,2799900.61,66958.96,29863043.7,,,,,,,False,False,False
JATAUBA,PE,2021,PEQUENO PORTE,3924839.71,41249.81,29875645.439999998,,,,,,,False,False,False
JATAUBA,PE,2022,PEQUENO PORTE,4362128.85,565471.63,30077159.79,,,,,,,False,False,False
JATAUBA,PE,2023,PEQUENO PORTE,5223193.87,2523063.62,30409998.95,,,,,,,False,False,False
JATAUBA,PE,2024,PEQUENO PORTE,5916675.6,6727382.72,30519425.79,2023-06-27 00:00:00,2023-06-21 00:00:00,,,,,False,False,False
JATEI,MS,2019,PEQUENO PORTE,3863248.84,14611037.52,31510059.46,,,,,,,False,False,False
JATEI,MS,2020,PEQUENO PORTE,3979536.77,17156314.36,31673607.21,,,,,,,False,False,False
JATEI,MS,2021,PEQUENO PORTE,3525761.65,19804043.38,30779916.34,,,,,,,False,False,False
JATEI,MS,2022,PEQUENO PORTE,4153934.4,21706262.55,32277641.0,,,,,,,False,False,False
JATEI,MS,2023,PEQUENO PORTE,4584986.63,25365679.56,33635125.23,,,,,,,False,False,False
JATEI,MS,2024,PEQUENO PORTE,3650667.62,30106723.89,31955799.23,,,,,,,False,False,False
JAURU,MT,2019,PEQUENO PORTE,3024661.97,16878173.52,32602194.98,,,,,,,False,False,False
JAURU,MT,2020,PEQUENO PORTE,3730763.46,20468502.66,31135321.189999998,,,,,,,False,False,False
JAURU,MT,2021,PEQUENO PORTE,4012337.73,23417675.83,30251911.39,,,,,,,False,False,False
JAURU,MT,2022,PEQUENO PORTE,4734511.15,25327736.53,30846989.029999997,,,,,,,False,False,False
JAURU,MT,2023,PEQUENO PORTE,6025662.55,28144892.47,34412543.019999996,,,,,,,False,False,False
JAURU,MT,2024,PEQUENO PORTE,6415750.81,34268163.23,32913921.16,,,,,,,False,False,False
JERONIMO MONTEIRO,ES,2019,PEQUENO PORTE,2443924.13,12083944.36,32719500.65,,,,,,,False,False,False
JERONIMO MONTEIRO,ES,2020,PEQUENO PORTE,2436655.56,15074748.68,30416755.49,,,,,,,False,False,False
JERONIMO MONTEIRO,ES,2021,PEQUENO PORTE,2905372.36,15421833.05,29418826.279999997,,,,,,,False,False,False
JERONIMO MONTEIRO,ES,2022,PEQUENO PORTE,2905213.4,15209220.36,30862262.7,,,,,,,False,False,False
JERONIMO MONTEIRO,ES,2023,PEQUENO PORTE,2964226.09,17075624.24,32546568.5,,,,,,,False,False,False
JERONIMO MONTEIRO,ES,2024,PEQUENO PORTE,3237826.76,20540151.37,29409382.33,2022-07-25 00:00:00,2022-07-11 00:00:00,,,,,False,False,False
JESUPOLIS,GO,2019,PEQUENO PORTE,1024454.52,4079050.82,30237287.99,,,,,,,False,False,False
JESUPOLIS,GO,2020,PEQUENO PORTE,1122444.06,4390535.75,30121009.619999997,,,,,,,False,False,False
JESUPOLIS,GO,2021,PEQUENO PORTE,1341196.47,5435497.02,30079910.2,,,,,,,False,False,False
JESUPOLIS,GO,2022,PEQUENO PORTE,1572488.33,5972061.28,30492411.4,,,,,,,False,False,False
JESUPOLIS,GO,2023,PEQUENO PORTE,1772392.66,6990366.11,30733151.34,,,,,,,False,False,False
JESUPOLIS,GO,2024,PEQUENO PORTE,1845918.19,8214639.18,30616336.63,,,,,,,False,False,False
JI-PARANA,RO,2019,MÉDIO PORTE,16881286.3,163169493.84,30799122.77,,,,,,,False,False,False
JI-PARANA,RO,2020,MÉDIO PORTE,17719374.67,174849169.25,37837254.99,,,,,,,False,False,False
JI-PARANA,RO,2021,MÉDIO PORTE,21402115.8,196621061.45,29184531.24,,,,,,,False,False,False
JI-PARANA,RO,2022,MÉDIO PORTE,26974939.39,195067369.53,44422031.34,,,,,,,False,False,False
JI-PARANA,RO,2023,MÉDIO PORTE,30188513.09,230898527.59,62833766.18,,,,,,,False,False,False
JI-PARANA,RO,2024,MÉDIO PORTE,32719369.19,283961291.14,48979403.019999996,2022-12-08 00:00:00,2022-12-02 00:00:00,,,,,False,False,False
JOAO ALFREDO,PE,2019,MÉDIO PORTE,4978442.64,4195388.649999999,30634292.02,,,,,,,False,False,False
JOAO ALFREDO,PE,2020,MÉDIO PORTE,5438688.63,6089597.970000002,30242919.24,,,,,,,False,False,False
JOAO ALFREDO,PE,2021,MÉDIO PORTE,5571703.6,9690394.53,29878024.33,,,,,,,False,False,False
JOAO ALFREDO,PE,2022,MÉDIO PORTE,5578352.63,10790514.85,30822491.939999998,,,,,,,False,False,False
JOAO ALFREDO,PE,2023,MÉDIO PORTE,4087814.27,11146612.95,30919732.39,,,,,,,False,False,False
JOAO ALFREDO,PE,2024,MÉDIO PORTE,2434009.43,9750626.27,30529982.759999998,03/02/035,2025-02-03 00:00:00,,,,,False,False,False
JOAO PINHEIRO,MG,2019,MÉDIO PORTE,7918631.54,35227141.77,34457791.48,,,,,,,False,False,False
JOAO PINHEIRO,MG,2020,MÉDIO PORTE,6957718.5,42540755.12,31364312.009999998,,,,,,,False,False,False
JOAO PINHEIRO,MG,2021,MÉDIO PORTE,12858993.13,46111673.79000001,31106729.61,,,,,,,False,False,False
JOAO PINHEIRO,MG,2022,MÉDIO PORTE,14933088.73,52354918.15000001,33400695.79,,,,,,,False,False,False
JOAO PINHEIRO,MG,2023,MÉDIO PORTE,16583720.28,61693159.36,38336831.04,,,,,,,False,False,False
JOAO PINHEIRO,MG,2024,MÉDIO PORTE,13975505.6,72574668.97,36230459.31,,,,,,,False,False,False
JOAO RAMALHO,SP,2019,PEQUENO PORTE,3213807.89,17329679.38,31797298.74,,,,,,,False,False,False
JOAO RAMALHO,SP,2020,PEQUENO PORTE,3240200.18,20220023.28,30996653.029999997,,,,,,,False,False,False
JOAO RAMALHO,SP,2021,PEQUENO PORTE,1808958.99,22002071.09,30589557.43,,,,,,,False,False,False
JOAO RAMALHO,SP,2022,PEQUENO PORTE,2162533.54,22396248.01,31545561.93,,,,,,,False,False,False
JOAO RAMALHO,SP,2023,PEQUENO PORTE,2611155.95,24238124.7,33074691.549999997,,,,,,,False,False,False
JOAO RAMALHO,SP,2024,PEQUENO PORTE,2590221.49,28045334.81,31289256.84,,,,,,,False,False,False
JOAQUIM PIRES,PI,2019,PEQUENO PORTE,1709036.67,7210127.87,30766467.46,,,,,,,False,False,False
JOAQUIM PIRES,PI,2020,PEQUENO PORTE,2638917.77,9160674.49,30498562.24,,,,,,,False,False,False
JOAQUIM PIRES,PI,2021,PEQUENO PORTE,3405211.23,11759392.43,29612030.119999997,,,,,,,False,False,False
JOAQUIM PIRES,PI,2022,PEQUENO PORTE,3804044.18,13939926.68,30890294.93,,,,,,,False,False,False
JOAQUIM PIRES,PI,2023,PEQUENO PORTE,5108983.18,17271396.03,31402878.33,,,,,,,False,False,False
JOAQUIM PIRES,PI,2024,PEQUENO PORTE,5292110.01,23195218.91,31226744.119999997,,,,,,,False,False,False
JOSE DE FREITAS,PI,2019,MÉDIO PORTE,5333906.01,16088137.85,31183936.509999998,,,,,,,False,False,False
JOSE DE FREITAS,PI,2020,MÉDIO PORTE,6001408.24,19498562.15,30894745.89,,,,,,,False,False,False
JOSE DE FREITAS,PI,2021,MÉDIO PORTE,6472320.3,23178394.92,30145934.5,,,,,,,False,False,False
JOSE DE FREITAS,PI,2022,MÉDIO PORTE,10112081.64,25460442.67,32653189.61,,,,,,,False,False,False
JOSE DE FREITAS,PI,2023,MÉDIO PORTE,11673709.92,29873605.75,34109091.65,,,,,,,False,False,False
JOSE DE FREITAS,PI,2024,MÉDIO PORTE,11197033.46,36279734.57,32695420.49,2022-02-07 00:00:00,2021-12-14 00:00:00,,,,,False,False,False
JOVIANIA,GO,2019,PEQUENO PORTE,2009105.87,9953576.46,30948391.02,,,,,,,False,False,False
JOVIANIA,GO,2020,PEQUENO PORTE,2836812.89,10317077.9,30701247.07,,,,,,,False,False,False
JOVIANIA,GO,2021,PEQUENO PORTE,3928815.88,10447330.08,30038837.52,,,,,,,False,False,False
JOVIANIA,GO,2022,PEQUENO PORTE,4758677.5,10920915.38,30794695.02,,,,,,,False,False,False
JOVIANIA,GO,2023,PEQUENO PORTE,5800142.04,12594189.13,31460633.8,,,,,,,False,False,False
JOVIANIA,GO,2024,PEQUENO PORTE,7310142.35,14668428.4,31890346.09,,,,,,,False,False,False
JUATUBA,MG,2019,MÉDIO PORTE,7481836.25,18448516.28,35199005.26,,,,,,,False,False,False
JUATUBA,MG,2020,MÉDIO PORTE,8606249.31,26747662.94,31426311.849999998,,,,,,,False,False,False
JUATUBA,MG,2021,MÉDIO PORTE,9314494.44,34834033.3,31144545.81,,,,,,,False,False,False
JUATUBA,MG,2022,MÉDIO PORTE,8675692.58,42653700.73,30862540.4,,,,,,,False,False,False
JUATUBA,MG,2023,MÉDIO PORTE,10266127.8,49070924.79,34539118.79,,,,,,,False,False,False
JUATUBA,MG,2024,MÉDIO PORTE,11287839.97,60720059.37,34849564.3,2021-05-28 00:00:00,2021-05-21 00:00:00,2022-03-14 00:00:00,I,,I,False,False,False
JUAZEIRINHO,PB,2019,MÉDIO PORTE,2898078.48,7567382.32,30663829.29,,,,,,,False,False,False
JUAZEIRINHO,PB,2020,MÉDIO PORTE,3172448.78,8175566.49,30173091.05,,,,,,,False,False,False
JUAZEIRINHO,PB,2021,MÉDIO PORTE,5085954.54,8727428.030000001,29862452.79,,,,,,,False,False,False
JUAZEIRINHO,PB,2022,MÉDIO PORTE,5316345.96,10007834.36,29862452.79,,,,,,,False,False,False
JUAZEIRINHO,PB,2023,MÉDIO PORTE,5834814.38,11668990.37,29862452.79,,,,,,,False,False,False
JUAZEIRINHO,PB,2024,MÉDIO PORTE,5612909.2,14611735.56,29862452.79,,,,,,,False,False,False
JUCATI,PE,2019,PEQUENO PORTE,1445797.52,5561027.37,30164097.68,,,,,,,False,False,False
JUCATI,PE,2020,PEQUENO PORTE,977244.3,4517118.390000001,29967331.95,,,,,,,False,False,False
JUCATI,PE,2021,PEQUENO PORTE,2304336.11,3019596.9,29957963.27,,,,,,,False,False,False
JUCATI,PE,2022,PEQUENO PORTE,2558567.14,1122488.66,30001694.59,,,,,,,False,False,False
JUCATI,PE,2023,PEQUENO PORTE,3672860.32,1261730.4,30008412.119999997,,,,,,,False,False,False
JUCATI,PE,2024,PEQUENO PORTE,4311674.4,1125127.89,29930529.939999998,,,,,,,False,False,False
JUCURUTU,RN,2019,MÉDIO PORTE,4243228.85,8526774.129999999,30973514.57,,,,,,,False,False,False
JUCURUTU,RN,2020,MÉDIO PORTE,5118213.51,11472870.64,31060033.68,,,,,,,False,False,False
JUCURUTU,RN,2021,MÉDIO PORTE,5509887.0,14809707.43,30877704.279999997,,,,,,,False,False,False
JUCURUTU,RN,2022,MÉDIO PORTE,7276175.53,17308048.05,32669381.36,,,,,,,False,False,False
JUCURUTU,RN,2023,MÉDIO PORTE,6459194.98,22964381.43,33300529.33,,,,,,,False,False,False
JUCURUTU,RN,2024,MÉDIO PORTE,8230527.56,29748101.76,32026997.03,,,,,,,False,False,False
JUIZ DE FORA,MG,2019,GRANDE PORTE,81815933.63,12655650.44,30866388.66,,,,,,,False,False,False
JUIZ DE FORA,MG,2020,GRANDE PORTE,116789661.59,10627991.43,30132071.89,,,,,,,False,False,False
JUIZ DE FORA,MG,2021,GRANDE PORTE,192316594.96,13335102.98,30705601.49,,,,,,,False,False,False
JUIZ DE FORA,MG,2022,GRANDE PORTE,245820689.59,9264425.76,32295242.15,,,,,,,False,False,False
JUIZ DE FORA,MG,2023,GRANDE PORTE,317598556.09,8166817.84,35387178.8,,,,,,,False,False,False
JUIZ DE FORA,MG,2024,GRANDE PORTE,401799138.0,34467722.49,38008908.24,2023-12-29 00:00:00,2023-12-21 00:00:00,,,,,False,False,False
JULIO DE CASTILHOS,RS,2019,MÉDIO PORTE,6904948.19,49760848.37,35097183.78,,,,,,,False,False,False
JULIO DE CASTILHOS,RS,2020,MÉDIO PORTE,8331709.39,56697600.82,32980668.869999997,,,,,,,False,False,False
JULIO DE CASTILHOS,RS,2021,MÉDIO PORTE,8921376.53,62073670.3,31593665.4,,,,,,,False,False,False
JULIO DE CASTILHOS,RS,2022,MÉDIO PORTE,10366401.82,66873224.54000001,36364410.67,,,,,,,False,False,False
JULIO DE CASTILHOS,RS,2023,MÉDIO PORTE,11526664.88,75814843.25,40198800.36,,,,,,,False,False,False
JULIO DE CASTILHOS,RS,2024,MÉDIO PORTE,7511466.43,88425762.5,36773155.49,,,,,,,False,False,False
JUMIRIM,SP,2019,PEQUENO PORTE,1333257.84,19647764.45,32138900.34,,,,,,,False,False,False
JUMIRIM,SP,2020,PEQUENO PORTE,1550839.09,22966642.86,31262387.869999997,,,,,,,False,False,False
JUMIRIM,SP,2021,PEQUENO PORTE,1833071.57,25435753.01,29933090.099999998,,,,,,,False,False,False
JUMIRIM,SP,2022,PEQUENO PORTE,2168493.95,26495417.09,31797216.57,,,,,,,False,False,False
JUMIRIM,SP,2023,PEQUENO PORTE,2513746.82,29473429.61,34019030.4,,,,,,,False,False,False
JUMIRIM,SP,2024,PEQUENO PORTE,2672650.29,35146723.17,32067921.49,,,,,,,False,False,False
JUREMA,PE,2019,PEQUENO PORTE,2889155.92,109417.1,29885446.22,,,,,,,False,False,False
JUREMA,PE,2020,PEQUENO PORTE,2380756.03,291420.27,29871000.24,,,,,,,False,False,False
JUREMA,PE,2021,PEQUENO PORTE,3664891.27,329705.32,29879728.27,,,,,,,False,False,False
JUREMA,PE,2022,MÉDIO PORTE,14181892.69,544239.84,29888806.9,,,,,,,False,False,False
JUREMA,PE,2023,MÉDIO PORTE,4709093.48,807395.09,29907203.5,,,,,,,False,False,False
JUREMA,PE,2024,MÉDIO PORTE,5190903.12,670908.5,29883496.66,,,,,,,False,False,False
JUREMA,PI,2019,PEQUENO PORTE,1705395.49,4695656.13,30305585.23,,,,,,,False,False,False
JUREMA,PI,2020,PEQUENO PORTE,1136669.56,5971502.85,30307311.33,,,,,,,False,False,False
JUREMA,PI,2021,PEQUENO PORTE,1849762.35,6924833.24,30041984.08,,,,,,,False,False,False
JUREMA,PI,2022,PEQUENO PORTE,2889270.96,8092629.09,30772293.41,,,,,,,False,False,False
JUREMA,PI,2023,PEQUENO PORTE,2766616.69,10548755.14,31468896.939999998,,,,,,,False,False,False
JUREMA,PI,2024,PEQUENO PORTE,3670926.44,13027999.92,30895475.93,2022-02-07 00:00:00,2021-12-14 00:00:00,,,,,False,False,False
JURU,PB,2019,PEQUENO PORTE,1651482.96,33472.77,29865603.74,,,,,,,False,False,False
JURU,PB,2020,PEQUENO PORTE,1722722.89,247827.87,29867188.08,,,,,,,False,False,False
JURU,PB,2021,PEQUENO PORTE,2707734.07,475557.78,29881702.9,,,,,,,False,False,False
JURU,PB,2022,PEQUENO PORTE,3944109.88,1157836.07,29992014.29,,,,,,,False,False,False
JURU,PB,2023,PEQUENO PORTE,3038970.54,2576101.67,30254606.84,,,,,,,False,False,False
JURU,PB,2024,PEQUENO PORTE,3166056.58,2745969.18,30084762.86,,,,,,,False,False,False
JURUAIA,MG,2019,PEQUENO PORTE,1693942.57,6695212.64,30615303.71,,,,,,,False,False,False
JURUAIA,MG,2020,PEQUENO PORTE,1949743.58,8611712.56,30117054.34,,,,,,,False,False,False
JURUAIA,MG,2021,PEQUENO PORTE,2053394.75,10721811.47,30198830.24,,,,,,,False,False,False
JURUAIA,MG,2022,PEQUENO PORTE,2296976.01,12758025.86,31122714.0,,,,,,,False,False,False
JURUAIA,MG,2023,PEQUENO PORTE,2409930.52,15707837.64,31945638.4,,,,,,,False,False,False
JURUAIA,MG,2024,PEQUENO PORTE,2875915.82,19223742.22,30620324.52,2021-09-03 00:00:00,2021-09-02 00:00:00,,,,,False,False,False
JURUENA,MT,2019,PEQUENO PORTE,2334433.33,14943903.92,32830263.9,,,,,,,False,False,False
JURUENA,MT,2020,PEQUENO PORTE,2356471.67,19170135.75,30910187.84,,,,,,,False,False,False
JURUENA,MT,2021,PEQUENO PORTE,2347980.0,21635157.4,29707108.54,,,,,,,False,False,False
JURUENA,MT,2022,PEQUENO PORTE,2892524.38,22454966.09,31677194.13,,,,,,,False,False,False
JURUENA,MT,2023,PEQUENO PORTE,3247817.69,25064165.36,33701044.44,,,,,,,False,False,False
JURUENA,MT,2024,PEQUENO PORTE,4127394.48,30167752.85,30657627.189999998,2022-11-04 00:00:00,2022-11-04 00:00:00,,,,,False,False,False
JUSSARA,GO,2019,MÉDIO PORTE,6851969.38,18704594.84,32084036.14,,,,,,,False,False,False
JUSSARA,GO,2020,MÉDIO PORTE,8575397.1,21880859.59,31493757.15,,,,,,,False,False,False
JUSSARA,GO,2021,MÉDIO PORTE,9436265.32,25943660.89,31135607.64,,,,,,,False,False,False
JUSSARA,GO,2022,MÉDIO PORTE,12422707.21,28303394.34,32914883.619999997,,,,,,,False,False,False
JUSSARA,GO,2023,MÉDIO PORTE,16087656.73,34165940.06,34376485.22,,,,,,,False,False,False
JUSSARA,GO,2024,MÉDIO PORTE,17113049.98,43244604.56,33769240.81,,,,,,,False,False,False
JUSSARA,PR,2019,PEQUENO PORTE,1865098.84,5477454.33,30524532.23,,,,,,,False,False,False
JUSSARA,PR,2020,PEQUENO PORTE,2153500.52,6362572.67,30441643.55,,,,,,,False,False,False
JUSSARA,PR,2021,PEQUENO PORTE,2489936.7,6640663.54,30138408.43,,,,,,,False,False,False
JUSSARA,PR,2022,PEQUENO PORTE,2904949.52,7869090.66,30838384.27,,,,,,,False,False,False
JUSSARA,PR,2023,PEQUENO PORTE,3645174.22,8378168.18,31618761.83,,,,,,,False,False,False
JUSSARA,PR,2024,PEQUENO PORTE,2446563.55,10849514.82,30388738.64,,,,,,,False,False,False
LAGOA DE SAO FRANCISCO,PI,2019,PEQUENO PORTE,1644506.32,3201482.81,30261370.779999997,,,,,,,False,False,False
LAGOA DE SAO FRANCISCO,PI,2020,PEQUENO PORTE,1421461.83,4083063.3,30156334.11,,,,,,,False,False,False
LAGOA DE SAO FRANCISCO,PI,2021,PEQUENO PORTE,1717254.49,4637640.11,29832450.48,,,,,,,False,False,False
LAGOA DE SAO FRANCISCO,PI,2022,PEQUENO PORTE,2829630.14,5851097.2,30475614.09,,,,,,,False,False,False
LAGOA DE SAO FRANCISCO,PI,2023,PEQUENO PORTE,3311365.04,8300672.71,30889607.669999998,,,,,,,False,False,False
LAGOA DE SAO FRANCISCO,PI,2024,PEQUENO PORTE,3349150.26,10973203.36,30608340.48,,,,,,,False,False,False
LAGOA DO CARRO,PE,2019,PEQUENO PORTE,4023397.2,4260552.44,30084171.06,,,,,,,False,False,False
LAGOA DO CARRO,PE,2020,PEQUENO PORTE,3967304.72,4435063.58,29863272.73,,,,,,,False,False,False
LAGOA DO CARRO,PE,2021,PEQUENO PORTE,5457272.62,4281732.140000001,29864614.47,,,,,,,False,False,False
LAGOA DO CARRO,PE,2022,PEQUENO PORTE,6008740.08,3806560.83,29870919.16,,,,,,,False,False,False
LAGOA DO CARRO,PE,2023,PEQUENO PORTE,7763531.67,3656724.05,29975114.93,,,,,,,False,False,False
LAGOA DO CARRO,PE,2024,PEQUENO PORTE,7626332.54,4264487.42,29981625.55,,,,,,,False,False,False
LAGOA DO OURO,PE,2019,MÉDIO PORTE,3084057.11,7429767.59,29862452.79,,,,,,,False,False,False
LAGOA DO OURO,PE,2020,MÉDIO PORTE,3219376.48,6944726.92,29895606.93,,,,,,,False,False,False
LAGOA DO OURO,PE,2021,MÉDIO PORTE,3310141.8,6867747.010000002,29939451.52,,,,,,,False,False,False
LAGOA DO OURO,PE,2022,MÉDIO PORTE,3420193.55,5946470.78,30185072.39,,,,,,,False,False,False
LAGOA DO OURO,PE,2023,PEQUENO PORTE,4082711.99,4973732.2,30247033.689999998,,,,,,,False,False,False
LAGOA DO OURO,PE,2024,PEQUENO PORTE,7208785.97,2280086.76,29994946.419999998,,,,,,,False,False,False
LAGOA DOS TRES CANTOS,RS,2019,PEQUENO PORTE,1511666.7,14058784.29,31464510.83,,,,,,,False,False,False
LAGOA DOS TRES CANTOS,RS,2020,PEQUENO PORTE,1606178.83,16425061.89,31200197.15,,,,,,,False,False,False
LAGOA DOS TRES CANTOS,RS,2021,PEQUENO PORTE,1587385.08,18500635.78,30234677.11,,,,,,,False,False,False
LAGOA DOS TRES CANTOS,RS,2022,PEQUENO PORTE,1726072.62,19521946.95,31793081.15,,,,,,,False,False,False
LAGOA DOS TRES CANTOS,RS,2023,PEQUENO PORTE,1773514.24,22088718.85,32857949.919999998,,,,,,,False,False,False
LAGOA DOS TRES CANTOS,RS,2024,PEQUENO PORTE,1711135.07,25501416.98,31268479.41,,,,,,,False,False,False
LAGOA FORMOSA,MG,2019,PEQUENO PORTE,2757930.22,1095262.27,30207836.22,,,,,,,False,False,False
LAGOA FORMOSA,MG,2020,PEQUENO PORTE,2824335.01,1507045.65,29916160.88,,,,,,,False,False,False
LAGOA FORMOSA,MG,2021,PEQUENO PORTE,3181342.08,3234216.22,29832219.439999998,,,,,,,False,False,False
LAGOA FORMOSA,MG,2022,MÉDIO PORTE,4457875.44,2977939.67,30097964.349999998,,,,,,,False,False,False
LAGOA FORMOSA,MG,2023,MÉDIO PORTE,5079330.56,3361549.59,30423804.84,,,,,,,False,False,False
LAGOA FORMOSA,MG,2024,MÉDIO PORTE,5410047.42,3604896.78,30023527.529999997,,,,,,,False,False,False
LAGOA GRANDE,PE,2019,MÉDIO PORTE,6324088.48,15780975.23,32007439.68,,,,,,,False,False,False
LAGOA GRANDE,PE,2020,MÉDIO PORTE,7812373.11,19717789.94,31919276.31,,,,,,,False,False,False
LAGOA GRANDE,PE,2021,MÉDIO PORTE,7979299.67,24891023.79,31152721.81,,,,,,,False,False,False
LAGOA GRANDE,PE,2022,MÉDIO PORTE,7594176.08,28475621.47,32923684.689999998,,,,,,,False,False,False
LAGOA GRANDE,PE,2023,MÉDIO PORTE,7199761.68,33045678.55,34568305.53,,,,,,,False,False,False
LAGOA GRANDE,PE,2024,MÉDIO PORTE,8949182.28,187440721.14,32600835.009999998,,,,,,,False,False,False
LAGOA SECA,PB,2019,MÉDIO PORTE,7927086.79,210960.38,29910439.68,,,,,,,False,False,False
LAGOA SECA,PB,2020,MÉDIO PORTE,10203302.2,1446701.08,29929652.099999998,,,,,,,False,False,False
LAGOA SECA,PB,2021,MÉDIO PORTE,11173885.17,1436188.87,29971188.79,,,,,,,False,False,False
LAGOA SECA,PB,2022,MÉDIO PORTE,11848399.15,2824091.59,30240089.779999997,,,,,,,False,False,False
LAGOA SECA,PB,2023,MÉDIO PORTE,10749031.81,4642369.77,30309241.77,,,,,,,False,False,False
LAGOA SECA,PB,2024,MÉDIO PORTE,16037634.94,2073877.91,30027591.38,,,,,,,False,False,False
LAGOA VERMELHA,RS,2019,MÉDIO PORTE,11417508.78,46336541.55999999,35477611.44,,,,,,,False,False,False
LAGOA VERMELHA,RS,2020,MÉDIO PORTE,12727466.26,54198486.21,34602199.25,,,,,,,False,False,False
LAGOA VERMELHA,RS,2021,MÉDIO PORTE,14174147.23,59854056.22,32724251.63,,,,,,,False,False,False
LAGOA VERMELHA,RS,2022,MÉDIO PORTE,16360431.21,64075814.9,35086203.269999996,,,,,,,False,False,False
LAGOA VERMELHA,RS,2023,MÉDIO PORTE,20316721.23,71575065.12,40105854.59,,,,,,,False,False,False
LAGOA VERMELHA,RS,2024,MÉDIO PORTE,19772126.52,84642913.08,35889053.43,,,,,,,False,False,False
LAGOAO,RS,2019,PEQUENO PORTE,2761288.4,18829192.12,31987779.96,,,,,,,False,False,False
LAGOAO,RS,2020,PEQUENO PORTE,2846309.83,21798562.96,31123973.61,,,,,,,False,False,False
LAGOAO,RS,2021,PEQUENO PORTE,2805784.81,24493086.22,30342784.849999998,,,,,,,False,False,False
LAGOAO,RS,2022,PEQUENO PORTE,3542824.7,25321939.89,31690892.9,,,,,,,False,False,False
LAGOAO,RS,2023,PEQUENO PORTE,3972417.83,27180807.21,33712616.379999995,,,,,,,False,False,False
LAGOAO,RS,2024,PEQUENO PORTE,4499015.59,31789622.91,32260423.46,,,,,,,False,False,False
LAJEADO,RS,2019,MÉDIO PORTE,26787236.24,51805460.66999999,37199677.97,,,,,,,False,False,False
LAJEADO,RS,2020,MÉDIO PORTE,29956268.54,78760247.27000001,32715385.08,,,,,,,False,False,False
LAJEADO,RS,2021,MÉDIO PORTE,26473199.24,112271982.76,34067972.01,,,,,,,False,False,False
LAJEADO,RS,2022,MÉDIO PORTE,29985060.23,141936113.23,45147327.9,,,,,,,False,False,False
LAJEADO,RS,2023,MÉDIO PORTE,32300245.13,180423992.22,54032347.86,,,,,,,False,False,False
LAJEADO,RS,2024,MÉDIO PORTE,37807902.19,229920002.32,50840375.33,2019-05-23 00:00:00,2019-05-22 00:00:00,2021-12-14 00:00:00,I,2024-07-10 00:00:00,II,False,False,False
LAJEDO,PE,2019,MÉDIO PORTE,6656197.64,12130387.46,29862452.79,,,,,,,False,False,False
LAJEDO,PE,2020,MÉDIO PORTE,7254332.07,11553729.86,29862452.79,,,,,,,False,False,False
LAJEDO,PE,2021,MÉDIO PORTE,6640125.68,10413771.13,29862452.79,,,,,,,False,False,False
LAJEDO,PE,2022,MÉDIO PORTE,8859092.85,7080418.85,30405207.74,,,,,,,False,False,False
LAJEDO,PE,2023,MÉDIO PORTE,13188722.95,2197897.78,29963091.279999997,,,,,,,False,False,False
LAJEDO,PE,2024,MÉDIO PORTE,13241532.48,205420.68,29873805.38,,,,,,,False,False,False
LAJES,RN,2019,PEQUENO PORTE,1913779.73,2735071.09,30334382.24,,,,,,,False,False,False
LAJES,RN,2020,PEQUENO PORTE,2249322.66,1917234.2,29945493.25,,,,,,,False,False,False
LAJES,RN,2021,PEQUENO PORTE,3724320.36,949034.42,29880347.66,,,,,,,False,False,False
LAJES,RN,2022,PEQUENO PORTE,4740667.29,601456.46,29862452.79,,,,,,,False,False,False
LAJES,RN,2023,PEQUENO PORTE,5308212.89,2358624.92,29862452.79,,,,,,,False,False,False
LAJES,RN,2024,PEQUENO PORTE,4040330.59,1993049.55,29862452.79,,,,,,,False,False,False
LAJES PINTADAS,RN,2019,PEQUENO PORTE,1217292.03,695753.9199999999,29908526.25,,,,,,,False,False,False
LAJES PINTADAS,RN,2020,PEQUENO PORTE,1039010.9,511658.11,29862452.79,,,,,,,False,False,False
LAJES PINTADAS,RN,2021,PEQUENO PORTE,2256322.53,30627.3,29873129.98,,,,,,,False,False,False
LAJES PINTADAS,RN,2022,PEQUENO PORTE,2959531.19,778442.1499999999,29871733.82,,,,,,,False,False,False
LAJES PINTADAS,RN,2023,PEQUENO PORTE,3166073.31,1829348.05,29862452.79,,,,,,,False,False,False
LAJES PINTADAS,RN,2024,PEQUENO PORTE,2942184.03,2038283.56,29862452.79,,,,,,,False,False,False
LANDRI SALES,PI,2019,PEQUENO PORTE,1518401.6,2080937.69,30033117.2,,,,,,,False,False,False
LANDRI SALES,PI,2020,PEQUENO PORTE,682334.15,3243216.6,30066238.16,,,,,,,False,False,False
LANDRI SALES,PI,2021,PEQUENO PORTE,1903474.79,4108691.17,29916637.72,,,,,,,False,False,False
LANDRI SALES,PI,2022,PEQUENO PORTE,2181091.87,5268099.01,30488607.14,,,,,,,False,False,False
LANDRI SALES,PI,2023,PEQUENO PORTE,2521759.36,7492456.75,31020118.11,,,,,,,False,False,False
LANDRI SALES,PI,2024,PEQUENO PORTE,2830278.7,11099620.09,30585442.23,2022-02-07 00:00:00,2021-12-14 00:00:00,,,,,False,False,False
LAPA,PR,2019,MÉDIO PORTE,15754534.94,98552469.38,44965471.79,,,,,,,False,False,False
LAPA,PR,2020,MÉDIO PORTE,16119722.81,117347286.71,28528968.04,,,,,,,False,False,False
LAPA,PR,2021,MÉDIO PORTE,16931324.07,127170820.79,27222774.939999998,,,,,,,False,False,False
LAPA,PR,2022,MÉDIO PORTE,19852336.29,128001516.55,39173958.89,,,,,,,False,False,False
LAPA,PR,2023,MÉDIO PORTE,22094224.84,142562352.76,51002566.46,,,,,,,False,False,False
LAPA,PR,2024,MÉDIO PORTE,24172670.79,165997249.32,33675512.69,2021-05-07 00:00:00,2021-05-06 00:00:00,2023-01-10 00:00:00,I,,I,False,False,False
LARANJAL,PR,2019,PEQUENO PORTE,1695954.52,17797195.54,31590616.3,,,,,,,False,False,False
LARANJAL,PR,2020,PEQUENO PORTE,1890352.43,20348614.59,31171041.39,,,,,,,False,False,False
LARANJAL,PR,2021,PEQUENO PORTE,2215660.84,22090672.43,30789181.45,,,,,,,False,False,False
LARANJAL,PR,2022,PEQUENO PORTE,2823841.36,23880053.76,32488547.47,,,,,,,False,False,False
LARANJAL,PR,2023,PEQUENO PORTE,3676572.48,27616581.89,33429019.09,,,,,,,False,False,False
LARANJAL,PR,2024,PEQUENO PORTE,4298075.55,32395661.3,32675776.49,2022-07-06 00:00:00,2022-06-28 00:00:00,,,,,False,False,False
LARANJEIRAS DO SUL,PR,2019,MÉDIO PORTE,6047077.61,23755700.3,32704495.32,,,,,,,False,False,False
LARANJEIRAS DO SUL,PR,2020,MÉDIO PORTE,6832420.79,25811451.11,32009424.99,,,,,,,False,False,False
LARANJEIRAS DO SUL,PR,2021,MÉDIO PORTE,8109557.99,26535750.09,31289477.54,,,,,,,False,False,False
LARANJEIRAS DO SUL,PR,2022,MÉDIO PORTE,9314135.64,26972737.52,32754359.72,,,,,,,False,False,False
LARANJEIRAS DO SUL,PR,2023,MÉDIO PORTE,10393081.39,29573608.77,33730856.85,,,,,,,False,False,False
LARANJEIRAS DO SUL,PR,2024,MÉDIO PORTE,12396786.28,33666485.28,33483290.73,,,,,,,False,False,False
LEANDRO FERREIRA,MG,2019,PEQUENO PORTE,1374223.54,4858218.99,30644656.14,,,,,,,False,False,False
LEANDRO FERREIRA,MG,2020,PEQUENO PORTE,1588123.8,5762422.82,30231694.369999997,,,,,,,False,False,False
LEANDRO FERREIRA,MG,2021,PEQUENO PORTE,1968002.95,6316152.49,29734698.96,,,,,,,False,False,False
LEANDRO FERREIRA,MG,2022,PEQUENO PORTE,2138759.89,6590103.65,30370211.619999997,,,,,,,False,False,False
LEANDRO FERREIRA,MG,2023,PEQUENO PORTE,2385597.06,7288532.92,31040934.0,,,,,,,False,False,False
LEANDRO FERREIRA,MG,2024,PEQUENO PORTE,2675745.72,8630708.24,29870964.0,,,,,,,False,False,False
LEME DO PRADO,MG,2019,PEQUENO PORTE,1350332.94,8327525.88,30821702.65,,,,,,,False,False,False
LEME DO PRADO,MG,2020,PEQUENO PORTE,1446434.33,10246571.95,30547814.259999998,,,,,,,False,False,False
LEME DO PRADO,MG,2021,PEQUENO PORTE,1682857.43,12085809.59,29798820.55,,,,,,,False,False,False
LEME DO PRADO,MG,2022,PEQUENO PORTE,2090235.29,13275121.22,30729907.779999997,,,,,,,False,False,False
LEME DO PRADO,MG,2023,PEQUENO PORTE,2631561.18,15725636.1,32155323.75,,,,,,,False,False,False
LEME DO PRADO,MG,2024,PEQUENO PORTE,3038317.61,20042969.9,30844293.98,,,,,,,False,False,False
LEOBERTO LEAL,SC,2019,PEQUENO PORTE,1542491.04,16304254.89,31934060.349999998,,,,,,,False,False,False
LEOBERTO LEAL,SC,2020,PEQUENO PORTE,1622090.12,19174886.25,30906579.279999997,,,,,,,False,False,False
LEOBERTO LEAL,SC,2021,PEQUENO PORTE,1899166.71,20931875.98,30359518.54,,,,,,,False,False,False
LEOBERTO LEAL,SC,2022,PEQUENO PORTE,2198704.16,22313933.5,31754378.81,,,,,,,False,False,False
LEOBERTO LEAL,SC,2023,PEQUENO PORTE,2280437.63,25203840.85,33356629.31,,,,,,,False,False,False
LEOBERTO LEAL,SC,2024,PEQUENO PORTE,2361704.09,30031099.02,31906245.38,2021-04-27 00:00:00,2021-04-26 00:00:00,,,,,False,False,False
LIBERATO SALZANO,RS,2019,PEQUENO PORTE,2392299.53,13898030.08,31491450.9,,,,,,,False,False,False
LIBERATO SALZANO,RS,2020,PEQUENO PORTE,2866031.19,15405404.37,30549184.3,,,,,,,False,False,False
LIBERATO SALZANO,RS,2021,PEQUENO PORTE,3125661.4,16935632.21,30283698.189999998,,,,,,,False,False,False
LIBERATO SALZANO,RS,2022,PEQUENO PORTE,3429859.1,17790396.21,31615877.599999998,,,,,,,False,False,False
LIBERATO SALZANO,RS,2023,PEQUENO PORTE,3337465.39,19882569.92,32286778.21,,,,,,,False,False,False
LIBERATO SALZANO,RS,2024,PEQUENO PORTE,3947066.01,22544408.38,31395343.73,,,,,,,False,False,False
LIBERDADE,MG,2019,PEQUENO PORTE,975956.12,10352.35,29864770.279999997,,,,,,,False,False,False
LIBERDADE,MG,2020,PEQUENO PORTE,935281.99,18392.08,29863447.57,,,,,,,False,False,False
LIBERDADE,MG,2021,PEQUENO PORTE,1116159.19,25226.04,29864139.259999998,,,,,,,False,False,False
LIBERDADE,MG,2022,PEQUENO PORTE,1295276.3,63565.19,29869053.72,,,,,,,False,False,False
LIBERDADE,MG,2023,PEQUENO PORTE,1513890.0,37650.46,29866389.05,,,,,,,False,False,False
LIBERDADE,MG,2024,PEQUENO PORTE,1964770.91,23798.78,29865279.32,,,,,,,False,False,False
LIMEIRA,SP,2019,GRANDE PORTE,73785878.12,468704095.79,89470329.64,,,,,,,False,False,False
LIMEIRA,SP,2020,GRANDE PORTE,67320898.58,536499424.18,9353365.14,,,,,,,False,False,False
LIMEIRA,SP,2021,GRANDE PORTE,80463227.13,585052936.44,40706034.87,,,,,,,False,False,False
LIMEIRA,SP,2022,GRANDE PORTE,106860445.19,606098167.98,30320248.15,,,,,,,False,False,False
LIMEIRA,SP,2023,GRANDE PORTE,135693968.0,676493431.84,30771195.189999998,,,,,,,False,False,False
LIMEIRA,SP,2024,GRANDE PORTE,126455657.19,815877561.13,72539412.03999999,2022-07-25 00:00:00,2022-07-07 00:00:00,2024-05-30 00:00:00,I,,I,False,False,False
LOANDA,PR,2019,MÉDIO PORTE,4772613.93,51097888.5,34076795.22,,,,,,,False,False,False
LOANDA,PR,2020,MÉDIO PORTE,5498565.83,53668051.26000001,34420561.11,,,,,,,False,False,False
LOANDA,PR,2021,MÉDIO PORTE,5747944.07,55330143.34,33740933.95,,,,,,,False,False,False
LOANDA,PR,2022,MÉDIO PORTE,7169948.4,54789969.27,36564964.14,,,,,,,False,False,False
LOANDA,PR,2023,PEQUENO PORTE,8287552.67,56236482.03,37197179.8,,,,,,,False,False,False
LOANDA,PR,2024,MÉDIO PORTE,9071963.33,61203799.03,35475209.35,,,,,,,False,False,False
LOBATO,PR,2019,PEQUENO PORTE,1790554.86,5250140.15,30343363.54,,,,,,,False,False,False
LOBATO,PR,2020,PEQUENO PORTE,1929656.14,5423893.05,30216063.58,,,,,,,False,False,False
LOBATO,PR,2021,PEQUENO PORTE,2180836.29,6500457.57,30033635.169999998,,,,,,,False,False,False
LOBATO,PR,2022,PEQUENO PORTE,2780085.06,6691576.53,30407574.259999998,,,,,,,False,False,False
LOBATO,PR,2023,PEQUENO PORTE,3460248.75,5734318.9,30567232.91,,,,,,,False,False,False
LOBATO,PR,2024,PEQUENO PORTE,2380089.95,5493811.44,30032829.77,,,,,,,False,False,False
LONDRINA,PR,2019,GRANDE PORTE,211180249.89,142677483.56,40223461.53,,,,,,,False,False,False
LONDRINA,PR,2020,GRANDE PORTE,273730615.51,99821147.28,32534083.619999997,,,,,,,False,False,False
LONDRINA,PR,2021,GRANDE PORTE,326264988.61,69708337.61,31474882.369999997,,,,,,,False,False,False
LONDRINA,PR,2022,GRANDE PORTE,392815824.4,59122567.69,31174625.259999998,,,,,,,False,False,False
LONDRINA,PR,2023,GRANDE PORTE,464693315.81,60646263.61,39866205.91,,,,,,,False,False,False
LONDRINA,PR,2024,GRANDE PORTE,453114183.82,108364930.9,47857790.25,2021-06-15 00:00:00,2021-07-15 00:00:00,2022-12-22 00:00:00,I,,I,False,False,False
LUIS CORREIA,PI,2019,MÉDIO PORTE,5386322.52,11178726.39,30826315.73,,,,,,,False,False,False
LUIS CORREIA,PI,2020,MÉDIO PORTE,6205029.14,13209618.6,30595232.84,,,,,,,False,False,False
LUIS CORREIA,PI,2021,MÉDIO PORTE,7896993.94,13871187.43,30210879.759999998,,,,,,,False,False,False
LUIS CORREIA,PI,2022,MÉDIO PORTE,12684499.97,15130731.28,31448070.96,,,,,,,False,False,False
LUIS CORREIA,PI,2023,MÉDIO PORTE,10383132.71,18192721.13,32250975.189999998,,,,,,,False,False,False
LUIS CORREIA,PI,2024,MÉDIO PORTE,12458362.27,18483413.88,31364131.08,2022-02-07 00:00:00,2021-12-14 00:00:00,,,,,False,False,False
MACAIBA,RN,2019,MÉDIO PORTE,14779617.37,43627556.56,35981158.82,,,,,,,False,False,False
MACAIBA,RN,2020,MÉDIO PORTE,15979374.32,50016503.38,32287335.299999997,,,,,,,False,False,False
MACAIBA,RN,2021,MÉDIO PORTE,21739119.53,50023406.39,30891834.8,,,,,,,False,False,False
MACAIBA,RN,2022,MÉDIO PORTE,25891792.07,54434965.65000001,33423390.349999998,,,,,,,False,False,False
MACAIBA,RN,2023,MÉDIO PORTE,19656693.65,62824965.44,38239286.9,,,,,,,False,False,False
MACAIBA,RN,2024,MÉDIO PORTE,21052317.35,95451210.69,50403183.44,2022-10-21 00:00:00,2022-10-21 00:00:00,,,,,False,False,False
MACAUBAL,SP,2019,PEQUENO PORTE,2350006.38,14146043.66,31979465.07,,,,,,,False,False,False
MACAUBAL,SP,2020,PEQUENO PORTE,2673788.37,17008832.94,32103671.56,,,,,,,False,False,False
MACAUBAL,SP,2021,PEQUENO PORTE,2619289.03,18194897.15,30431808.59,,,,,,,False,False,False
MACAUBAL,SP,2022,PEQUENO PORTE,3307726.15,18862013.32,31736721.7,,,,,,,False,False,False
MACAUBAL,SP,2023,PEQUENO PORTE,3789179.07,20426861.96,31510678.869999997,,,,,,,False,False,False
MACAUBAL,SP,2024,PEQUENO PORTE,3886586.22,23451323.65,31084795.08,,,,,,,False,False,False
MACHADINHO D'OESTE,RO,2019,MÉDIO PORTE,6306722.16,41894299.34999999,33777237.2,,,,,,,False,False,False
MACHADINHO D'OESTE,RO,2020,MÉDIO PORTE,6793014.3,48647970.06,31852797.89,,,,,,,False,False,False
MACHADINHO D'OESTE,RO,2021,MÉDIO PORTE,8702108.12,54743668.12,29982338.29,,,,,,,False,False,False
MACHADINHO D'OESTE,RO,2022,MÉDIO PORTE,9231900.49,60015230.31,33776932.839999996,,,,,,,False,False,False
MACHADINHO D'OESTE,RO,2023,MÉDIO PORTE,11411992.82,69093898.27,40432087.55,,,,,,,False,False,False
MACHADINHO D'OESTE,RO,2024,MÉDIO PORTE,11776650.04,84289625.04,35531196.82,2021-12-02 00:00:00,2021-11-23 00:00:00,2024-09-27 00:00:00,I,,I,False,False,False
MACHADOS,PE,2019,PEQUENO PORTE,2934618.27,6597578.07,30366887.71,,,,,,,False,False,False
MACHADOS,PE,2020,PEQUENO PORTE,3151633.27,6775030.58,30308209.689999998,,,,,,,False,False,False
MACHADOS,PE,2021,PEQUENO PORTE,3461501.74,7853865.33,29961418.2,,,,,,,False,False,False
MACHADOS,PE,2022,PEQUENO PORTE,3792255.37,8663923.92,30687698.63,,,,,,,False,False,False
MACHADOS,PE,2023,PEQUENO PORTE,3687679.41,10056622.88,31129369.5,,,,,,,False,False,False
MACHADOS,PE,2024,PEQUENO PORTE,941645.07,10436269.86,30553875.18,,,,,,,False,False,False
MACIEIRA,SC,2019,PEQUENO PORTE,1055601.28,11881096.97,31054404.599999998,,,,,,,False,False,False
MACIEIRA,SC,2020,PEQUENO PORTE,1201079.5,14043405.06,30644689.72,,,,,,,False,False,False
MACIEIRA,SC,2021,PEQUENO PORTE,1283322.18,15412756.76,30320402.189999998,,,,,,,False,False,False
MACIEIRA,SC,2022,PEQUENO PORTE,1367631.88,16428285.58,31151561.89,,,,,,,False,False,False
MACIEIRA,SC,2023,PEQUENO PORTE,1513909.23,17758360.5,32937604.41,,,,,,,False,False,False
MACIEIRA,SC,2024,PEQUENO PORTE,1480657.43,21410483.24,31253560.5,,,,,,,False,False,False
MAFRA,SC,2019,MÉDIO PORTE,8468338.0,39660117.8,34624301.54,,,,,,,False,False,False
MAFRA,SC,2020,MÉDIO PORTE,10333741.27,37868407.93,31987928.38,,,,,,,False,False,False
MAFRA,SC,2021,MÉDIO PORTE,12390235.57,36442614.09,29828320.09,,,,,,,False,False,False
MAFRA,SC,2022,MÉDIO PORTE,15364241.56,38068698.6,33323283.29,,,,,,,False,False,False
MAFRA,SC,2023,MÉDIO PORTE,20556680.92,44516093.26,36019935.03,,,,,,,False,False,False
MAFRA,SC,2024,MÉDIO PORTE,21958075.78,60049173.18,35335613.72,2019-11-11 00:00:00,2019-11-11 00:00:00,2020-12-16 00:00:00,I,2024-01-30 00:00:00,I,False,False,False
MAGDA,SP,2019,PEQUENO PORTE,2026804.42,12453868.68,31171261.96,,,,,,,False,False,False
MAGDA,SP,2020,PEQUENO PORTE,2143710.18,13281737.65,30966550.5,,,,,,,False,False,False
MAGDA,SP,2021,PEQUENO PORTE,2244017.61,14681890.71,30184795.419999998,,,,,,,False,False,False
MAGDA,SP,2022,PEQUENO PORTE,2321010.85,15068555.34,31121071.21,,,,,,,False,False,False
MAGDA,SP,2023,PEQUENO PORTE,3064885.37,15609236.06,32554046.349999998,,,,,,,False,False,False
MAGDA,SP,2024,PEQUENO PORTE,3367242.23,17071335.69,30148157.56,,,,,,,False,False,False
MAIRIPORA,SP,2019,MÉDIO PORTE,13266774.39,124998760.79,49480401.739999995,,,,,,,False,False,False
MAIRIPORA,SP,2020,MÉDIO PORTE,12886631.06,149388181.27,36981726.19,,,,,,,False,False,False
MAIRIPORA,SP,2021,MÉDIO PORTE,13993618.23,161454513.46,28860987.14,,,,,,,False,False,False
MAIRIPORA,SP,2022,MÉDIO PORTE,26181887.85,163729579.75,39091107.71,,,,,,,False,False,False
MAIRIPORA,SP,2023,MÉDIO PORTE,28684144.51,184736083.73,56098414.07,,,,,,,False,False,False
MAIRIPORA,SP,2024,MÉDIO PORTE,30826804.7,221786320.33,47002471.18,,,,,,,False,False,False
MAMBAI,GO,2019,PEQUENO PORTE,595443.34,7661993.84,30781992.2,,,,,,,False,False,False
MAMBAI,GO,2020,PEQUENO PORTE,1327360.75,8550847.88,30393015.599999998,,,,,,,False,False,False
MAMBAI,GO,2021,PEQUENO PORTE,2027601.37,9521499.67,29967015.08,,,,,,,False,False,False
MAMBAI,GO,2022,PEQUENO PORTE,2382653.39,11758030.57,30934611.98,,,,,,,False,False,False
MAMBAI,GO,2023,PEQUENO PORTE,2880521.33,15003221.29,32155845.33,,,,,,,False,False,False
MAMBAI,GO,2024,PEQUENO PORTE,2374151.31,19535008.62,30300538.89,,,,,,,False,False,False
MAMPITUBA,RS,2019,PEQUENO PORTE,1312336.74,15087130.72,31623498.58,,,,,,,False,False,False
MAMPITUBA,RS,2020,PEQUENO PORTE,1476343.31,17492733.5,31288171.4,,,,,,,False,False,False
MAMPITUBA,RS,2021,PEQUENO PORTE,1495466.52,37980831.24,30683141.16,,,,,,,False,False,False
MAMPITUBA,RS,2022,PEQUENO PORTE,1563484.01,20526929.83,32042965.97,,,,,,,False,False,False
MAMPITUBA,RS,2023,PEQUENO PORTE,1656955.42,23141379.49,33043460.56,,,,,,,False,False,False
MAMPITUBA,RS,2024,PEQUENO PORTE,2081346.39,26775200.94,31660072.25,,,,,,,False,False,False
MANDAGUACU,PR,2019,MÉDIO PORTE,5574867.67,28106209.98,33238843.509999998,,,,,,,False,False,False
MANDAGUACU,PR,2020,MÉDIO PORTE,6400823.19,33448174.05,31981128.18,,,,,,,False,False,False
MANDAGUACU,PR,2021,MÉDIO PORTE,7180173.71,36447028.87,30484946.65,,,,,,,False,False,False
MANDAGUACU,PR,2022,MÉDIO PORTE,8805209.12,39257677.59,33683999.05,,,,,,,False,False,False
MANDAGUACU,PR,2023,MÉDIO PORTE,9103022.05,42696120.53,35787931.57,,,,,,,False,False,False
MANDAGUACU,PR,2024,MÉDIO PORTE,10630898.59,49542580.72,32477926.599999998,,,,,,,False,False,False
MANDIRITUBA,PR,2019,MÉDIO PORTE,4469747.68,14409004.68,31539284.009999998,,,,,,,False,False,False
MANDIRITUBA,PR,2020,MÉDIO PORTE,3822232.1,17496790.39,31229143.2,,,,,,,False,False,False
MANDIRITUBA,PR,2021,MÉDIO PORTE,5644777.2,18187736.61,30123939.64,,,,,,,False,False,False
MANDIRITUBA,PR,2022,MÉDIO PORTE,8612942.39,21627613.12,32027846.63,,,,,,,False,False,False
MANDIRITUBA,PR,2023,MÉDIO PORTE,9219914.15,29477557.46,34081549.65,,,,,,,False,False,False
MANDIRITUBA,PR,2024,MÉDIO PORTE,9834067.37,37050388.63,32044768.08,2022-02-16 00:00:00,2022-02-08 00:00:00,,,,,False,False,False
MANGARATIBA,RJ,2019,MÉDIO PORTE,17239012.05,2913017.95,30103429.509999998,,,,,,,False,False,False
MANGARATIBA,RJ,2020,MÉDIO PORTE,15156709.03,1137454.55,29947035.689999998,,,,,,,False,False,False
MANGARATIBA,RJ,2021,MÉDIO PORTE,23013951.3,1937565.51,29930349.919999998,,,,,,,False,False,False
MANGARATIBA,RJ,2022,MÉDIO PORTE,22620317.88,1626121.57,30329988.509999998,,,,,,,False,False,False
MANGARATIBA,RJ,2023,MÉDIO PORTE,30103402.87,3410605.46,30410070.08,,,,,,,False,False,False
MANGARATIBA,RJ,2024,MÉDIO PORTE,29955307.7,2994801.67,30287045.68,2021-05-10 00:00:00,2021-05-06 00:00:00,,,,,False,False,False
MANTENA,MG,2019,MÉDIO PORTE,6355184.01,25084037.79,32677637.5,,,,,,,False,False,False
MANTENA,MG,2020,MÉDIO PORTE,6575617.55,28021395.56,30437377.3,,,,,,,False,False,False
MANTENA,MG,2021,MÉDIO PORTE,7432619.81,27812732.43,30979155.88,,,,,,,False,False,False
MANTENA,MG,2022,MÉDIO PORTE,9543965.53,28321695.21,32775715.53,,,,,,,False,False,False
MANTENA,MG,2023,MÉDIO PORTE,10466066.51,31865058.21,33675136.36,,,,,,,False,False,False
MANTENA,MG,2024,MÉDIO PORTE,11579369.86,35180628.12,32978616.34,,,,,,,False,False,False
MARABA,PA,2019,GRANDE PORTE,61893333.62,435118646.92,111002337.66999999,,,,,,,False,False,False
MARABA,PA,2020,GRANDE PORTE,64251868.05,546534260.45,58066998.2,,,,,,,False,False,False
MARABA,PA,2021,GRANDE PORTE,86053561.04,628035312.45,28523212.39,,,,,,,False,False,False
MARABA,PA,2022,GRANDE PORTE,98023617.67,689586573.08,52594726.43,,,,,,,False,False,False
MARABA,PA,2023,GRANDE PORTE,112791809.8,768553697.88,141167589.31,,,,,,,False,False,False
MARABA,PA,2024,GRANDE PORTE,122348898.36,969746901.3,75629914.38,2019-06-24 00:00:00,2019-05-14 00:00:00,2023-02-16 00:00:00,I,2025-02-08 00:00:00,II,False,False,False
MARACAJA,SC,2019,PEQUENO PORTE,1498594.12,9756654.25,31137273.83,,,,,,,False,False,False
MARACAJA,SC,2020,PEQUENO PORTE,1621120.68,12267079.88,30552124.88,,,,,,,False,False,False
MARACAJA,SC,2021,PEQUENO PORTE,1707720.86,14390741.46,30213053.77,,,,,,,False,False,False
MARACAJA,SC,2022,PEQUENO PORTE,1903366.29,16562305.21,31618688.66,,,,,,,False,False,False
MARACAJA,SC,2023,PEQUENO PORTE,1982861.43,19091378.19,32559018.84,,,,,,,False,False,False
MARACAJA,SC,2024,PEQUENO PORTE,3020852.34,23171197.83,31653270.119999997,2019-05-28 00:00:00,2019-05-27 00:00:00,,,,,False,False,False
MARACAJU,MS,2019,MÉDIO PORTE,13040012.43,66707914.39,39463663.8,,,,,,,False,False,False
MARACAJU,MS,2020,MÉDIO PORTE,7473361.56,76516506.48,33625569.8,,,,,,,False,False,False
MARACAJU,MS,2021,MÉDIO PORTE,17122920.51,79405245.41000001,29253760.419999998,,,,,,,False,False,False
MARACAJU,MS,2022,MÉDIO PORTE,20550794.25,85496866.19000001,36981956.85,,,,,,,False,False,False
MARACAJU,MS,2023,MÉDIO PORTE,15626833.29,101167757.37,43636527.05,,,,,,,False,False,False
MARACAJU,MS,2024,MÉDIO PORTE,16044628.7,118723120.08,36561602.48,2019-12-05 00:00:00,2019-12-05 00:00:00,2020-12-04 00:00:00,I,2023-11-28 00:00:00,II,False,False,False
MARAGOGI,AL,2019,MÉDIO PORTE,7012810.27,58280.72,29885409.36,,,,,,,False,False,False
MARAGOGI,AL,2020,MÉDIO PORTE,7308712.63,411296.91,29866408.46,,,,,,,False,False,False
MARAGOGI,AL,2021,MÉDIO PORTE,7628520.59,280395.51,29893688.91,,,,,,,False,False,False
MARAGOGI,AL,2022,MÉDIO PORTE,8750980.4,496306.76,29955537.64,,,,,,,False,False,False
MARAGOGI,AL,2023,MÉDIO PORTE,9864249.28,750174.94,30005420.869999997,,,,,,,False,False,False
MARAGOGI,AL,2024,MÉDIO PORTE,11688619.26,888890.17,29907558.09,2022-12-22 00:00:00,2022-12-21 00:00:00,,,,,False,False,False
MARANGUAPE,CE,2019,MÉDIO PORTE,10491505.17,44751999.91999999,33770564.08,,,,,,,False,False,False
MARANGUAPE,CE,2020,MÉDIO PORTE,8964236.86,44597918.16,30257531.7,,,,,,,False,False,False
MARANGUAPE,CE,2021,MÉDIO PORTE,15070815.23,36635509.13,30077524.759999998,,,,,,,False,False,False
MARANGUAPE,CE,2022,MÉDIO PORTE,19413691.36,32009604.71,32561494.08,,,,,,,False,False,False
MARANGUAPE,CE,2023,MÉDIO PORTE,22129924.6,28640971.76,32971141.509999998,,,,,,,False,False,False
MARANGUAPE,CE,2024,MÉDIO PORTE,15188584.78,25103184.7,31139804.18,,,,,,,False,False,False
MARATA,RS,2019,PEQUENO PORTE,1325808.04,17148391.72,32024103.04,,,,,,,False,False,False
MARATA,RS,2020,PEQUENO PORTE,1434204.34,19959471.2,30011982.98,,,,,,,False,False,False
MARATA,RS,2021,PEQUENO PORTE,1492065.69,21803822.71,29599966.169999998,,,,,,,False,False,False
MARATA,RS,2022,PEQUENO PORTE,1852571.03,22526809.49,32000961.02,,,,,,,False,False,False
MARATA,RS,2023,PEQUENO PORTE,2442307.57,25350233.87,33252244.74,,,,,,,False,False,False
MARATA,RS,2024,PEQUENO PORTE,2854432.69,29626865.11,31962368.97,,,,,,,False,False,False
MARCELANDIA,MT,2019,PEQUENO PORTE,3549160.13,27804970.14,33382259.419999998,,,,,,,False,False,False
MARCELANDIA,MT,2020,PEQUENO PORTE,4227607.58,33416919.26,31204954.61,,,,,,,False,False,False
MARCELANDIA,MT,2021,PEQUENO PORTE,4955347.84,38521468.13,30454591.88,,,,,,,False,False,False
MARCELANDIA,MT,2022,PEQUENO PORTE,4687861.85,40864538.62,33370848.89,,,,,,,False,False,False
MARCELANDIA,MT,2023,PEQUENO PORTE,5822023.47,45616523.62,37239212.23,,,,,,,False,False,False
MARCELANDIA,MT,2024,PEQUENO PORTE,6655840.67,54295160.17,31760723.47,,,,,,,False,False,False
MARI,PB,2019,MÉDIO PORTE,2760715.83,1380924.77,30141977.31,,,,,,,False,False,False
MARI,PB,2020,MÉDIO PORTE,4126228.11,3232349.87,30262176.18,,,,,,,False,False,False
MARI,PB,2021,MÉDIO PORTE,4749030.62,3013426.88,30034561.23,,,,,,,False,False,False
MARI,PB,2022,MÉDIO PORTE,6258115.66,3707208.32,30235472.759999998,,,,,,,False,False,False
MARI,PB,2023,MÉDIO PORTE,8131042.69,3261236.92,30256581.61,,,,,,,False,False,False
MARI,PB,2024,MÉDIO PORTE,9197341.49,3882232.81,30154439.86,2025-03-24 00:00:00,2025-02-27 00:00:00,,,,,False,False,False
MARIA HELENA,PR,2019,PEQUENO PORTE,3368424.66,3652732.96,30370192.93,,,,,,,False,False,False
MARIA HELENA,PR,2020,PEQUENO PORTE,3561935.49,5154838.23,30304311.04,,,,,,,False,False,False
MARIA HELENA,PR,2021,PEQUENO PORTE,3830779.48,6202746.6,30167839.439999998,,,,,,,False,False,False
MARIA HELENA,PR,2022,PEQUENO PORTE,4128584.44,6699549.7,30579785.05,,,,,,,False,False,False
MARIA HELENA,PR,2023,PEQUENO PORTE,5401548.41,7862470.25,31128999.25,,,,,,,False,False,False
MARIA HELENA,PR,2024,PEQUENO PORTE,6197915.98,10469636.84,30586201.38,,,,,,,False,False,False
MARIALVA,PR,2019,MÉDIO PORTE,10122744.3,28751450.13,33402415.86,,,,,,,False,False,False
MARIALVA,PR,2020,MÉDIO PORTE,10777161.86,33632023.56,31191755.31,,,,,,,False,False,False
MARIALVA,PR,2021,MÉDIO PORTE,11965068.35,37600872.69000001,29558495.7,,,,,,,False,False,False
MARIALVA,PR,2022,MÉDIO PORTE,15542195.95,39914115.85,33407531.34,,,,,,,False,False,False
MARIALVA,PR,2023,MÉDIO PORTE,18596204.09,48375504.28,36253853.69,,,,,,,False,False,False
MARIALVA,PR,2024,MÉDIO PORTE,19720596.79,59916470.33,33815255.14,2020-03-03 00:00:00,2020-03-03 00:00:00,,,,,False,False,False
MARIANA PIMENTEL,RS,2019,PEQUENO PORTE,1310387.81,3995407.16,30294859.279999997,,,,,,,False,False,False
MARIANA PIMENTEL,RS,2020,PEQUENO PORTE,1562724.31,5263440.07,30123939.56,,,,,,,False,False,False
MARIANA PIMENTEL,RS,2021,PEQUENO PORTE,1732818.39,6668425.54,30067800.009999998,,,,,,,False,False,False
MARIANA PIMENTEL,RS,2022,PEQUENO PORTE,1535076.43,8087009.75,30721518.23,,,,,,,False,False,False
MARIANA PIMENTEL,RS,2023,PEQUENO PORTE,1667408.27,9916156.85,31199729.72,,,,,,,False,False,False
MARIANA PIMENTEL,RS,2024,PEQUENO PORTE,1788473.02,12275849.47,30920750.64,,,,,,,False,False,False
MARILENA,PR,2019,PEQUENO PORTE,1938384.75,10219288.08,31336037.939999998,,,,,,,False,False,False
MARILENA,PR,2020,PEQUENO PORTE,1892877.91,10521932.49,31422237.33,,,,,,,False,False,False
MARILENA,PR,2021,PEQUENO PORTE,2197066.92,11009410.77,30158693.72,,,,,,,False,False,False
MARILENA,PR,2022,PEQUENO PORTE,2897489.26,10501996.21,29812370.02,,,,,,,False,False,False
MARILENA,PR,2023,PEQUENO PORTE,3150092.75,12435194.82,31052563.25,,,,,,,False,False,False
MARILENA,PR,2024,PEQUENO PORTE,2482842.1,13422617.86,30665953.5,,,,,,,False,False,False
MARILIA,SP,2019,GRANDE PORTE,54903165.11,20280717.63,31320801.83,,,,,,,False,False,False
MARILIA,SP,2020,GRANDE PORTE,75127422.28,8545671.700000001,27756273.56,,,,,,,False,False,False
MARILIA,SP,2021,GRANDE PORTE,72131413.8,8058403.550000002,29809016.59,,,,,,,False,False,False
MARILIA,SP,2022,GRANDE PORTE,97101189.49,9305783.9,30648140.93,,,,,,,False,False,False
MARILIA,SP,2023,GRANDE PORTE,78832650.03,18021050.92,32594650.13,,,,,,,False,False,False
MARILIA,SP,2024,GRANDE PORTE,49233898.96,19172288.02,30754772.22,,,,,,,False,False,False
MARILUZ,PR,2019,PEQUENO PORTE,2672595.13,2117985.91,29987249.49,,,,,,,False,False,False
MARILUZ,PR,2020,PEQUENO PORTE,2739118.2,1055844.71,29942956.0,,,,,,,False,False,False
MARILUZ,PR,2021,PEQUENO PORTE,3111423.92,3195118.6,30026018.5,,,,,,,False,False,False
MARILUZ,PR,2022,PEQUENO PORTE,3734030.74,4344510.11,30281199.73,,,,,,,False,False,False
MARILUZ,PR,2023,PEQUENO PORTE,4893806.43,5685260.36,30572884.77,,,,,,,False,False,False
MARILUZ,PR,2024,PEQUENO PORTE,5772843.78,8860922.79,31038472.55,,,,,,,False,False,False
MARINGA,PR,2019,GRANDE PORTE,87461384.39,330473678.98,89184459.97999999,,,,,,,False,False,False
MARINGA,PR,2020,GRANDE PORTE,92778678.9,455583659.35,29919807.119999997,,,,,,,False,False,False
MARINGA,PR,2021,GRANDE PORTE,115660597.09,513073240.14,29942819.009999998,,,,,,,False,False,False
MARINGA,PR,2022,GRANDE PORTE,147312095.33,582609561.44,31941162.11,,,,,,,False,False,False
MARINGA,PR,2023,GRANDE PORTE,160790381.86,677012023.49,120306280.19,,,,,,,False,False,False
MARINGA,PR,2024,GRANDE PORTE,171656803.74,867894292.14,132838352.13999999,2019-02-07 00:00:00,2019-02-04 00:00:00,2020-02-28 00:00:00,II,2023-02-16 00:00:00,II,False,False,False
MARIOPOLIS,PR,2019,PEQUENO PORTE,2681657.12,24204576.17,31671323.95,,,,,,,False,False,False
MARIOPOLIS,PR,2020,PEQUENO PORTE,2821379.06,26867194.17,31044622.4,,,,,,,False,False,False
MARIOPOLIS,PR,2021,PEQUENO PORTE,2731189.05,28527499.91,31000717.22,,,,,,,False,False,False
MARIOPOLIS,PR,2022,PEQUENO PORTE,3025563.73,29789740.62,33024708.38,,,,,,,False,False,False
MARIOPOLIS,PR,2023,PEQUENO PORTE,2999359.21,33219990.96,34038629.269999996,,,,,,,False,False,False
MARIOPOLIS,PR,2024,PEQUENO PORTE,3812749.65,37396172.6,33063557.08,,,,,,,False,False,False
MARQUINHO,PR,2019,PEQUENO PORTE,2753402.96,15061834.72,31029742.2,,,,,,,False,False,False
MARQUINHO,PR,2020,PEQUENO PORTE,2224036.05,17443942.73,30843118.169999998,,,,,,,False,False,False
MARQUINHO,PR,2021,PEQUENO PORTE,2613028.04,19718473.67,30452115.47,,,,,,,False,False,False
MARQUINHO,PR,2022,PEQUENO PORTE,3450011.29,21452643.1,31813802.849999998,,,,,,,False,False,False
MARQUINHO,PR,2023,PEQUENO PORTE,2533023.88,24356461.8,33501098.89,,,,,,,False,False,False
MARQUINHO,PR,2024,PEQUENO PORTE,2739523.7,27884141.42,31326188.99,,,,,,,False,False,False
MATA,RS,2019,PEQUENO PORTE,1928063.54,16322277.07,31967674.77,,,,,,,False,False,False
MATA,RS,2020,PEQUENO PORTE,2163847.66,18450491.73,30901070.68,,,,,,,False,False,False
MATA,RS,2021,PEQUENO PORTE,2314917.17,19789636.62,30159538.2,,,,,,,False,False,False
MATA,RS,2022,PEQUENO PORTE,2724518.49,20116392.47,31911779.23,,,,,,,False,False,False
MATA,RS,2023,PEQUENO PORTE,3191850.82,22116433.04,32725966.04,,,,,,,False,False,False
MATA,RS,2024,PEQUENO PORTE,3504791.3,25187278.22,31885265.83,,,,,,,False,False,False
MATELANDIA,PR,2019,MÉDIO PORTE,5823460.66,13085169.04,32041125.24,,,,,,,False,False,False
MATELANDIA,PR,2020,MÉDIO PORTE,6622800.26,16719326.37,31547783.9,,,,,,,False,False,False
MATELANDIA,PR,2021,MÉDIO PORTE,7326508.9,19739285.03,31330636.84,,,,,,,False,False,False
MATELANDIA,PR,2022,MÉDIO PORTE,8709798.12,21684288.42,30723480.59,,,,,,,False,False,False
MATELANDIA,PR,2023,MÉDIO PORTE,9219877.61,26313555.27,32368003.46,,,,,,,False,False,False
MATELANDIA,PR,2024,MÉDIO PORTE,10799714.25,36090346.03,32038940.97,,,,,,,False,False,False
MATO GROSSO,MT,2019,ESTADO/DF,1656103867.47,31070729.1,30966683.41,,,,,,,False,False,False
MATO GROSSO,MT,2020,ESTADO/DF,2254646710.14,19975603.88,31898510.71,,,,,,,False,False,False
MATO GROSSO,MT,2021,ESTADO/DF,2639155792.18,99186701.67,31853262.9,,,,,,,False,False,False
MATO GROSSO,MT,2022,ESTADO/DF,2826078863.44,112064253.64,51667709.099999994,,,,,,,False,False,False
MATO GROSSO,MT,2023,ESTADO/DF,3048143166.4,397278150.8,50751083.21,,,,,,,False,False,False
MATO GROSSO,MT,2024,ESTADO/DF,3171933501.26,976128138.72,58816382.32,2020-09-25 00:00:00,2020-10-09 00:00:00,2021-12-17 00:00:00,III,2024-10-30 00:00:00,IV,False,False,False
MATO GROSSO DO SUL,MS,2019,ESTADO/DF,1725621419.28,74026702.1,30435012.64,,,,,,,False,False,False
MATO GROSSO DO SUL,MS,2020,ESTADO/DF,1766633178.94,85694929.03,31286911.72,,,,,,,False,False,False
MATO GROSSO DO SUL,MS,2021,ESTADO/DF,2174197510.06,174235614.3,32956152.32,,,,,,,False,False,False
MATO GROSSO DO SUL,MS,2022,ESTADO/DF,2560165611.26,129270582.53,39064175.05,,,,,,,False,False,False
MATO GROSSO DO SUL,MS,2023,ESTADO/DF,2789799026.89,79259857.09,34281967.45,,,,,,,False,False,False
MATO GROSSO DO SUL,MS,2024,ESTADO/DF,3086866000.52,435911176.18,43143480.06,2019-10-30 00:00:00,2019-10-23 00:00:00,2024-07-25 00:00:00,II,,II,False,False,False
MATO LEITAO,RS,2019,PEQUENO PORTE,1875390.93,23071938.16,33095449.66,,,,,,,False,False,False
MATO LEITAO,RS,2020,PEQUENO PORTE,2055885.2,27112120.89,31355961.97,,,,,,,False,False,False
MATO LEITAO,RS,2021,PEQUENO PORTE,2262851.43,29778551.99,29559424.25,,,,,,,False,False,False
MATO LEITAO,RS,2022,PEQUENO PORTE,2523065.99,30768209.78,31839858.18,,,,,,,False,False,False
MATO LEITAO,RS,2023,PEQUENO PORTE,2633225.25,34009616.92,34297155.29,,,,,,,False,False,False
MATO LEITAO,RS,2024,PEQUENO PORTE,2924071.6,39473806.28,31877563.41,,,,,,,False,False,False
MATUPA,MT,2019,PEQUENO PORTE,4160454.89,21701390.04,32606500.04,,,,,,,False,False,False
MATUPA,MT,2020,PEQUENO PORTE,4647825.65,26374944.47,32610046.98,,,,,,,False,False,False
MATUPA,MT,2021,PEQUENO PORTE,5084468.51,30505175.91,29862452.79,,,,,,,False,False,False
MATUPA,MT,2022,PEQUENO PORTE,6069266.21,34455007.46,29910774.82,,,,,,,False,False,False
MATUPA,MT,2023,PEQUENO PORTE,7289477.63,41397506.98,35911213.04,,,,,,,False,False,False
MATUPA,MT,2024,PEQUENO PORTE,8390540.54,51029407.51,30929377.13,,,,,,,False,False,False
MAURILANDIA,GO,2019,PEQUENO PORTE,1090652.7,2879483.25,30062227.169999998,,,,,,,False,False,False
MAURILANDIA,GO,2020,MÉDIO PORTE,1502644.49,1892195.64,29906377.18,,,,,,,False,False,False
MAURILANDIA,GO,2021,PEQUENO PORTE,3751660.01,1725634.6,29891173.98,,,,,,,False,False,False
MAURILANDIA,GO,2022,PEQUENO PORTE,4238086.84,2632727.59,30236212.919999998,,,,,,,False,False,False
MAURILANDIA,GO,2023,PEQUENO PORTE,4122887.07,5850659.99,30598870.13,,,,,,,False,False,False
MAURILANDIA,GO,2024,PEQUENO PORTE,4807798.2,7387828.58,30626977.169999998,,,,,,,False,False,False
MEDIANEIRA,PR,2019,MÉDIO PORTE,10410705.79,33716334.84,35186121.879999995,,,,,,,False,False,False
MEDIANEIRA,PR,2020,MÉDIO PORTE,12506965.01,44273645.86,35340980.629999995,,,,,,,False,False,False
MEDIANEIRA,PR,2021,MÉDIO PORTE,13130802.75,55404481.63,31482294.8,,,,,,,False,False,False
MEDIANEIRA,PR,2022,MÉDIO PORTE,17896890.19,67602714.99,33895309.89,,,,,,,False,False,False
MEDIANEIRA,PR,2023,MÉDIO PORTE,20329437.29,82663172.41,41164819.92,,,,,,,False,False,False
MEDIANEIRA,PR,2024,MÉDIO PORTE,23298094.68,108595135.98,42031814.019999996,2024-05-24 00:00:00,2024-05-24 00:00:00,2024-11-08 00:00:00,I,,I,False,False,False
MENDES,RJ,2019,MÉDIO PORTE,2252554.91,8320761.670000001,30914460.119999997,,,,,,,False,False,False
MENDES,RJ,2020,MÉDIO PORTE,2781305.56,7551172.04,30462680.97,,,,,,,False,False,False
MENDES,RJ,2021,MÉDIO PORTE,3705819.86,6613251.08,30183939.009999998,,,,,,,False,False,False
MENDES,RJ,2022,MÉDIO PORTE,5257933.1,8171175.08,30770265.63,,,,,,,False,False,False
MENDES,RJ,2023,MÉDIO PORTE,8338138.34,13420194.38,31938650.33,,,,,,,False,False,False
MENDES,RJ,2024,MÉDIO PORTE,9087026.23,20686270.83,31894507.91,2024-05-23 00:00:00,2024-05-07 00:00:00,,,,,False,False,False
MERCES,MG,2019,PEQUENO PORTE,1257520.2,3300270.71,30069055.349999998,,,,,,,False,False,False
MERCES,MG,2020,PEQUENO PORTE,1360097.89,2949909.46,29936094.3,,,,,,,False,False,False
MERCES,MG,2021,PEQUENO PORTE,1458308.53,2569418.07,29843537.09,,,,,,,False,False,False
MERCES,MG,2022,PEQUENO PORTE,1703190.61,2176642.02,30058065.06,,,,,,,False,False,False
MERCES,MG,2023,PEQUENO PORTE,1797383.38,2009527.8,30122115.849999998,,,,,,,False,False,False
MERCES,MG,2024,PEQUENO PORTE,2498301.58,1833915.96,30022919.23,,,,,,,False,False,False
MERIDIANO,SP,2019,PEQUENO PORTE,3239075.83,8005134.41,30811343.59,,,,,,,False,False,False
MERIDIANO,SP,2020,PEQUENO PORTE,2945280.5,8871925.79,29862468.72,,,,,,,False,False,False
MERIDIANO,SP,2021,PEQUENO PORTE,2937767.87,8754457.35,29862452.79,,,,,,,False,False,False
MERIDIANO,SP,2022,PEQUENO PORTE,3985144.95,9652764.82,30485211.97,,,,,,,False,False,False
MERIDIANO,SP,2023,PEQUENO PORTE,6733776.33,10224949.29,31331865.099999998,,,,,,,False,False,False
MERIDIANO,SP,2024,PEQUENO PORTE,5507587.76,13839922.1,30691298.34,2021-01-26 00:00:00,2021-01-18 00:00:00,,,,,False,False,False
MESOPOLIS,SP,2019,PEQUENO PORTE,1698225.58,12102712.28,30989581.279999997,,,,,,,False,False,False
MESOPOLIS,SP,2020,PEQUENO PORTE,1754643.13,14116164.87,30505351.5,,,,,,,False,False,False
MESOPOLIS,SP,2021,PEQUENO PORTE,1774934.27,15438011.46,30338957.3,,,,,,,False,False,False
MESOPOLIS,SP,2022,PEQUENO PORTE,2125765.41,17066788.84,31710168.31,,,,,,,False,False,False
MESOPOLIS,SP,2023,PEQUENO PORTE,2518972.23,20310702.59,29862452.79,,,,,,,False,False,False
MESOPOLIS,SP,2024,PEQUENO PORTE,1242879.97,24055701.68,30696948.82,,,,,,,False,False,False
MESSIAS,AL,2019,MÉDIO PORTE,3306772.49,10885421.38,31173884.369999997,,,,,,,False,False,False
MESSIAS,AL,2020,MÉDIO PORTE,2995163.46,12106505.23,31469531.02,,,,,,,False,False,False
MESSIAS,AL,2021,MÉDIO PORTE,4165997.49,15145334.78,30289290.22,,,,,,,False,False,False
MESSIAS,AL,2022,MÉDIO PORTE,4536556.37,16983868.1,30959372.39,,,,,,,False,False,False
MESSIAS,AL,2023,MÉDIO PORTE,3847869.64,19181038.34,32773373.849999998,,,,,,,False,False,False
MESSIAS,AL,2024,MÉDIO PORTE,3855569.45,23094655.58,31622154.259999998,,,,,,,False,False,False
MESSIAS TARGINO,RN,2019,PEQUENO PORTE,934038.5,192364.11,29870218.99,,,,,,,False,False,False
MESSIAS TARGINO,RN,2020,PEQUENO PORTE,845343.19,57193.97,29864640.98,,,,,,,False,False,False
MESSIAS TARGINO,RN,2021,PEQUENO PORTE,923516.57,9646.98,30236318.77,,,,,,,False,False,False
MESSIAS TARGINO,RN,2022,PEQUENO PORTE,1648760.52,11247.77,29862452.79,,,,,,,False,False,False
MESSIAS TARGINO,RN,2023,PEQUENO PORTE,1534529.48,18283.26,29890111.06,,,,,,,False,False,False
MESSIAS TARGINO,RN,2024,PEQUENO PORTE,1875436.79,418549.89,29872876.169999998,,,,,,,False,False,False
MIGUEL PEREIRA,RJ,2019,MÉDIO PORTE,7777863.61,56264170.2,41211142.81,,,,,,,False,False,False
MIGUEL PEREIRA,RJ,2020,MÉDIO PORTE,9076818.86,69552082.65,34612642.56,,,,,,,False,False,False
MIGUEL PEREIRA,RJ,2021,MÉDIO PORTE,9327676.23,77405120.45,29942974.58,,,,,,,False,False,False
MIGUEL PEREIRA,RJ,2022,MÉDIO PORTE,11046052.42,79228839.96000001,35035967.86,,,,,,,False,False,False
MIGUEL PEREIRA,RJ,2023,MÉDIO PORTE,12248441.07,86434248.48,40219129.35,,,,,,,False,False,False
MIGUEL PEREIRA,RJ,2024,MÉDIO PORTE,13727980.56,98635465.71,31230583.36,,,,,,,False,False,False
MIGUELOPOLIS,SP,2019,MÉDIO PORTE,7834527.07,16190692.76,31557909.93,,,,,,,False,False,False
MIGUELOPOLIS,SP,2020,MÉDIO PORTE,7812498.73,20828955.48,30958631.14,,,,,,,False,False,False
MIGUELOPOLIS,SP,2021,MÉDIO PORTE,8241468.34,23515185.99,30533059.58,,,,,,,False,False,False
MIGUELOPOLIS,SP,2022,MÉDIO PORTE,9926939.48,26247423.45,32447831.099999998,,,,,,,False,False,False
MIGUELOPOLIS,SP,2023,MÉDIO PORTE,11595883.43,31293201.86,34161037.23,,,,,,,False,False,False
MIGUELOPOLIS,SP,2024,MÉDIO PORTE,11731003.87,39705593.38,33296903.34,,,,,,,False,False,False
MILAGRES,CE,2019,MÉDIO PORTE,5735378.14,12924779.36,32012743.56,,,,,,,False,False,False
MILAGRES,CE,2020,MÉDIO PORTE,3232409.98,19584669.12,33611318.94,,,,,,,False,False,False
MILAGRES,CE,2021,MÉDIO PORTE,7497239.07,23422535.39,30798255.529999997,,,,,,,False,False,False
MILAGRES,CE,2022,MÉDIO PORTE,9120951.62,29210886.6,33050474.0,,,,,,,False,False,False
MILAGRES,CE,2023,MÉDIO PORTE,9844539.77,41138350.05,35786567.01,,,,,,,False,False,False
MILAGRES,CE,2024,MÉDIO PORTE,9853558.16,54713898.94,35572724.16,2022-04-26 00:00:00,2022-01-28 00:00:00,2023-04-18 00:00:00,I,,I,False,False,False
MINACU,GO,2019,MÉDIO PORTE,9447295.1,8519870.29,30606259.529999997,,,,,,,False,False,False
MINACU,GO,2020,MÉDIO PORTE,11422957.72,6574148.46,30109922.619999997,,,,,,,False,False,False
MINACU,GO,2021,MÉDIO PORTE,13999938.53,6675191.41,29959163.66,,,,,,,False,False,False
MINACU,GO,2022,MÉDIO PORTE,17777393.01,10070254.81,30889784.68,,,,,,,False,False,False
MINACU,GO,2023,MÉDIO PORTE,21067336.34,13645380.0,31717173.65,,,,,,,False,False,False
MINACU,GO,2024,MÉDIO PORTE,22320598.72,17565718.53,31621133.2,,,,,,,False,False,False
MINDURI,MG,2019,PEQUENO PORTE,1923513.78,1815729.04,30107177.59,,,,,,,False,False,False
MINDURI,MG,2020,PEQUENO PORTE,1981828.49,2535065.3,30001522.939999998,,,,,,,False,False,False
MINDURI,MG,2021,PEQUENO PORTE,2174040.01,3266725.13,29823915.72,,,,,,,False,False,False
MINDURI,MG,2022,PEQUENO PORTE,2344942.4,2662348.15,30021739.779999997,,,,,,,False,False,False
MINDURI,MG,2023,PEQUENO PORTE,2964728.99,1386306.76,30013469.72,,,,,,,False,False,False
MINDURI,MG,2024,PEQUENO PORTE,3259761.65,798873.26,29877409.23,,,,,,,False,False,False
MINEIROS,GO,2019,MÉDIO PORTE,22460308.06,97409408.57,42518897.5,,,,,,,False,False,False
MINEIROS,GO,2020,MÉDIO PORTE,24803582.34,118892630.68,34480759.12,,,,,,,False,False,False
MINEIROS,GO,2021,MÉDIO PORTE,27952973.82,134854379.7,33259371.869999997,,,,,,,False,False,False
MINEIROS,GO,2022,MÉDIO PORTE,30932795.86,147906042.55,37447017.379999995,,,,,,,False,False,False
MINEIROS,GO,2023,MÉDIO PORTE,31782694.47,166594240.18,53437832.44,,,,,,,False,False,False
MINEIROS,GO,2024,MÉDIO PORTE,35149567.65,196895828.99,46124548.989999995,,,,,,,False,False,False
MIRA ESTRELA,SP,2019,PEQUENO PORTE,1808977.77,17695532.46,31941287.07,,,,,,,False,False,False
MIRA ESTRELA,SP,2020,PEQUENO PORTE,1470660.33,20622790.3,31038711.349999998,,,,,,,False,False,False
MIRA ESTRELA,SP,2021,PEQUENO PORTE,2418706.78,21937580.68,30291106.86,,,,,,,False,False,False
MIRA ESTRELA,SP,2022,PEQUENO PORTE,3586293.02,23726868.49,31730841.38,,,,,,,False,False,False
MIRA ESTRELA,SP,2023,PEQUENO PORTE,2490880.44,27749402.56,33766329.03,,,,,,,False,False,False
MIRA ESTRELA,SP,2024,PEQUENO PORTE,1963791.17,32968084.93,31968897.95,,,,,,,False,False,False
MIRACEMA,RJ,2019,MÉDIO PORTE,7072031.92,443205.52,29871455.39,,,,,,,False,False,False
MIRACEMA,RJ,2020,MÉDIO PORTE,7784053.07,97280.14,29866725.349999998,,,,,,,False,False,False
MIRACEMA,RJ,2021,MÉDIO PORTE,9580607.58,155481.16,29876894.39,,,,,,,False,False,False
MIRACEMA,RJ,2022,MÉDIO PORTE,10947347.16,1176755.97,29887377.79,,,,,,,False,False,False
MIRACEMA,RJ,2023,MÉDIO PORTE,13147040.02,330114.73,29873599.88,,,,,,,False,False,False
MIRACEMA,RJ,2024,MÉDIO PORTE,13383840.76,108732.11,29870830.25,,,,,,,False,False,False
MIRANORTE,TO,2019,PEQUENO PORTE,2839566.57,8386349.840000002,30699299.84,,,,,,,False,False,False
MIRANORTE,TO,2020,PEQUENO PORTE,3148666.99,11162219.84,30595360.919999998,,,,,,,False,False,False
MIRANORTE,TO,2021,PEQUENO PORTE,3465453.9,13476411.52,30328919.32,,,,,,,False,False,False
MIRANORTE,TO,2022,PEQUENO PORTE,4278360.43,16353447.96,30929855.93,,,,,,,False,False,False
MIRANORTE,TO,2023,PEQUENO PORTE,4991784.32,19375480.13,32669200.68,,,,,,,False,False,False
MIRANORTE,TO,2024,PEQUENO PORTE,5206153.27,25195192.83,32461124.48,,,,,,,False,False,False
MONCOES,SP,2019,PEQUENO PORTE,2421830.93,10715037.46,30667284.23,,,,,,,False,False,False
MONCOES,SP,2020,PEQUENO PORTE,3104534.66,11912176.17,30390362.189999998,,,,,,,False,False,False
MONCOES,SP,2021,PEQUENO PORTE,3300432.86,13068049.13,30249779.38,,,,,,,False,False,False
MONCOES,SP,2022,PEQUENO PORTE,3658497.3,14015470.46,31308496.61,,,,,,,False,False,False
MONCOES,SP,2023,PEQUENO PORTE,2710984.1,12589524.52,31897843.16,,,,,,,False,False,False
MONCOES,SP,2024,PEQUENO PORTE,2466836.95,18226544.67,31163773.39,,,,,,,False,False,False
MONTE ALEGRE,PA,2019,MÉDIO PORTE,13029257.49,23230368.32,35026638.18,,,,,,,False,False,False
MONTE ALEGRE,PA,2020,MÉDIO PORTE,15778895.62,21095030.28,35781425.81,,,,,,,False,False,False
MONTE ALEGRE,PA,2021,MÉDIO PORTE,2882443.58,22236119.54,30572981.869999997,,,,,,,False,False,False
MONTE ALEGRE,PA,2022,MÉDIO PORTE,67872.53,22574969.94,29862452.79,,,,,,,False,False,False
MONTE ALEGRE,PA,2023,MÉDIO PORTE,30075997.39,22872060.26,29862452.79,,,,,,,False,False,False
MONTE ALEGRE,PA,2024,MÉDIO PORTE,16859549.4,20671798.38,30876414.509999998,,,,,,,False,False,False
MONTE ALEGRE,RN,2019,PEQUENO PORTE,4201211.54,9581528.5,30589951.98,,,,,,,False,False,False
MONTE ALEGRE,RN,2020,PEQUENO PORTE,4715175.01,13009976.46,30453097.91,,,,,,,False,False,False
MONTE ALEGRE,RN,2021,PEQUENO PORTE,5824171.12,16453882.24,30130883.73,,,,,,,False,False,False
MONTE ALEGRE,RN,2022,PEQUENO PORTE,7145628.67,19143417.74,30552599.83,,,,,,,False,False,False
MONTE ALEGRE,RN,2023,PEQUENO PORTE,7523215.9,26804107.81,32831731.93,,,,,,,False,False,False
MONTE ALEGRE,RN,2024,MÉDIO PORTE,4929597.34,30708772.89,29862452.79,,,,,,,False,False,False
MONTE ALEGRE DE MINAS,MG,2019,MÉDIO PORTE,7539309.03,4359265.18,30213687.61,,,,,,,False,False,False
MONTE ALEGRE DE MINAS,MG,2020,MÉDIO PORTE,9502579.62,5819089.19,30317490.21,,,,,,,False,False,False
MONTE ALEGRE DE MINAS,MG,2021,MÉDIO PORTE,9165020.82,8389071.31,30266220.79,,,,,,,False,False,False
MONTE ALEGRE DE MINAS,MG,2022,MÉDIO PORTE,10912123.54,9243185.74,30746159.279999997,,,,,,,False,False,False
MONTE ALEGRE DE MINAS,MG,2023,MÉDIO PORTE,12902240.62,9755348.76,30966396.99,,,,,,,False,False,False
MONTE ALEGRE DE MINAS,MG,2024,MÉDIO PORTE,12254544.09,9718149.1,30615872.58,,,,,,,False,False,False
MONTE BELO,MG,2019,PEQUENO PORTE,2791594.53,11726991.59,30918354.88,,,,,,,False,False,False
MONTE BELO,MG,2020,PEQUENO PORTE,2963256.23,12131818.91,30616268.31,,,,,,,False,False,False
MONTE BELO,MG,2021,PEQUENO PORTE,3167407.07,13237372.49,30400707.419999998,,,,,,,False,False,False
MONTE BELO,MG,2022,PEQUENO PORTE,3489854.5,13611554.15,31154249.49,,,,,,,False,False,False
MONTE BELO,MG,2023,PEQUENO PORTE,3938180.95,12731256.67,31311012.86,,,,,,,False,False,False
MONTE BELO,MG,2024,PEQUENO PORTE,5558101.09,11491802.03,30605342.39,,,,,,,False,False,False
MONTE CASTELO,SP,2019,PEQUENO PORTE,2960363.96,8557306.870000001,30505509.07,,,,,,,False,False,False
MONTE CASTELO,SP,2020,PEQUENO PORTE,3840453.95,8994650.73,30369430.369999997,,,,,,,False,False,False
MONTE CASTELO,SP,2021,PEQUENO PORTE,3939629.92,9220110.36,30276351.4,,,,,,,False,False,False
MONTE CASTELO,SP,2022,PEQUENO PORTE,3884869.16,10207303.66,30841228.52,,,,,,,False,False,False
MONTE CASTELO,SP,2023,PEQUENO PORTE,4523129.42,10130442.43,31092842.25,,,,,,,False,False,False
MONTE CASTELO,SP,2024,PEQUENO PORTE,5100137.99,11322017.07,30852831.009999998,,,,,,,False,False,False
MONTE DO CARMO,TO,2019,PEQUENO PORTE,1257656.63,8368271.59,30696557.75,,,,,,,False,False,False
MONTE DO CARMO,TO,2020,PEQUENO PORTE,1356447.88,9946880.14,30560563.59,,,,,,,False,False,False
MONTE DO CARMO,TO,2021,PEQUENO PORTE,1588756.5,11475944.24,30335060.439999998,,,,,,,False,False,False
MONTE DO CARMO,TO,2022,PEQUENO PORTE,2258918.55,12852130.87,30684830.55,,,,,,,False,False,False
MONTE DO CARMO,TO,2023,PEQUENO PORTE,2661934.76,14745534.36,32030587.11,,,,,,,False,False,False
MONTE DO CARMO,TO,2024,PEQUENO PORTE,1796196.05,18311031.02,31413945.91,,,,,,,False,False,False
MONTE NEGRO,RO,2019,PEQUENO PORTE,2533226.57,14172328.71,31444326.65,,,,,,,False,False,False
MONTE NEGRO,RO,2020,PEQUENO PORTE,3349703.59,16955332.51,30898480.27,,,,,,,False,False,False
MONTE NEGRO,RO,2021,PEQUENO PORTE,4140187.23,21673261.91,30050676.189999998,,,,,,,False,False,False
MONTE NEGRO,RO,2022,PEQUENO PORTE,4604141.5,25006895.06,31939245.86,,,,,,,False,False,False
MONTE NEGRO,RO,2023,PEQUENO PORTE,3420713.19,29038622.47,34885709.97,,,,,,,False,False,False
MONTE NEGRO,RO,2024,PEQUENO PORTE,6490690.03,37841924.28,32475367.5,2024-08-22 00:00:00,2023-03-07 00:00:00,,,,,False,False,False
MONTES CLAROS,MG,2019,GRANDE PORTE,37732769.22,14122867.27,31091011.3,,,,,,,False,False,False
MONTES CLAROS,MG,2020,GRANDE PORTE,47076988.96,5756265.04,30262217.5,,,,,,,False,False,False
MONTES CLAROS,MG,2021,GRANDE PORTE,48781507.68,8282750.31,30399301.419999998,,,,,,,False,False,False
MONTES CLAROS,MG,2022,MÉDIO PORTE,51708470.85,25364682.23,32791352.009999998,,,,,,,False,False,False
MONTES CLAROS,MG,2023,GRANDE PORTE,53490293.24,32626834.11,33570436.339999996,,,,,,,False,False,False
MONTES CLAROS,MG,2024,GRANDE PORTE,63015689.09,38240671.75,34714526.69,2024-04-08 00:00:00,2024-03-13 00:00:00,,,,,False,False,False
MONTES CLAROS DE GOIAS,GO,2019,PEQUENO PORTE,2268978.69,6962654.31,30476374.56,,,,,,,False,False,False
MONTES CLAROS DE GOIAS,GO,2020,PEQUENO PORTE,2688760.69,6141965.17,30148729.36,,,,,,,False,False,False
MONTES CLAROS DE GOIAS,GO,2021,PEQUENO PORTE,3025946.78,5305810.52,29952189.77,,,,,,,False,False,False
MONTES CLAROS DE GOIAS,GO,2022,PEQUENO PORTE,5404583.12,4175426.5,30235608.009999998,,,,,,,False,False,False
MONTES CLAROS DE GOIAS,GO,2023,PEQUENO PORTE,6652925.82,4310800.94,30470401.82,,,,,,,False,False,False
MONTES CLAROS DE GOIAS,GO,2024,PEQUENO PORTE,2054107.4,4820585.48,30863701.82,,,,,,,False,False,False
MORADA NOVA,CE,2019,MÉDIO PORTE,12954596.53,11757614.81,31423927.39,,,,,,,False,False,False
MORADA NOVA,CE,2020,MÉDIO PORTE,14917868.48,17328378.98,30982158.22,,,,,,,False,False,False
MORADA NOVA,CE,2021,MÉDIO PORTE,15229573.77,21501758.71,30642138.47,,,,,,,False,False,False
MORADA NOVA,CE,2022,MÉDIO PORTE,20000297.45,31246194.4,32638977.119999997,,,,,,,False,False,False
MORADA NOVA,CE,2023,MÉDIO PORTE,26644664.3,38982338.32,35547590.17,,,,,,,False,False,False
MORADA NOVA,CE,2024,MÉDIO PORTE,26376303.33,46099004.14,32749891.619999997,,,,,,,False,False,False
MORADA NOVA DE MINAS,MG,2019,PEQUENO PORTE,3589514.82,4653751.73,30372957.759999998,,,,,,,False,False,False
MORADA NOVA DE MINAS,MG,2020,PEQUENO PORTE,4137457.23,4728335.69,30334651.52,,,,,,,False,False,False
MORADA NOVA DE MINAS,MG,2021,PEQUENO PORTE,4720003.89,9290908.2,30175759.49,,,,,,,False,False,False
MORADA NOVA DE MINAS,MG,2022,PEQUENO PORTE,5709894.71,9533414.6,30784349.32,,,,,,,False,False,False
MORADA NOVA DE MINAS,MG,2023,PEQUENO PORTE,3342004.76,10163373.29,31036525.59,,,,,,,False,False,False
MORADA NOVA DE MINAS,MG,2024,PEQUENO PORTE,3386571.31,10106447.34,30596719.669999998,,,,,,,False,False,False
MOREIRA SALES,PR,2019,MÉDIO PORTE,3176376.14,16817253.48,31983212.49,,,,,,,False,False,False
MOREIRA SALES,PR,2020,MÉDIO PORTE,5305965.3,17683656.09,31530843.72,,,,,,,False,False,False
MOREIRA SALES,PR,2021,MÉDIO PORTE,4711375.44,17748480.63,30776046.9,,,,,,,False,False,False
MOREIRA SALES,PR,2022,MÉDIO PORTE,11269823.16,16901912.41,31179669.11,,,,,,,False,False,False
MOREIRA SALES,PR,2023,MÉDIO PORTE,6640740.28,16455928.7,31839038.68,,,,,,,False,False,False
MOREIRA SALES,PR,2024,MÉDIO PORTE,6950895.51,16498685.62,30853566.43,,,,,,,False,False,False
MORENO,PE,2019,MÉDIO PORTE,11056957.29,206681.97,29885465.45,,,,,,,False,False,False
MORENO,PE,2020,MÉDIO PORTE,11617306.62,245942.66,29881540.3,,,,,,,False,False,False
MORENO,PE,2021,MÉDIO PORTE,13092815.14,1293198.36,29909296.15,,,,,,,False,False,False
MORENO,PE,2022,MÉDIO PORTE,19490784.36,2169138.79,30159240.04,,,,,,,False,False,False
MORENO,PE,2023,MÉDIO PORTE,21347800.63,3650573.35,30356720.5,,,,,,,False,False,False
MORENO,PE,2024,MÉDIO PORTE,21388222.42,3910989.82,30094607.189999998,2022-04-07 00:00:00,2022-04-05 00:00:00,2024-09-24 00:00:00,I,,I,False,False,False
MORMACO,RS,2019,PEQUENO PORTE,1976325.18,12286708.47,31433791.5,,,,,,,False,False,False
MORMACO,RS,2020,PEQUENO PORTE,2206738.75,15202494.36,30844566.34,,,,,,,False,False,False
MORMACO,RS,2021,PEQUENO PORTE,1819450.94,18218138.55,29834444.86,,,,,,,False,False,False
MORMACO,RS,2022,PEQUENO PORTE,2087459.8,19148607.71,31835237.919999998,,,,,,,False,False,False
MORMACO,RS,2023,PEQUENO PORTE,2108681.43,22133050.21,32916131.29,,,,,,,False,False,False
MORMACO,RS,2024,PEQUENO PORTE,1359446.89,26115910.89,31189889.95,,,,,,,False,False,False
MORRINHOS DO SUL,RS,2019,PEQUENO PORTE,1515258.92,17274358.69,31850474.58,,,,,,,False,False,False
MORRINHOS DO SUL,RS,2020,PEQUENO PORTE,1702371.84,19313758.29,30913942.5,,,,,,,False,False,False
MORRINHOS DO SUL,RS,2021,PEQUENO PORTE,1718158.0,20001020.87,30150231.05,,,,,,,False,False,False
MORRINHOS DO SUL,RS,2022,PEQUENO PORTE,1929518.73,20569807.1,31748406.43,,,,,,,False,False,False
MORRINHOS DO SUL,RS,2023,PEQUENO PORTE,2314045.89,21861660.45,32691664.869999997,,,,,,,False,False,False
MORRINHOS DO SUL,RS,2024,PEQUENO PORTE,2299005.58,24166502.28,31266138.369999997,,,,,,,False,False,False
MORRO AGUDO,SP,2019,MÉDIO PORTE,11922028.69,20365950.14,32927677.93,,,,,,,False,False,False
MORRO AGUDO,SP,2020,MÉDIO PORTE,13473387.54,23787714.66,31410810.439999998,,,,,,,False,False,False
MORRO AGUDO,SP,2021,MÉDIO PORTE,14890878.94,30410786.92,29955255.4,,,,,,,False,False,False
MORRO AGUDO,SP,2022,MÉDIO PORTE,19774248.81,35086463.55,30508344.419999998,,,,,,,False,False,False
MORRO AGUDO,SP,2023,MÉDIO PORTE,28281487.25,39194418.59,34219389.839999996,,,,,,,False,False,False
MORRO AGUDO,SP,2024,MÉDIO PORTE,20536548.36,49684406.41,32817661.32,,,,,,,False,False,False
MORRO REUTER,RS,2019,PEQUENO PORTE,2410794.7,17407317.52,31932964.88,,,,,,,False,False,False
MORRO REUTER,RS,2020,PEQUENO PORTE,2828297.94,20233123.44,31227801.33,,,,,,,False,False,False
MORRO REUTER,RS,2021,PEQUENO PORTE,3007724.19,22867574.57,30974383.49,,,,,,,False,False,False
MORRO REUTER,RS,2022,PEQUENO PORTE,2757462.26,24962939.44,32938767.439999998,,,,,,,False,False,False
MORRO REUTER,RS,2023,PEQUENO PORTE,2418994.05,28641542.96,33032059.27,,,,,,,False,False,False
MORRO REUTER,RS,2024,PEQUENO PORTE,2735242.95,33670854.95,32807194.46,,,,,,,False,False,False
MOSSAMEDES,GO,2019,PEQUENO PORTE,1838010.86,358400.34,29890984.04,,,,,,,False,False,False
MOSSAMEDES,GO,2020,PEQUENO PORTE,2539684.98,285190.94,29884408.939999998,,,,,,,False,False,False
MOSSAMEDES,GO,2021,PEQUENO PORTE,2720574.51,611098.34,29875142.669999998,,,,,,,False,False,False
MOSSAMEDES,GO,2022,PEQUENO PORTE,3660981.45,362995.91,29909652.47,,,,,,,False,False,False
MOSSAMEDES,GO,2023,PEQUENO PORTE,5418982.57,348138.25,29925876.63,,,,,,,False,False,False
MOSSAMEDES,GO,2024,PEQUENO PORTE,6292987.71,1083065.58,29965611.54,,,,,,,False,False,False
MOZARLANDIA,GO,2019,PEQUENO PORTE,2785727.17,4727730.02,30188545.259999998,,,,,,,False,False,False
MOZARLANDIA,GO,2020,PEQUENO PORTE,2893362.34,4187504.59,30032072.939999998,,,,,,,False,False,False
MOZARLANDIA,GO,2021,PEQUENO PORTE,3081361.59,3681490.02,29900273.34,,,,,,,False,False,False
MOZARLANDIA,GO,2022,PEQUENO PORTE,4829600.42,1860693.18,29935200.57,,,,,,,False,False,False
MOZARLANDIA,GO,2023,PEQUENO PORTE,5224929.09,1014391.71,29935409.689999998,,,,,,,False,False,False
MOZARLANDIA,GO,2024,PEQUENO PORTE,5753092.45,222114.43,29868206.57,,,,,,,False,False,False
MUITOS CAPOES,RS,2019,PEQUENO PORTE,1972314.35,18775090.69,32260394.82,,,,,,,False,False,False
MUITOS CAPOES,RS,2020,PEQUENO PORTE,2193296.17,22114162.41,30810280.58,,,,,,,False,False,False
MUITOS CAPOES,RS,2021,PEQUENO PORTE,2219601.7,24724712.29,30352239.9,,,,,,,False,False,False
MUITOS CAPOES,RS,2022,PEQUENO PORTE,2192683.58,26825129.98,32451934.45,,,,,,,False,False,False
MUITOS CAPOES,RS,2023,PEQUENO PORTE,1983670.74,30508326.7,33901601.21,,,,,,,False,False,False
MUITOS CAPOES,RS,2024,PEQUENO PORTE,1293698.93,35523865.09,31744803.2,,,,,,,False,False,False
MUNDO NOVO,MS,2019,MÉDIO PORTE,4754714.43,35925194.93000001,35826050.43,,,,,,,False,False,False
MUNDO NOVO,MS,2020,MÉDIO PORTE,6240129.01,43485254.36,31661780.419999998,,,,,,,False,False,False
MUNDO NOVO,MS,2021,MÉDIO PORTE,6715638.24,48280910.56,29457958.2,,,,,,,False,False,False
MUNDO NOVO,MS,2022,MÉDIO PORTE,7954180.22,48684271.41,34400984.14,,,,,,,False,False,False
MUNDO NOVO,MS,2023,MÉDIO PORTE,7496021.18,53040735.68,30723795.189999998,,,,,,,False,False,False
MUNDO NOVO,MS,2024,MÉDIO PORTE,7817703.91,53408006.27,32345810.43,2021-12-02 00:00:00,2021-12-01 00:00:00,,,,,False,False,False
MUNHOZ DE MELO,PR,2019,PEQUENO PORTE,1301511.31,11217388.29,31017134.259999998,,,,,,,False,False,False
MUNHOZ DE MELO,PR,2020,PEQUENO PORTE,1356494.45,11684478.07,30927063.71,,,,,,,False,False,False
MUNHOZ DE MELO,PR,2021,PEQUENO PORTE,1574012.04,14426539.12,30270512.04,,,,,,,False,False,False
MUNHOZ DE MELO,PR,2022,PEQUENO PORTE,1846161.43,14883406.7,30908481.77,,,,,,,False,False,False
MUNHOZ DE MELO,PR,2023,PEQUENO PORTE,2323795.77,16309047.16,32464424.599999998,,,,,,,False,False,False
MUNHOZ DE MELO,PR,2024,PEQUENO PORTE,3142630.82,19525556.49,31149146.119999997,,,,,,,False,False,False
MURICI DOS PORTELAS,PI,2019,PEQUENO PORTE,2113600.05,6468249.62,30296634.04,,,,,,,False,False,False
MURICI DOS PORTELAS,PI,2020,PEQUENO PORTE,1170226.83,7997169.75,30156542.8,,,,,,,False,False,False
MURICI DOS PORTELAS,PI,2021,PEQUENO PORTE,2602175.04,8867129.99,30036765.349999998,,,,,,,False,False,False
MURICI DOS PORTELAS,PI,2022,PEQUENO PORTE,4637436.65,11083990.85,31208309.599999998,,,,,,,False,False,False
MURICI DOS PORTELAS,PI,2023,PEQUENO PORTE,5408191.1,16309248.27,32206969.29,,,,,,,False,False,False
MURICI DOS PORTELAS,PI,2024,PEQUENO PORTE,5666703.51,22942201.63,32011429.72,2022-02-03 00:00:00,2021-10-11 00:00:00,,,,,False,False,False
NANUQUE,MG,2019,MÉDIO PORTE,9658736.33,214996.05,29873279.11,,,,,,,False,False,False
NANUQUE,MG,2020,MÉDIO PORTE,10240365.52,483874.24,29871922.96,,,,,,,False,False,False
NANUQUE,MG,2021,MÉDIO PORTE,10818685.3,1260425.95,29894214.23,,,,,,,False,False,False
NANUQUE,MG,2022,MÉDIO PORTE,12779844.5,1556568.75,30030851.61,,,,,,,False,False,False
NANUQUE,MG,2023,MÉDIO PORTE,8531411.6,3252068.3,30103736.45,,,,,,,False,False,False
NANUQUE,MG,2024,MÉDIO PORTE,9273000.54,1652774.06,29961267.74,,,,,,,False,False,False
NAO-ME-TOQUE,RS,2019,MÉDIO PORTE,11463582.85,44016876.92,36068459.26,,,,,,,False,False,False
NAO-ME-TOQUE,RS,2020,MÉDIO PORTE,13655667.93,49856292.73,34765854.89,,,,,,,False,False,False
NAO-ME-TOQUE,RS,2021,MÉDIO PORTE,14430560.44,53582520.58000001,33082714.68,,,,,,,False,False,False
NAO-ME-TOQUE,RS,2022,MÉDIO PORTE,17498102.52,55456056.46,35923399.03,,,,,,,False,False,False
NAO-ME-TOQUE,RS,2023,MÉDIO PORTE,19561892.63,60071688.42,38302802.37,,,,,,,False,False,False
NAO-ME-TOQUE,RS,2024,MÉDIO PORTE,22149310.34,68957660.31,35165798.31,,,,,,,False,False,False
NATAL,RN,2019,GRANDE PORTE,99698491.81,425417437.58,86304278.19,,,,,,,False,False,False
NATAL,RN,2020,GRANDE PORTE,107324067.9,495802956.11,106705288.88,,,,,,,False,False,False
NATAL,RN,2021,GRANDE PORTE,139327489.26,567288796.55,42757988.51,,,,,,,False,False,False
NATAL,RN,2022,GRANDE PORTE,169546789.88,605651572.69,73690334.72999999,,,,,,,False,False,False
NATAL,RN,2023,GRANDE PORTE,179034940.06,765708831.11,135768843.0,,,,,,,False,False,False
NATAL,RN,2024,GRANDE PORTE,225127649.52,997500431.95,91467661.55,2023-10-24 00:00:00,2023-10-20 00:00:00,,,,,False,False,False
NATIVIDADE,RJ,2019,MÉDIO PORTE,5900944.94,27873426.03,33238391.32,,,,,,,False,False,False
NATIVIDADE,RJ,2020,MÉDIO PORTE,7241911.17,26553676.48,30846835.33,,,,,,,False,False,False
NATIVIDADE,RJ,2021,MÉDIO PORTE,13324719.03,23661054.8,29943050.14,,,,,,,False,False,False
NATIVIDADE,RJ,2022,MÉDIO PORTE,9675768.75,24948861.44,30926563.56,,,,,,,False,False,False
NATIVIDADE,RJ,2023,MÉDIO PORTE,10404454.3,25304075.58,32384039.29,,,,,,,False,False,False
NATIVIDADE,RJ,2024,MÉDIO PORTE,11029028.94,29019323.87,32565073.72,,,,,,,False,False,False
NAZAREZINHO,PB,2019,PEQUENO PORTE,2710249.27,54374.34,29862452.79,,,,,,,False,False,False
NAZAREZINHO,PB,2020,PEQUENO PORTE,3384448.05,60301.7,29862452.79,,,,,,,False,False,False
NAZAREZINHO,PB,2021,PEQUENO PORTE,3220348.79,47271.83,29862452.79,,,,,,,False,False,False
NAZAREZINHO,PB,2022,PEQUENO PORTE,547731.42,51804.13,29862452.79,,,,,,,False,False,False
NAZAREZINHO,PB,2023,PEQUENO PORTE,6713002.16,851325.5,30008030.36,,,,,,,False,False,False
NAZAREZINHO,PB,2024,PEQUENO PORTE,3065180.17,2661081.66,29970919.82,,,,,,,False,False,False
NAZARIO,GO,2019,PEQUENO PORTE,1943918.53,60050.98,29870612.21,,,,,,,False,False,False
NAZARIO,GO,2020,PEQUENO PORTE,2757942.39,119453.39,29872743.89,,,,,,,False,False,False
NAZARIO,GO,2021,PEQUENO PORTE,3111811.78,716667.37,29890370.529999997,,,,,,,False,False,False
NAZARIO,GO,2022,PEQUENO PORTE,3831680.64,1343145.82,30053014.529999997,,,,,,,False,False,False
NAZARIO,GO,2023,PEQUENO PORTE,4128048.18,1822701.69,30121755.38,,,,,,,False,False,False
NAZARIO,GO,2024,PEQUENO PORTE,2415692.69,2091712.49,30103923.099999998,,,,,,,False,False,False
NEROPOLIS,GO,2019,MÉDIO PORTE,8546367.79,24188659.72,32195485.77,,,,,,,False,False,False
NEROPOLIS,GO,2020,MÉDIO PORTE,8362826.31,26394567.82,31519293.779999997,,,,,,,False,False,False
NEROPOLIS,GO,2021,MÉDIO PORTE,8260941.27,28478795.02,30496284.91,,,,,,,False,False,False
NEROPOLIS,GO,2022,MÉDIO PORTE,13419637.87,28027054.74,32848707.97,,,,,,,False,False,False
NEROPOLIS,GO,2023,MÉDIO PORTE,15171851.56,32745831.18,34655681.39,,,,,,,False,False,False
NEROPOLIS,GO,2024,MÉDIO PORTE,17532920.93,41205031.43,33408910.99,,,,,,,False,False,False
NEVES PAULISTA,SP,2019,PEQUENO PORTE,2235732.71,16903023.46,31332209.509999998,,,,,,,False,False,False
NEVES PAULISTA,SP,2020,PEQUENO PORTE,2501481.38,18055338.28,30645772.689999998,,,,,,,False,False,False
NEVES PAULISTA,SP,2021,PEQUENO PORTE,2721508.55,19367421.73,30913628.029999997,,,,,,,False,False,False
NEVES PAULISTA,SP,2022,PEQUENO PORTE,4698812.47,20574851.55,32264720.939999998,,,,,,,False,False,False
NEVES PAULISTA,SP,2023,PEQUENO PORTE,5348483.46,23991664.63,32575979.58,,,,,,,False,False,False
NEVES PAULISTA,SP,2024,PEQUENO PORTE,6197586.46,28478337.27,32164094.88,,,,,,,False,False,False
NORTELANDIA,MT,2019,PEQUENO PORTE,1804718.32,7681137.089999999,30689129.08,,,,,,,False,False,False
NORTELANDIA,MT,2020,PEQUENO PORTE,2534784.84,8882904.780000001,30475642.119999997,,,,,,,False,False,False
NORTELANDIA,MT,2021,PEQUENO PORTE,2302383.42,10237361.27,30281493.24,,,,,,,False,False,False
NORTELANDIA,MT,2022,PEQUENO PORTE,3090107.47,10892069.49,30958634.58,,,,,,,False,False,False
NORTELANDIA,MT,2023,PEQUENO PORTE,5419963.66,12672676.62,31892753.06,,,,,,,False,False,False
NORTELANDIA,MT,2024,PEQUENO PORTE,4822438.43,16626631.04,30814373.91,,,,,,,False,False,False
NOVA ALVORADA DO SUL,MS,2019,MÉDIO PORTE,4275425.51,11727954.2,31264733.18,,,,,,,False,False,False
NOVA ALVORADA DO SUL,MS,2020,MÉDIO PORTE,4096529.53,17363693.57,31446156.98,,,,,,,False,False,False
NOVA ALVORADA DO SUL,MS,2021,MÉDIO PORTE,8351822.42,22628254.54,30450005.91,,,,,,,False,False,False
NOVA ALVORADA DO SUL,MS,2022,MÉDIO PORTE,9221325.13,31926519.27,31729007.73,,,,,,,False,False,False
NOVA ALVORADA DO SUL,MS,2023,MÉDIO PORTE,5832600.23,41578313.07,36382027.82,,,,,,,False,False,False
NOVA ALVORADA DO SUL,MS,2024,MÉDIO PORTE,9363504.89,54875751.75,33701204.93,2021-10-13 00:00:00,2021-09-27 00:00:00,,,,,False,False,False
NOVA ANDRADINA,MS,2019,MÉDIO PORTE,11779125.17,50258602.9,38810752.91,,,,,,,False,False,False
NOVA ANDRADINA,MS,2020,MÉDIO PORTE,12013251.34,63800286.26,31307037.36,,,,,,,False,False,False
NOVA ANDRADINA,MS,2021,MÉDIO PORTE,12813323.66,76985325.41000001,28471069.56,,,,,,,False,False,False
NOVA ANDRADINA,MS,2022,MÉDIO PORTE,15852405.15,83882985.16000001,34709199.75,,,,,,,False,False,False
NOVA ANDRADINA,MS,2023,MÉDIO PORTE,17928288.49,100088766.49,44082296.18,,,,,,,False,False,False
NOVA ANDRADINA,MS,2024,MÉDIO PORTE,20728005.65,126104201.34,41372291.72,2021-03-02 00:00:00,2021-03-02 00:00:00,2022-02-09 00:00:00,II,2025-02-22 00:00:00,II,False,False,False
NOVA ARACA,RS,2019,PEQUENO PORTE,2179025.33,20923032.19,32245817.99,,,,,,,False,False,False
NOVA ARACA,RS,2020,PEQUENO PORTE,2475813.39,23874937.85,31818129.56,,,,,,,False,False,False
NOVA ARACA,RS,2021,PEQUENO PORTE,2620734.22,26051869.33,30997727.96,,,,,,,False,False,False
NOVA ARACA,RS,2022,PEQUENO PORTE,3004574.64,27550784.76,32687331.41,,,,,,,False,False,False
NOVA ARACA,RS,2023,PEQUENO PORTE,3321517.54,31003899.41,33985694.44,,,,,,,False,False,False
NOVA ARACA,RS,2024,PEQUENO PORTE,3751724.71,35805167.1,33037754.79,,,,,,,False,False,False
NOVA AURORA,PR,2019,MÉDIO PORTE,6004610.75,18223848.73,31642848.27,,,,,,,False,False,False
NOVA AURORA,PR,2020,MÉDIO PORTE,7373723.72,21211589.79,30722976.849999998,,,,,,,False,False,False
NOVA AURORA,PR,2021,MÉDIO PORTE,7994212.37,21179068.3,30697477.59,,,,,,,False,False,False
NOVA AURORA,PR,2022,MÉDIO PORTE,9704009.03,24019396.89,32405476.34,,,,,,,False,False,False
NOVA AURORA,PR,2023,MÉDIO PORTE,11521895.97,28899177.73,34422548.55,,,,,,,False,False,False
NOVA AURORA,PR,2024,MÉDIO PORTE,5738314.03,36545813.59,32858653.59,,,,,,,False,False,False
NOVA BOA VISTA,RS,2019,PEQUENO PORTE,1243887.19,15211621.86,31527811.29,,,,,,,False,False,False
NOVA BOA VISTA,RS,2020,PEQUENO PORTE,1305999.81,17092617.4,30721950.15,,,,,,,False,False,False
NOVA BOA VISTA,RS,2021,PEQUENO PORTE,1331918.33,18282488.15,30276282.009999998,,,,,,,False,False,False
NOVA BOA VISTA,RS,2022,PEQUENO PORTE,1444655.05,19001405.88,32002637.169999998,,,,,,,False,False,False
NOVA BOA VISTA,RS,2023,PEQUENO PORTE,1558802.38,21369715.76,32621749.34,,,,,,,False,False,False
NOVA BOA VISTA,RS,2024,PEQUENO PORTE,1934244.37,24350959.64,32006069.84,,,,,,,False,False,False
NOVA BRESCIA,RS,2019,PEQUENO PORTE,2463818.27,9747252.6,31017760.029999997,,,,,,,False,False,False
NOVA BRESCIA,RS,2020,PEQUENO PORTE,3054294.76,11340774.83,30378310.52,,,,,,,False,False,False
NOVA BRESCIA,RS,2021,PEQUENO PORTE,3285809.43,12839593.87,30061820.07,,,,,,,False,False,False
NOVA BRESCIA,RS,2022,PEQUENO PORTE,3012651.74,14031556.45,31276419.71,,,,,,,False,False,False
NOVA BRESCIA,RS,2023,PEQUENO PORTE,3574633.27,15317880.21,31720056.75,,,,,,,False,False,False
NOVA BRESCIA,RS,2024,PEQUENO PORTE,3235853.66,17316475.91,31158796.25,,,,,,,False,False,False
NOVA CANAA DO NORTE,MT,2019,PEQUENO PORTE,4154104.37,28408695.96,33424234.849999998,,,,,,,False,False,False
NOVA CANAA DO NORTE,MT,2020,PEQUENO PORTE,4461975.92,33767578.43,32014475.31,,,,,,,False,False,False
NOVA CANAA DO NORTE,MT,2021,PEQUENO PORTE,4924484.5,38052232.08000001,30389555.13,,,,,,,False,False,False
NOVA CANAA DO NORTE,MT,2022,PEQUENO PORTE,6112158.94,40718453.95,33553904.93,,,,,,,False,False,False
NOVA CANAA DO NORTE,MT,2023,PEQUENO PORTE,6854274.98,46973408.44,36296514.43,,,,,,,False,False,False
NOVA CANAA DO NORTE,MT,2024,PEQUENO PORTE,7061013.26,55321511.88,32155139.73,,,,,,,False,False,False
NOVA CANAA PAULISTA,SP,2019,PEQUENO PORTE,1281085.78,15530835.94,31446641.259999998,,,,,,,False,False,False
NOVA CANAA PAULISTA,SP,2020,PEQUENO PORTE,1453677.93,15917001.99,30804656.2,,,,,,,False,False,False
NOVA CANAA PAULISTA,SP,2021,PEQUENO PORTE,1433789.4,17174647.69,30282145.3,,,,,,,False,False,False
NOVA CANAA PAULISTA,SP,2022,PEQUENO PORTE,1839274.46,18238974.45,31720907.99,,,,,,,False,False,False
NOVA CANAA PAULISTA,SP,2023,PEQUENO PORTE,2240725.0,21141483.65,31671841.869999997,,,,,,,False,False,False
NOVA CANAA PAULISTA,SP,2024,PEQUENO PORTE,1546124.79,25016150.15,31283268.919999998,,,,,,,False,False,False
NOVA CANDELARIA,RS,2019,PEQUENO PORTE,1472923.51,20180997.33,32331634.95,,,,,,,False,False,False
NOVA CANDELARIA,RS,2020,PEQUENO PORTE,1513520.41,23276264.97,31553711.599999998,,,,,,,False,False,False
NOVA CANDELARIA,RS,2021,PEQUENO PORTE,1501915.69,25311694.87,30906396.11,,,,,,,False,False,False
NOVA CANDELARIA,RS,2022,PEQUENO PORTE,1793404.86,26520330.55,32594279.82,,,,,,,False,False,False
NOVA CANDELARIA,RS,2023,PEQUENO PORTE,2145456.44,30054532.34,33835989.15,,,,,,,False,False,False
NOVA CANDELARIA,RS,2024,PEQUENO PORTE,2709440.55,34940862.59,32695885.86,,,,,,,False,False,False
NOVA CANTU,PR,2019,PEQUENO PORTE,2915228.21,17625168.06,32180824.5,,,,,,,False,False,False
NOVA CANTU,PR,2020,PEQUENO PORTE,3619310.56,21412121.08,31206987.779999997,,,,,,,False,False,False
NOVA CANTU,PR,2021,PEQUENO PORTE,3637738.24,24661642.94,29669873.46,,,,,,,False,False,False
NOVA CANTU,PR,2022,PEQUENO PORTE,4020129.47,26157734.39,30871381.04,,,,,,,False,False,False
NOVA CANTU,PR,2023,PEQUENO PORTE,4555124.42,28964319.47,34222350.67,,,,,,,False,False,False
NOVA CANTU,PR,2024,PEQUENO PORTE,5081808.79,34973653.58,32011185.83,2021-04-20 00:00:00,2021-04-20 00:00:00,,,,,False,False,False
NOVA CASTILHO,SP,2019,PEQUENO PORTE,1318312.04,14380682.32,32237589.71,,,,,,,False,False,False
NOVA CASTILHO,SP,2020,PEQUENO PORTE,1554033.32,16868389.91,30858111.419999998,,,,,,,False,False,False
NOVA CASTILHO,SP,2021,PEQUENO PORTE,1710832.52,19686561.52,30262456.41,,,,,,,False,False,False
NOVA CASTILHO,SP,2022,PEQUENO PORTE,1759647.3,21133527.0,32206428.599999998,,,,,,,False,False,False
NOVA CASTILHO,SP,2023,PEQUENO PORTE,2538855.62,23579275.18,33063999.849999998,,,,,,,False,False,False
NOVA CASTILHO,SP,2024,PEQUENO PORTE,2510236.23,28228800.94,31570348.32,,,,,,,False,False,False
NOVA ESPERANCA,PR,2019,MÉDIO PORTE,5783659.37,26562232.9,34173865.57,,,,,,,False,False,False
NOVA ESPERANCA,PR,2020,MÉDIO PORTE,6049212.73,31740228.68,33465738.59,,,,,,,False,False,False
NOVA ESPERANCA,PR,2021,MÉDIO PORTE,6937392.35,34505086.34,31500084.46,,,,,,,False,False,False
NOVA ESPERANCA,PR,2022,MÉDIO PORTE,7853986.94,34689834.16,33515650.86,,,,,,,False,False,False
NOVA ESPERANCA,PR,2023,MÉDIO PORTE,8194638.57,40574824.42,36026520.71,,,,,,,False,False,False
NOVA ESPERANCA,PR,2024,MÉDIO PORTE,10400047.19,46889001.28,33808668.6,,,,,,,False,False,False
NOVA ESPERANCA DO SUL,RS,2019,PEQUENO PORTE,1517029.47,17659071.71,31987281.75,,,,,,,False,False,False
NOVA ESPERANCA DO SUL,RS,2020,PEQUENO PORTE,1698523.85,20481535.07,30945682.68,,,,,,,False,False,False
NOVA ESPERANCA DO SUL,RS,2021,PEQUENO PORTE,1675961.16,22371410.17,30435841.54,,,,,,,False,False,False
NOVA ESPERANCA DO SUL,RS,2022,PEQUENO PORTE,2048403.0,23801466.1,32193973.61,,,,,,,False,False,False
NOVA ESPERANCA DO SUL,RS,2023,PEQUENO PORTE,2343204.65,27013500.03,33489235.73,,,,,,,False,False,False
NOVA ESPERANCA DO SUL,RS,2024,PEQUENO PORTE,2715841.14,31497096.43,32571556.91,2020-10-27 00:00:00,2020-10-16 00:00:00,2021-09-03 00:00:00,I,2024-08-21 00:00:00,I,False,False,False
NOVA FRIBURGO,RJ,2019,MÉDIO PORTE,5059715.3,44408300.76000001,38160526.01,,,,,,,False,False,False
NOVA FRIBURGO,RJ,2020,MÉDIO PORTE,5915647.18,55182234.36000001,40127226.46,,,,,,,False,False,False
NOVA FRIBURGO,RJ,2021,MÉDIO PORTE,6970894.08,63272323.63,34843794.19,,,,,,,False,False,False
NOVA FRIBURGO,RJ,2022,MÉDIO PORTE,9252445.26,67093133.51,39268649.61,,,,,,,False,False,False
NOVA FRIBURGO,RJ,2023,MÉDIO PORTE,9454580.19,74400334.58,42555431.39,,,,,,,False,False,False
NOVA FRIBURGO,RJ,2024,MÉDIO PORTE,16547923.48,87040339.45,38662391.1,,,,,,,False,False,False
NOVA GUATAPORANGA,SP,2019,PEQUENO PORTE,962105.82,4657169.880000001,30257848.58,,,,,,,False,False,False
NOVA GUATAPORANGA,SP,2020,PEQUENO PORTE,803682.48,4812159.55,30321255.919999998,,,,,,,False,False,False
NOVA GUATAPORANGA,SP,2021,PEQUENO PORTE,1219888.89,4603687.13,29862452.79,,,,,,,False,False,False
NOVA GUATAPORANGA,SP,2022,PEQUENO PORTE,1985159.58,5760564.9,29862452.79,,,,,,,False,False,False
NOVA GUATAPORANGA,SP,2023,PEQUENO PORTE,2217472.02,7122798.0,29862452.79,,,,,,,False,False,False
NOVA GUATAPORANGA,SP,2024,PEQUENO PORTE,1309344.66,8891606.89,30275627.75,,,,,,,False,False,False
NOVA LONDRINA,PR,2019,PEQUENO PORTE,2900768.7,13109556.71,31411604.9,,,,,,,False,False,False
NOVA LONDRINA,PR,2020,PEQUENO PORTE,2440857.35,13400981.92,31066583.84,,,,,,,False,False,False
NOVA LONDRINA,PR,2021,PEQUENO PORTE,3539581.04,14087297.48,30049817.06,,,,,,,False,False,False
NOVA LONDRINA,PR,2022,PEQUENO PORTE,4363434.4,16555865.35,31867715.099999998,,,,,,,False,False,False
NOVA LONDRINA,PR,2023,MÉDIO PORTE,4744974.42,20719633.13,33017719.439999998,,,,,,,False,False,False
NOVA LONDRINA,PR,2024,PEQUENO PORTE,4725317.89,26628365.48,30560263.82,,,,,,,False,False,False
NOVA LUZITANIA,SP,2019,PEQUENO PORTE,1397025.99,5902990.92,30498989.88,,,,,,,False,False,False
NOVA LUZITANIA,SP,2020,PEQUENO PORTE,1598246.46,6596643.11,30131522.39,,,,,,,False,False,False
NOVA LUZITANIA,SP,2021,PEQUENO PORTE,1602416.34,7320212.55,29814305.2,,,,,,,False,False,False
NOVA LUZITANIA,SP,2022,PEQUENO PORTE,1715663.89,7889222.220000002,30421692.82,,,,,,,False,False,False
NOVA LUZITANIA,SP,2023,PEQUENO PORTE,1899957.1,8988351.94,31060407.05,,,,,,,False,False,False
NOVA LUZITANIA,SP,2024,PEQUENO PORTE,2405545.65,9771681.57,30343713.849999998,,,,,,,False,False,False
NOVA MAMORE,RO,2019,MÉDIO PORTE,6899235.19,32117609.46,32295780.15,,,,,,,False,False,False
NOVA MAMORE,RO,2020,MÉDIO PORTE,7355958.77,39994566.34,31618496.32,,,,,,,False,False,False
NOVA MAMORE,RO,2021,MÉDIO PORTE,7006390.27,48624250.22000001,31768990.099999998,,,,,,,False,False,False
NOVA MAMORE,RO,2022,MÉDIO PORTE,7819504.8,56245154.91,36473999.22,,,,,,,False,False,False
NOVA MAMORE,RO,2023,MÉDIO PORTE,8313206.14,69312739.71,38923868.31,,,,,,,False,False,False
NOVA MAMORE,RO,2024,MÉDIO PORTE,10098236.06,85288456.03,36848407.41,2022-11-23 00:00:00,2022-11-14 00:00:00,,,,,False,False,False
NOVA MARILANDIA,MT,2019,PEQUENO PORTE,1265595.06,7223692.649999999,30783587.95,,,,,,,False,False,False
NOVA MARILANDIA,MT,2020,PEQUENO PORTE,1635499.31,8980614.33,30396946.25,,,,,,,False,False,False
NOVA MARILANDIA,MT,2021,PEQUENO PORTE,1470744.12,10495040.97,29846140.97,,,,,,,False,False,False
NOVA MARILANDIA,MT,2022,PEQUENO PORTE,2103761.29,11664805.48,31045245.8,,,,,,,False,False,False
NOVA MARILANDIA,MT,2023,PEQUENO PORTE,2663904.08,14388089.94,32091779.22,,,,,,,False,False,False
NOVA MARILANDIA,MT,2024,PEQUENO PORTE,2994381.03,18756171.21,30814964.669999998,,,,,,,False,False,False
NOVA NAZARE,MT,2019,PEQUENO PORTE,1527986.63,6715355.819999999,30668569.849999998,,,,,,,False,False,False
NOVA NAZARE,MT,2020,PEQUENO PORTE,1647273.68,8680962.36,31087567.669999998,,,,,,,False,False,False
NOVA NAZARE,MT,2021,PEQUENO PORTE,1691331.68,10976720.6,29689149.74,,,,,,,False,False,False
NOVA NAZARE,MT,2022,PEQUENO PORTE,2646187.56,12011692.46,30706923.45,,,,,,,False,False,False
NOVA NAZARE,MT,2023,PEQUENO PORTE,3634633.75,14803340.52,32228844.83,,,,,,,False,False,False
NOVA NAZARE,MT,2024,PEQUENO PORTE,3785822.77,20112446.62,32803908.419999998,,,,,,,False,False,False
NOVA OLIMPIA,PR,2019,PEQUENO PORTE,1680228.49,8522878.82,30828477.21,,,,,,,False,False,False
NOVA OLIMPIA,PR,2020,PEQUENO PORTE,87088.66,8902631.85,30284286.509999998,,,,,,,False,False,False
NOVA OLIMPIA,PR,2021,PEQUENO PORTE,1958407.79,8623586.19,30238412.31,,,,,,,False,False,False
NOVA OLIMPIA,PR,2022,PEQUENO PORTE,2086076.58,9351228.64,30900620.5,,,,,,,False,False,False
NOVA OLIMPIA,PR,2023,PEQUENO PORTE,2387868.08,10684319.16,31315442.06,,,,,,,False,False,False
NOVA OLIMPIA,PR,2024,PEQUENO PORTE,2651398.56,12667124.34,30766889.29,,,,,,,False,False,False
NOVA OLINDA,CE,2019,MÉDIO PORTE,3973793.41,17654521.92,32039950.11,,,,,,,False,False,False
NOVA OLINDA,CE,2020,MÉDIO PORTE,4289228.79,21390250.5,31544431.02,,,,,,,False,False,False
NOVA OLINDA,CE,2021,MÉDIO PORTE,5421404.93,24774023.61,30781680.72,,,,,,,False,False,False
NOVA OLINDA,CE,2022,MÉDIO PORTE,6469528.46,28438509.0,32570943.64,,,,,,,False,False,False
NOVA OLINDA,CE,2023,MÉDIO PORTE,7880366.38,35983543.44,35311566.629999995,,,,,,,False,False,False
NOVA OLINDA,CE,2024,MÉDIO PORTE,9244987.31,47002936.36,33434247.58,,,,,,,False,False,False
NOVA PADUA,RS,2019,PEQUENO PORTE,1263854.18,14639646.37,31488156.849999998,,,,,,,False,False,False
NOVA PADUA,RS,2020,PEQUENO PORTE,1576265.73,16834620.03,30822074.919999998,,,,,,,False,False,False
NOVA PADUA,RS,2021,PEQUENO PORTE,1607319.36,18180786.84,30179011.39,,,,,,,False,False,False
NOVA PADUA,RS,2022,PEQUENO PORTE,1816228.29,18901637.15,31804699.349999998,,,,,,,False,False,False
NOVA PADUA,RS,2023,PEQUENO PORTE,1916716.85,20666092.05,32778130.47,,,,,,,False,False,False
NOVA PADUA,RS,2024,PEQUENO PORTE,2469007.27,23815846.25,31393489.56,,,,,,,False,False,False
NOVA PRATA,RS,2019,MÉDIO PORTE,12346807.4,112544577.55,42469322.92,,,,,,,False,False,False
NOVA PRATA,RS,2020,MÉDIO PORTE,13930557.24,127067438.61,40425150.72,,,,,,,False,False,False
NOVA PRATA,RS,2021,MÉDIO PORTE,12426244.91,137123995.1,33321246.71,,,,,,,False,False,False
NOVA PRATA,RS,2022,MÉDIO PORTE,13032537.22,140775043.08,42005970.129999995,,,,,,,False,False,False
NOVA PRATA,RS,2023,MÉDIO PORTE,16610640.57,151489990.98,48045424.47,,,,,,,False,False,False
NOVA PRATA,RS,2024,MÉDIO PORTE,17536482.5,169622784.23,40275256.41,,,,,,,False,False,False
NOVA RESENDE,MG,2019,PEQUENO PORTE,2974862.84,23583394.24,32661678.68,,,,,,,False,False,False
NOVA RESENDE,MG,2020,PEQUENO PORTE,3575918.02,25409338.72,31417818.349999998,,,,,,,False,False,False
NOVA RESENDE,MG,2021,PEQUENO PORTE,3838680.29,30220499.55,30292437.81,,,,,,,False,False,False
NOVA RESENDE,MG,2022,PEQUENO PORTE,4929309.28,34618938.62,33903324.51,,,,,,,False,False,False
NOVA RESENDE,MG,2023,PEQUENO PORTE,6401834.16,43424451.12,35985783.18,,,,,,,False,False,False
NOVA RESENDE,MG,2024,MÉDIO PORTE,6888245.12,55970736.14,34475612.269999996,,,,,,,False,False,False
NOVA ROMA,GO,2019,PEQUENO PORTE,436166.34,1400181.68,29958918.27,,,,,,,False,False,False
NOVA ROMA,GO,2020,PEQUENO PORTE,603358.68,620490.9199999999,29893297.54,,,,,,,False,False,False
NOVA ROMA,GO,2021,PEQUENO PORTE,1591928.56,1223580.34,29912635.509999998,,,,,,,False,False,False
NOVA ROMA,GO,2022,PEQUENO PORTE,1859252.4,2274335.49,30134106.52,,,,,,,False,False,False
NOVA ROMA,GO,2023,PEQUENO PORTE,2249360.04,3605187.81,30316878.9,,,,,,,False,False,False
NOVA ROMA,GO,2024,PEQUENO PORTE,2829722.78,4879135.02,30277723.22,,,,,,,False,False,False
NOVA ROMA DO SUL,RS,2019,PEQUENO PORTE,2499701.26,15472230.1,31578414.56,,,,,,,False,False,False
NOVA ROMA DO SUL,RS,2020,PEQUENO PORTE,3107979.17,17562198.86,30931388.29,,,,,,,False,False,False
NOVA ROMA DO SUL,RS,2021,PEQUENO PORTE,3154433.44,19321412.11,29767720.11,,,,,,,False,False,False
NOVA ROMA DO SUL,RS,2022,PEQUENO PORTE,3605375.32,19667799.04,31713853.71,,,,,,,False,False,False
NOVA ROMA DO SUL,RS,2023,PEQUENO PORTE,4273535.38,21836122.92,32734999.009999998,,,,,,,False,False,False
NOVA ROMA DO SUL,RS,2024,PEQUENO PORTE,5045511.28,25603888.39,30847241.59,,,,,,,False,False,False
NOVA SANTA HELENA,MT,2019,PEQUENO PORTE,1214283.72,8291912.590000002,30919578.98,,,,,,,False,False,False
NOVA SANTA HELENA,MT,2020,PEQUENO PORTE,1454195.26,9607407.35,30406245.099999998,,,,,,,False,False,False
NOVA SANTA HELENA,MT,2021,PEQUENO PORTE,3653773.61,10759898.4,29980886.66,,,,,,,False,False,False
NOVA SANTA HELENA,MT,2022,PEQUENO PORTE,2393656.63,13197569.65,31305963.919999998,,,,,,,False,False,False
NOVA SANTA HELENA,MT,2023,PEQUENO PORTE,2471328.44,13291027.45,31932692.9,,,,,,,False,False,False
NOVA SANTA HELENA,MT,2024,PEQUENO PORTE,3192692.49,16196080.84,32117483.64,,,,,,,False,False,False
NOVA SANTA RITA,RS,2019,MÉDIO PORTE,14290509.36,108749437.3,45166948.43,,,,,,,False,False,False
NOVA SANTA RITA,RS,2020,MÉDIO PORTE,15460055.0,129648028.61,36045130.21,,,,,,,False,False,False
NOVA SANTA RITA,RS,2021,MÉDIO PORTE,16168922.79,141156431.42,32839204.099999998,,,,,,,False,False,False
NOVA SANTA RITA,RS,2022,MÉDIO PORTE,19643896.25,154728873.12,40029927.31,,,,,,,False,False,False
NOVA SANTA RITA,RS,2023,MÉDIO PORTE,23004952.2,174108680.62,45988215.4,,,,,,,False,False,False
NOVA SANTA RITA,RS,2024,MÉDIO PORTE,12207260.6,200107072.63,48624370.61,,,,,,,False,False,False
NOVA SERRANA,MG,2019,MÉDIO PORTE,8250756.04,40796768.31999999,37339362.3,,,,,,,False,False,False
NOVA SERRANA,MG,2020,MÉDIO PORTE,12870238.11,49804740.56,34299725.01,,,,,,,False,False,False
NOVA SERRANA,MG,2021,MÉDIO PORTE,16274301.37,67729651.65,30551918.33,,,,,,,False,False,False
NOVA SERRANA,MG,2022,MÉDIO PORTE,22519145.33,80602060.98,35797899.17,,,,,,,False,False,False
NOVA SERRANA,MG,2023,MÉDIO PORTE,30550615.84,95033425.29,43303643.269999996,,,,,,,False,False,False
NOVA SERRANA,MG,2024,MÉDIO PORTE,33236609.13,121864876.87,39414391.55,,,,,,,False,False,False
NOVA UNIAO,RO,2019,PEQUENO PORTE,2274516.98,16493837.55,31203013.61,,,,,,,False,False,False
NOVA UNIAO,RO,2020,PEQUENO PORTE,2649146.23,18695131.02,30610557.619999997,,,,,,,False,False,False
NOVA UNIAO,RO,2021,PEQUENO PORTE,2272980.4,21600127.28,30391529.24,,,,,,,False,False,False
NOVA UNIAO,RO,2022,PEQUENO PORTE,2302944.52,23448066.86,32209599.7,,,,,,,False,False,False
NOVA UNIAO,RO,2023,PEQUENO PORTE,2494581.29,27002580.57,30912891.029999997,,,,,,,False,False,False
NOVA UNIAO,RO,2024,PEQUENO PORTE,2580617.12,31534795.92,31628298.48,,,,,,,False,False,False
NOVO BARREIRO,RS,2019,PEQUENO PORTE,504385.52,14298680.97,31482402.88,,,,,,,False,False,False
NOVO BARREIRO,RS,2020,PEQUENO PORTE,995122.44,16184926.92,30682207.68,,,,,,,False,False,False
NOVO BARREIRO,RS,2021,PEQUENO PORTE,1980171.99,17755291.62,30246863.98,,,,,,,False,False,False
NOVO BARREIRO,RS,2022,PEQUENO PORTE,2079039.48,20376570.68,31691913.32,,,,,,,False,False,False
NOVO BARREIRO,RS,2023,PEQUENO PORTE,2270622.65,24440221.89,33354309.759999998,,,,,,,False,False,False
NOVO BARREIRO,RS,2024,PEQUENO PORTE,2558432.95,29419431.28,30850200.8,,,,,,,False,False,False
NOVO BRASIL,GO,2019,PEQUENO PORTE,1714337.6,971700.26,29974729.79,,,,,,,False,False,False
NOVO BRASIL,GO,2020,PEQUENO PORTE,2020887.62,1266539.88,30001791.95,,,,,,,False,False,False
NOVO BRASIL,GO,2021,PEQUENO PORTE,2260595.37,2736511.02,30009184.06,,,,,,,False,False,False
NOVO BRASIL,GO,2022,PEQUENO PORTE,2518395.84,3860761.54,30121525.169999998,,,,,,,False,False,False
NOVO BRASIL,GO,2023,PEQUENO PORTE,2438065.49,5018546.82,30630713.46,,,,,,,False,False,False
NOVO BRASIL,GO,2024,PEQUENO PORTE,2631878.19,6277670.83,30450744.4,,,,,,,False,False,False
NOVO HORIZONTE,SC,2019,PEQUENO PORTE,824945.45,18485511.29,32575852.619999997,,,,,,,False,False,False
NOVO HORIZONTE,SC,2020,PEQUENO PORTE,873736.93,21406147.55,31375763.06,,,,,,,False,False,False
NOVO HORIZONTE,SC,2021,PEQUENO PORTE,911494.78,22929598.78,30363042.81,,,,,,,False,False,False
NOVO HORIZONTE,SC,2022,PEQUENO PORTE,1104836.67,23652409.64,32213206.97,,,,,,,False,False,False
NOVO HORIZONTE,SC,2023,PEQUENO PORTE,1150858.98,26077389.96,33253989.99,,,,,,,False,False,False
NOVO HORIZONTE,SC,2024,PEQUENO PORTE,1439268.18,28968128.26,32301939.52,,,,,,,False,False,False
NOVO HORIZONTE DO NORTE,MT,2019,PEQUENO PORTE,1468578.02,9971677.63,31516742.2,,,,,,,False,False,False
NOVO HORIZONTE DO NORTE,MT,2020,PEQUENO PORTE,1531265.05,12264681.73,31161181.21,,,,,,,False,False,False
NOVO HORIZONTE DO NORTE,MT,2021,PEQUENO PORTE,1626556.13,13587644.49,29408707.05,,,,,,,False,False,False
NOVO HORIZONTE DO NORTE,MT,2022,PEQUENO PORTE,2378445.45,14300618.58,31091810.47,,,,,,,False,False,False
NOVO HORIZONTE DO NORTE,MT,2023,PEQUENO PORTE,2833850.82,16274141.81,32435531.08,,,,,,,False,False,False
NOVO HORIZONTE DO NORTE,MT,2024,PEQUENO PORTE,2578550.82,20333955.6,30555345.65,2022-09-20 00:00:00,2022-07-28 00:00:00,,,,,False,False,False
NOVO HORIZONTE DO OESTE,RO,2019,PEQUENO PORTE,2014544.42,12698249.1,31315300.95,,,,,,,False,False,False
NOVO HORIZONTE DO OESTE,RO,2020,PEQUENO PORTE,1786581.74,15922995.59,30728638.43,,,,,,,False,False,False
NOVO HORIZONTE DO OESTE,RO,2021,PEQUENO PORTE,2557217.9,18853374.04,30082928.24,,,,,,,False,False,False
NOVO HORIZONTE DO OESTE,RO,2022,PEQUENO PORTE,3369243.27,21457991.2,31764789.15,,,,,,,False,False,False
NOVO HORIZONTE DO OESTE,RO,2023,PEQUENO PORTE,4545101.74,26280140.91,33919139.69,,,,,,,False,False,False
NOVO HORIZONTE DO OESTE,RO,2024,PEQUENO PORTE,4983206.29,32540761.73,32529361.59,2022-08-08 00:00:00,2022-08-01 00:00:00,2024-07-05 00:00:00,I,,I,False,False,False
NOVO ITACOLOMI,PR,2019,PEQUENO PORTE,1245760.93,15897563.63,31672654.77,,,,,,,False,False,False
NOVO ITACOLOMI,PR,2020,PEQUENO PORTE,1430290.3,18537969.43,31024141.22,,,,,,,False,False,False
NOVO ITACOLOMI,PR,2021,PEQUENO PORTE,1482945.36,20687403.76,30168156.96,,,,,,,False,False,False
NOVO ITACOLOMI,PR,2022,PEQUENO PORTE,1665480.88,21877080.81,32031387.7,,,,,,,False,False,False
NOVO ITACOLOMI,PR,2023,PEQUENO PORTE,2459135.66,24942269.69,33273824.45,,,,,,,False,False,False
NOVO ITACOLOMI,PR,2024,PEQUENO PORTE,3160054.93,29850829.68,31037206.55,,,,,,,False,False,False
NOVO LINO,AL,2019,MÉDIO PORTE,3401274.35,68686.41,29868617.81,,,,,,,False,False,False
NOVO LINO,AL,2020,MÉDIO PORTE,2693203.22,74673.81,29884041.66,,,,,,,False,False,False
NOVO LINO,AL,2021,MÉDIO PORTE,4067204.78,835173.21,29906209.849999998,,,,,,,False,False,False
NOVO LINO,AL,2022,MÉDIO PORTE,4586865.26,933024.81,30019464.779999997,,,,,,,False,False,False
NOVO LINO,AL,2023,MÉDIO PORTE,5229534.72,2209461.79,30165720.81,,,,,,,False,False,False
NOVO LINO,AL,2024,PEQUENO PORTE,4427045.53,3613558.8,30172223.27,2022-12-22 00:00:00,2022-11-18 00:00:00,,,,,False,False,False
NOVO MACHADO,RS,2019,PEQUENO PORTE,1673276.53,19981865.31,31899353.83,,,,,,,False,False,False
NOVO MACHADO,RS,2020,PEQUENO PORTE,1880397.4,21967317.21,31148283.31,,,,,,,False,False,False
NOVO MACHADO,RS,2021,PEQUENO PORTE,1838266.81,23422183.65,30478607.57,,,,,,,False,False,False
NOVO MACHADO,RS,2022,PEQUENO PORTE,1937517.05,24274984.11,32233693.259999998,,,,,,,False,False,False
NOVO MACHADO,RS,2023,PEQUENO PORTE,2100706.63,26313935.98,33363917.39,,,,,,,False,False,False
NOVO MACHADO,RS,2024,PEQUENO PORTE,2565229.84,28601248.55,34290743.83,,,,,,,False,False,False
NOVO MUNDO,MT,2019,PEQUENO PORTE,2062748.19,14547248.73,31516074.15,,,,,,,False,False,False
NOVO MUNDO,MT,2020,PEQUENO PORTE,2452515.36,17234877.6,30905289.13,,,,,,,False,False,False
NOVO MUNDO,MT,2021,PEQUENO PORTE,3261663.16,19805447.78,30108923.27,,,,,,,False,False,False
NOVO MUNDO,MT,2022,PEQUENO PORTE,3966370.92,21990153.71,31708244.439999998,,,,,,,False,False,False
NOVO MUNDO,MT,2023,PEQUENO PORTE,4228574.44,25865184.94,34145800.03,,,,,,,False,False,False
NOVO MUNDO,MT,2024,PEQUENO PORTE,4375543.36,32018939.07,31099314.77,,,,,,,False,False,False
NOVO TIRADENTES,RS,2019,PEQUENO PORTE,1325380.72,14876543.26,32233655.83,,,,,,,False,False,False
NOVO TIRADENTES,RS,2020,PEQUENO PORTE,1391157.81,17666447.73,31635947.279999997,,,,,,,False,False,False
NOVO TIRADENTES,RS,2021,PEQUENO PORTE,1399885.76,19392053.96,30200292.04,,,,,,,False,False,False
NOVO TIRADENTES,RS,2022,PEQUENO PORTE,1360278.14,22777680.06,31950516.43,,,,,,,False,False,False
NOVO TIRADENTES,RS,2023,PEQUENO PORTE,1346750.52,22249951.07,32687005.07,,,,,,,False,False,False
NOVO TIRADENTES,RS,2024,PEQUENO PORTE,1382238.71,25454898.41,32053021.869999997,,,,,,,False,False,False
OCARA,CE,2019,MÉDIO PORTE,2081091.61,48496324.8,35717421.89,,,,,,,False,False,False
OCARA,CE,2020,MÉDIO PORTE,2035143.32,54127580.16,33481751.259999998,,,,,,,False,False,False
OCARA,CE,2021,MÉDIO PORTE,3440961.35,57130768.16,29980488.14,,,,,,,False,False,False
OCARA,CE,2022,MÉDIO PORTE,4600329.18,57760724.64,34257074.11,,,,,,,False,False,False
OCARA,CE,2023,MÉDIO PORTE,4163955.32,62003852.0,38175113.15,,,,,,,False,False,False
OCARA,CE,2024,MÉDIO PORTE,5370793.8,69479176.55,34607546.47,2024-01-23 00:00:00,2024-01-02 00:00:00,,,,,False,False,False
OEIRAS DO PARA,PA,2019,MÉDIO PORTE,6246450.31,11408559.19,30616452.66,,,,,,,False,False,False
OEIRAS DO PARA,PA,2020,MÉDIO PORTE,8118900.59,11153527.88,30002097.4,,,,,,,False,False,False
OEIRAS DO PARA,PA,2021,MÉDIO PORTE,8136346.62,6534163.75,29926153.57,,,,,,,False,False,False
OEIRAS DO PARA,PA,2022,MÉDIO PORTE,13878223.31,5793251.49,30236662.3,,,,,,,False,False,False
OEIRAS DO PARA,PA,2023,MÉDIO PORTE,16121420.41,7251350.14,30670764.029999997,,,,,,,False,False,False
OEIRAS DO PARA,PA,2024,MÉDIO PORTE,10953129.05,9079019.13,30304557.24,,,,,,,False,False,False
OLARIA,MG,2019,PEQUENO PORTE,608690.4,6390187.040000001,30599448.16,,,,,,,False,False,False
OLARIA,MG,2020,PEQUENO PORTE,750162.19,7051374.77,30253349.56,,,,,,,False,False,False
OLARIA,MG,2021,PEQUENO PORTE,768491.61,7680325.720000002,30240167.77,,,,,,,False,False,False
OLARIA,MG,2022,PEQUENO PORTE,868897.02,7329857.88,30556604.73,,,,,,,False,False,False
OLARIA,MG,2023,PEQUENO PORTE,892388.77,7630570.0,31091007.619999997,,,,,,,False,False,False
OLARIA,MG,2024,PEQUENO PORTE,863798.1,8505663.69,30416923.759999998,,,,,,,False,False,False
OLHO D'AGUA DAS FLORES,AL,2019,MÉDIO PORTE,3630485.06,26723949.34,33714302.75,,,,,,,False,False,False
OLHO D'AGUA DAS FLORES,AL,2020,MÉDIO PORTE,5015642.49,29601335.75,34876008.85,,,,,,,False,False,False
OLHO D'AGUA DAS FLORES,AL,2021,MÉDIO PORTE,5244012.81,31790398.48,29401155.71,,,,,,,False,False,False
OLHO D'AGUA DAS FLORES,AL,2022,MÉDIO PORTE,6837431.2,32335208.51,32200035.27,,,,,,,False,False,False
OLHO D'AGUA DAS FLORES,AL,2023,MÉDIO PORTE,7393049.38,35852045.7,35006078.53,,,,,,,False,False,False
OLHO D'AGUA DAS FLORES,AL,2024,MÉDIO PORTE,7335987.98,44186348.33,32590801.14,2023-05-16 00:00:00,2023-05-08 00:00:00,,,,,False,False,False
OLHO D'AGUA DO BORGES,RN,2019,PEQUENO PORTE,653407.91,1860023.02,29987794.48,,,,,,,False,False,False
OLHO D'AGUA DO BORGES,RN,2020,PEQUENO PORTE,368567.72,1957088.23,29911480.689999998,,,,,,,False,False,False
OLHO D'AGUA DO BORGES,RN,2021,PEQUENO PORTE,856925.63,1342866.63,29886285.77,,,,,,,False,False,False
OLHO D'AGUA DO BORGES,RN,2022,PEQUENO PORTE,1189524.89,863743.6599999999,29950673.07,,,,,,,False,False,False
OLHO D'AGUA DO BORGES,RN,2023,PEQUENO PORTE,1389337.97,1023234.46,30000888.02,,,,,,,False,False,False
OLHO D'AGUA DO BORGES,RN,2024,PEQUENO PORTE,1013674.47,1266321.31,29982810.509999998,,,,,,,False,False,False
OLIMPIA,SP,2019,MÉDIO PORTE,15119220.64,128283760.34,45503959.03,,,,,,,False,False,False
OLIMPIA,SP,2020,MÉDIO PORTE,17046373.7,147684993.28,36984547.9,,,,,,,False,False,False
OLIMPIA,SP,2021,MÉDIO PORTE,15782057.32,158906794.35,28186671.63,,,,,,,False,False,False
OLIMPIA,SP,2022,MÉDIO PORTE,19619006.95,159089616.87,30598393.91,,,,,,,False,False,False
OLIMPIA,SP,2023,MÉDIO PORTE,22693718.0,172310671.79,30378001.18,,,,,,,False,False,False
OLIMPIA,SP,2024,MÉDIO PORTE,20352641.68,195642983.45,31612808.46,,,,,,,False,False,False
OLIMPIO NORONHA,MG,2019,PEQUENO PORTE,820240.7,13073292.65,31380769.61,,,,,,,False,False,False
OLIMPIO NORONHA,MG,2020,PEQUENO PORTE,997321.35,14134185.79,30647459.14,,,,,,,False,False,False
OLIMPIO NORONHA,MG,2021,PEQUENO PORTE,1152756.95,13923012.18,30437147.59,,,,,,,False,False,False
OLIMPIO NORONHA,MG,2022,PEQUENO PORTE,1588597.05,14131822.15,31444824.25,,,,,,,False,False,False
OLIMPIO NORONHA,MG,2023,PEQUENO PORTE,1706212.16,15452419.98,31771766.33,,,,,,,False,False,False
OLIMPIO NORONHA,MG,2024,PEQUENO PORTE,1765267.59,16752397.68,31291742.5,2021-09-24 00:00:00,2021-09-20 00:00:00,,,,,False,False,False
OLIVEIRA,MG,2019,MÉDIO PORTE,7255354.56,38187387.27,35785173.26,,,,,,,False,False,False
OLIVEIRA,MG,2020,MÉDIO PORTE,8184001.29,47654947.8,35379325.37,,,,,,,False,False,False
OLIVEIRA,MG,2021,MÉDIO PORTE,8424321.19,57020071.03,33668445.18,,,,,,,False,False,False
OLIVEIRA,MG,2022,MÉDIO PORTE,10073904.64,63958445.49,37907914.26,,,,,,,False,False,False
OLIVEIRA,MG,2023,MÉDIO PORTE,14649486.23,76181534.7,42136375.379999995,,,,,,,False,False,False
OLIVEIRA,MG,2024,MÉDIO PORTE,17764005.79,97392400.13,38844167.48,2018-12-11 00:00:00,2018-10-16 00:00:00,2022-09-14 00:00:00,II,,II,False,False,False
OLIVEIRA DE FATIMA,TO,2019,PEQUENO PORTE,540667.89,1399437.59,29981134.77,,,,,,,False,False,False
OLIVEIRA DE FATIMA,TO,2020,PEQUENO PORTE,57426.2,1908059.84,29981991.31,,,,,,,False,False,False
OLIVEIRA DE FATIMA,TO,2021,PEQUENO PORTE,601046.62,1902349.75,29901764.349999998,,,,,,,False,False,False
OLIVEIRA DE FATIMA,TO,2022,PEQUENO PORTE,855263.92,2304251.53,30006822.759999998,,,,,,,False,False,False
OLIVEIRA DE FATIMA,TO,2023,PEQUENO PORTE,1088089.63,2990007.25,30308239.73,,,,,,,False,False,False
OLIVEIRA DE FATIMA,TO,2024,PEQUENO PORTE,1148052.14,4177718.96,30262930.58,,,,,,,False,False,False
OLIVENCA,AL,2019,PEQUENO PORTE,2859077.92,3713505.07,30011704.529999997,,,,,,,False,False,False
OLIVENCA,AL,2020,PEQUENO PORTE,2674488.22,4354919.32,30161142.119999997,,,,,,,False,False,False
OLIVENCA,AL,2021,PEQUENO PORTE,3644606.34,6693600.12,29806119.73,,,,,,,False,False,False
OLIVENCA,AL,2022,PEQUENO PORTE,4453193.17,7572778.53,30605408.77,,,,,,,False,False,False
OLIVENCA,AL,2023,PEQUENO PORTE,2307994.59,10639405.26,31327592.869999997,,,,,,,False,False,False
OLIVENCA,AL,2024,PEQUENO PORTE,4528767.64,11202949.18,30520353.08,,,,,,,False,False,False
ONCA DE PITANGUI,MG,2019,PEQUENO PORTE,1208966.32,8264850.860000001,31082456.08,,,,,,,False,False,False
ONCA DE PITANGUI,MG,2020,PEQUENO PORTE,1379503.31,9284687.81,30435691.29,,,,,,,False,False,False
ONCA DE PITANGUI,MG,2021,PEQUENO PORTE,1688644.7,10183015.86,29913923.08,,,,,,,False,False,False
ONCA DE PITANGUI,MG,2022,PEQUENO PORTE,1958190.66,10330245.72,30585524.73,,,,,,,False,False,False
ONCA DE PITANGUI,MG,2023,PEQUENO PORTE,2023115.79,11259425.16,31341630.97,,,,,,,False,False,False
ONCA DE PITANGUI,MG,2024,PEQUENO PORTE,2140436.13,12428469.57,30401225.32,,,,,,,False,False,False
OSORIO,RS,2019,MÉDIO PORTE,26508773.04,126570467.37,45165550.54,,,,,,,False,False,False
OSORIO,RS,2020,MÉDIO PORTE,15601192.54,145587661.43,38166326.82,,,,,,,False,False,False
OSORIO,RS,2021,MÉDIO PORTE,29244194.01,147914454.53,33226161.83,,,,,,,False,False,False
OSORIO,RS,2022,MÉDIO PORTE,33933891.58,158824478.72,45467091.28,,,,,,,False,False,False
OSORIO,RS,2023,MÉDIO PORTE,41438984.33,192442074.85,56164657.28,,,,,,,False,False,False
OSORIO,RS,2024,MÉDIO PORTE,36227413.29,225169192.16,50638729.09,,,,,,,False,False,False
OURO BRANCO,RN,2019,PEQUENO PORTE,1509988.22,3503865.07,30321175.52,,,,,,,False,False,False
OURO BRANCO,RN,2020,PEQUENO PORTE,1884233.27,4327128.0,30088845.91,,,,,,,False,False,False
OURO BRANCO,RN,2021,PEQUENO PORTE,1907782.7,5140173.26,29919098.09,,,,,,,False,False,False
OURO BRANCO,RN,2022,PEQUENO PORTE,2067977.48,6214643.56,30485867.439999998,,,,,,,False,False,False
OURO BRANCO,RN,2023,PEQUENO PORTE,2409101.45,8513575.29,31040617.4,,,,,,,False,False,False
OURO BRANCO,RN,2024,PEQUENO PORTE,2725206.24,10702787.25,30591416.57,,,,,,,False,False,False
OURO PRETO DO OESTE,RO,2019,MÉDIO PORTE,9050151.95,78220480.03,40136630.519999996,,,,,,,False,False,False
OURO PRETO DO OESTE,RO,2020,MÉDIO PORTE,7419906.35,88316693.09,32863819.34,,,,,,,False,False,False
OURO PRETO DO OESTE,RO,2021,MÉDIO PORTE,10115549.44,96196020.81,29458400.2,,,,,,,False,False,False
OURO PRETO DO OESTE,RO,2022,MÉDIO PORTE,11429415.69,98242785.79,36194332.83,,,,,,,False,False,False
OURO PRETO DO OESTE,RO,2023,MÉDIO PORTE,13505458.99,104302674.5,43091293.75,,,,,,,False,False,False
OURO PRETO DO OESTE,RO,2024,MÉDIO PORTE,11472895.46,118643537.12,33561345.49,2023-05-26 00:00:00,2023-05-25 00:00:00,,,,,False,False,False
OURO VERDE DE GOIAS,GO,2019,PEQUENO PORTE,1723389.13,4222467.209999999,30315346.22,,,,,,,False,False,False
OURO VERDE DE GOIAS,GO,2020,PEQUENO PORTE,1917096.47,4331034.72,30138689.029999997,,,,,,,False,False,False
OURO VERDE DE GOIAS,GO,2021,PEQUENO PORTE,2240667.35,4874072.44,30077935.32,,,,,,,False,False,False
OURO VERDE DE GOIAS,GO,2022,PEQUENO PORTE,3069146.04,4972035.11,30293182.98,,,,,,,False,False,False
OURO VERDE DE GOIAS,GO,2023,PEQUENO PORTE,3869578.29,5572268.13,30518625.57,,,,,,,False,False,False
OURO VERDE DE GOIAS,GO,2024,PEQUENO PORTE,4141987.8,6853267.37,30478605.09,,,,,,,False,False,False
OUROESTE,SP,2019,MÉDIO PORTE,7752455.46,60640941.35999999,35888947.64,,,,,,,False,False,False
OUROESTE,SP,2020,MÉDIO PORTE,5002065.04,65355953.51,32704591.24,,,,,,,False,False,False
OUROESTE,SP,2021,MÉDIO PORTE,7215136.24,71696375.14,31578629.04,,,,,,,False,False,False
OUROESTE,SP,2022,MÉDIO PORTE,7961448.53,77878682.89,35821860.85,,,,,,,False,False,False
OUROESTE,SP,2023,MÉDIO PORTE,6939760.79,87267111.15,40051775.989999995,,,,,,,False,False,False
OUROESTE,SP,2024,MÉDIO PORTE,5158949.57,95521763.71,37048159.98,2021-03-05 00:00:00,2021-03-03 00:00:00,,,,,False,False,False
OUROLANDIA,BA,2019,MÉDIO PORTE,3694387.74,5129655.87,30124244.7,,,,,,,False,False,False
OUROLANDIA,BA,2020,MÉDIO PORTE,4812438.57,5641875.95,30028106.099999998,,,,,,,False,False,False
OUROLANDIA,BA,2021,PEQUENO PORTE,4632895.0,7050321.720000002,30109030.599999998,,,,,,,False,False,False
OUROLANDIA,BA,2022,MÉDIO PORTE,5891538.06,8682219.23,30607470.91,,,,,,,False,False,False
OUROLANDIA,BA,2023,PEQUENO PORTE,6750490.04,9863679.93,31075753.169999998,,,,,,,False,False,False
OUROLANDIA,BA,2024,PEQUENO PORTE,7907301.49,10648436.78,30666769.009999998,2021-10-08 00:00:00,2021-10-01 00:00:00,,,,,False,False,False
OUVIDOR,GO,2019,PEQUENO PORTE,2156830.58,5990611.12,30234715.31,,,,,,,False,False,False
OUVIDOR,GO,2020,PEQUENO PORTE,2360957.71,6576355.9,30309541.189999998,,,,,,,False,False,False
OUVIDOR,GO,2021,PEQUENO PORTE,2712848.37,6551195.11,30132452.71,,,,,,,False,False,False
OUVIDOR,GO,2022,PEQUENO PORTE,3268626.8,7258471.94,30572578.47,,,,,,,False,False,False
OUVIDOR,GO,2023,PEQUENO PORTE,4638074.71,8177144.04,30785822.49,,,,,,,False,False,False
OUVIDOR,GO,2024,PEQUENO PORTE,7199204.62,9966021.25,30702313.88,,,,,,,False,False,False
PADRE BERNARDO,GO,2019,MÉDIO PORTE,7767140.32,15814648.37,31438946.419999998,,,,,,,False,False,False
PADRE BERNARDO,GO,2020,MÉDIO PORTE,8351794.27,19353216.15,31421615.57,,,,,,,False,False,False
PADRE BERNARDO,GO,2021,MÉDIO PORTE,9084506.32,24096944.67,30820102.77,,,,,,,False,False,False
PADRE BERNARDO,GO,2022,MÉDIO PORTE,11358525.58,27547108.03,32695792.57,,,,,,,False,False,False
PADRE BERNARDO,GO,2023,MÉDIO PORTE,12418404.12,31901799.25,34132108.29,,,,,,,False,False,False
PADRE BERNARDO,GO,2024,MÉDIO PORTE,13191998.49,38291203.01,32970047.259999998,,,,,,,False,False,False
PADRE MARCOS,PI,2019,PEQUENO PORTE,1273473.89,1100463.22,29950699.4,,,,,,,False,False,False
PADRE MARCOS,PI,2020,PEQUENO PORTE,1374541.21,1848845.47,29946542.79,,,,,,,False,False,False
PADRE MARCOS,PI,2021,PEQUENO PORTE,1526738.04,2601867.25,29906415.83,,,,,,,False,False,False
PADRE MARCOS,PI,2022,PEQUENO PORTE,2057059.84,3237779.27,30250248.119999997,,,,,,,False,False,False
PADRE MARCOS,PI,2023,PEQUENO PORTE,2131888.38,4056121.08,30509619.57,,,,,,,False,False,False
PADRE MARCOS,PI,2024,PEQUENO PORTE,2375419.45,5748462.14,30175962.849999998,,,,,,,False,False,False
PALMACIA,CE,2019,PEQUENO PORTE,1695026.35,5958073.98,30552784.0,,,,,,,False,False,False
PALMACIA,CE,2020,PEQUENO PORTE,1428492.54,5692444.100000001,30218507.72,,,,,,,False,False,False
PALMACIA,CE,2021,PEQUENO PORTE,2831261.91,5854214.4,29910377.33,,,,,,,False,False,False
PALMACIA,CE,2022,PEQUENO PORTE,3579865.73,6102679.13,30282093.599999998,,,,,,,False,False,False
PALMACIA,CE,2023,PEQUENO PORTE,3809523.77,5604453.31,30772261.08,,,,,,,False,False,False
PALMACIA,CE,2024,PEQUENO PORTE,3797341.48,7804483.4,30314555.77,,,,,,,False,False,False
PALMAS,TO,2019,GRANDE PORTE,82055094.98,738701933.84,107343021.94,,,,,,,False,False,False
PALMAS,TO,2020,GRANDE PORTE,94603033.18,832044017.6800002,123056476.97,,,,,,,False,False,False
PALMAS,TO,2021,GRANDE PORTE,104375367.1,948806552.86,39994752.61,,,,,,,False,False,False
PALMAS,TO,2022,GRANDE PORTE,122437275.99,988212927.95,29945020.77,,,,,,,False,False,False
PALMAS,TO,2023,GRANDE PORTE,213416838.79,1144219644.93,29862452.79,,,,,,,False,False,False
PALMAS,TO,2024,GRANDE PORTE,140850070.53,1356351217.49,29862452.79,2025-02-05 00:00:00,2025-01-30 00:00:00,,,,,False,False,False
PALMEIRA,PR,2019,MÉDIO PORTE,8067449.95,43702250.86,32823182.799999997,,,,,,,False,False,False
PALMEIRA,PR,2020,MÉDIO PORTE,8611211.67,47055572.38,28321439.689999998,,,,,,,False,False,False
PALMEIRA,PR,2021,MÉDIO PORTE,10636414.57,44732708.1,27236112.439999998,,,,,,,False,False,False
PALMEIRA,PR,2022,MÉDIO PORTE,20854684.18,40855071.07,30205723.04,,,,,,,False,False,False
PALMEIRA,PR,2023,MÉDIO PORTE,17690825.7,39699271.06,33021479.13,,,,,,,False,False,False
PALMEIRA,PR,2024,MÉDIO PORTE,15770546.12,39544937.86,32353126.53,,,,,,,False,False,False
PALMEIRA D'OESTE,SP,2019,PEQUENO PORTE,2722131.14,4375893.390000001,30215956.599999998,,,,,,,False,False,False
PALMEIRA D'OESTE,SP,2020,PEQUENO PORTE,3010157.06,3937054.59,29991308.64,,,,,,,False,False,False
PALMEIRA D'OESTE,SP,2021,PEQUENO PORTE,2780507.34,2846207.64,29842018.009999998,,,,,,,False,False,False
PALMEIRA D'OESTE,SP,2022,PEQUENO PORTE,3142760.62,1335819.03,29956195.349999998,,,,,,,False,False,False
PALMEIRA D'OESTE,SP,2023,PEQUENO PORTE,7182541.85,708710.98,30174019.81,,,,,,,False,False,False
PALMEIRA D'OESTE,SP,2024,PEQUENO PORTE,4650652.11,893844.6,29916994.58,,,,,,,False,False,False
PALMEIRA DAS MISSOES,RS,2019,MÉDIO PORTE,14887086.23,80196519.76,40469072.59,,,,,,,False,False,False
PALMEIRA DAS MISSOES,RS,2020,MÉDIO PORTE,15926988.49,97028279.05,34973657.089999996,,,,,,,False,False,False
PALMEIRA DAS MISSOES,RS,2021,MÉDIO PORTE,15620229.42,109989300.9,31780085.41,,,,,,,False,False,False
PALMEIRA DAS MISSOES,RS,2022,MÉDIO PORTE,20119316.38,122608293.13,40603701.71,,,,,,,False,False,False
PALMEIRA DAS MISSOES,RS,2023,MÉDIO PORTE,14116714.19,147087871.81,50137959.96,,,,,,,False,False,False
PALMEIRA DAS MISSOES,RS,2024,MÉDIO PORTE,12475591.61,179211930.07,42866328.98,,,,,,,False,False,False
PALMEIRAS DE GOIAS,GO,2019,MÉDIO PORTE,7344528.81,10562795.82,31072686.9,,,,,,,False,False,False
PALMEIRAS DE GOIAS,GO,2020,MÉDIO PORTE,7890608.71,11439636.37,31896680.419999998,,,,,,,False,False,False
PALMEIRAS DE GOIAS,GO,2021,MÉDIO PORTE,8634731.43,12536629.29,30255462.22,,,,,,,False,False,False
PALMEIRAS DE GOIAS,GO,2022,MÉDIO PORTE,10986057.36,13097354.58,30801730.16,,,,,,,False,False,False
PALMEIRAS DE GOIAS,GO,2023,MÉDIO PORTE,11841115.01,13406231.29,31682073.95,,,,,,,False,False,False
PALMEIRAS DE GOIAS,GO,2024,MÉDIO PORTE,14780887.47,14757984.73,31453699.91,,,,,,,False,False,False
PALMEIRINA,PE,2019,PEQUENO PORTE,2048185.45,28640.85,29863060.41,,,,,,,False,False,False
PALMEIRINA,PE,2020,PEQUENO PORTE,2364479.05,630.13,29862725.38,,,,,,,False,False,False
PALMEIRINA,PE,2021,PEQUENO PORTE,3500035.64,55596.31,29862825.689999998,,,,,,,False,False,False
PALMEIRINA,PE,2022,PEQUENO PORTE,4025533.45,37871.41,29988098.55,,,,,,,False,False,False
PALMEIRINA,PE,2023,PEQUENO PORTE,4187197.95,2995012.54,30199322.96,,,,,,,False,False,False
PALMEIRINA,PE,2024,PEQUENO PORTE,4766375.38,382460.0,29916018.07,,,,,,,False,False,False
PALMINOPOLIS,GO,2019,PEQUENO PORTE,2379189.76,1054971.81,29964669.849999998,,,,,,,False,False,False
PALMINOPOLIS,GO,2020,PEQUENO PORTE,1314413.03,1764999.99,29948341.24,,,,,,,False,False,False
PALMINOPOLIS,GO,2021,PEQUENO PORTE,1468188.89,2158648.82,29885042.2,,,,,,,False,False,False
PALMINOPOLIS,GO,2022,PEQUENO PORTE,1704757.81,2959159.67,30173078.84,,,,,,,False,False,False
PALMINOPOLIS,GO,2023,PEQUENO PORTE,1829511.89,3377037.42,30363408.189999998,,,,,,,False,False,False
PALMINOPOLIS,GO,2024,PEQUENO PORTE,1892552.36,4362738.62,30172322.54,,,,,,,False,False,False
PALMITAL,PR,2019,MÉDIO PORTE,3633913.05,19499365.66,32727087.08,,,,,,,False,False,False
PALMITAL,PR,2020,MÉDIO PORTE,3877044.29,23718688.47,32184249.259999998,,,,,,,False,False,False
PALMITAL,PR,2021,MÉDIO PORTE,4021130.27,28484578.58,30802232.27,,,,,,,False,False,False
PALMITAL,PR,2022,MÉDIO PORTE,4464597.83,30398678.25,33742097.9,,,,,,,False,False,False
PALMITAL,PR,2023,MÉDIO PORTE,5122550.19,35435117.49,34774181.86,,,,,,,False,False,False
PALMITAL,PR,2024,PEQUENO PORTE,5359368.3,41759759.14,33494473.81,,,,,,,False,False,False
PALOTINA,PR,2019,MÉDIO PORTE,8221036.12,61652190.99999999,43024092.47,,,,,,,False,False,False
PALOTINA,PR,2020,MÉDIO PORTE,9612160.5,78321623.87,32549045.49,,,,,,,False,False,False
PALOTINA,PR,2021,MÉDIO PORTE,10666307.58,84027780.03,27727527.549999997,,,,,,,False,False,False
PALOTINA,PR,2022,MÉDIO PORTE,13816169.02,84291498.36,32830274.73,,,,,,,False,False,False
PALOTINA,PR,2023,MÉDIO PORTE,16094582.82,91292563.23,45707199.769999996,,,,,,,False,False,False
PALOTINA,PR,2024,MÉDIO PORTE,17333307.61,110935975.79,33768600.7,,,,,,,False,False,False
PANELAS,PE,2019,MÉDIO PORTE,3172925.31,220751.81,29898710.99,,,,,,,False,False,False
PANELAS,PE,2020,MÉDIO PORTE,4394147.35,596947.08,29912944.79,,,,,,,False,False,False
PANELAS,PE,2021,MÉDIO PORTE,5307804.92,2293917.32,30010329.13,,,,,,,False,False,False
PANELAS,PE,2022,MÉDIO PORTE,7961236.76,4404882.41,30353953.66,,,,,,,False,False,False
PANELAS,PE,2023,MÉDIO PORTE,8896446.58,6540477.52,30707454.09,,,,,,,False,False,False
PANELAS,PE,2024,MÉDIO PORTE,9599136.48,12636165.31,30632764.23,2022-12-22 00:00:00,2022-11-21 00:00:00,,,,,False,False,False
PANTANO GRANDE,RS,2019,PEQUENO PORTE,4077170.17,34694929.25,33675904.58,,,,,,,False,False,False
PANTANO GRANDE,RS,2020,PEQUENO PORTE,4543510.92,39271237.77,31019413.58,,,,,,,False,False,False
PANTANO GRANDE,RS,2021,PEQUENO PORTE,4850670.51,41198896.53,30336324.54,,,,,,,False,False,False
PANTANO GRANDE,RS,2022,PEQUENO PORTE,5089206.87,42033515.34,33751423.29,,,,,,,False,False,False
PANTANO GRANDE,RS,2023,PEQUENO PORTE,7042622.9,45253597.83,36254468.75,,,,,,,False,False,False
PANTANO GRANDE,RS,2024,PEQUENO PORTE,5725215.89,50693045.25,32451987.32,,,,,,,False,False,False
PARAGUACU,MG,2019,MÉDIO PORTE,3745489.62,18554764.88,30814280.009999998,,,,,,,False,False,False
PARAGUACU,MG,2020,MÉDIO PORTE,3873652.42,18014670.52,29255501.06,,,,,,,False,False,False
PARAGUACU,MG,2021,MÉDIO PORTE,4122623.05,15101994.54,29839371.759999998,,,,,,,False,False,False
PARAGUACU,MG,2022,MÉDIO PORTE,4854136.08,13731593.24,30940489.369999997,,,,,,,False,False,False
PARAGUACU,MG,2023,MÉDIO PORTE,5426451.3,13824567.2,31376853.4,,,,,,,False,False,False
PARAGUACU,MG,2024,MÉDIO PORTE,5574676.35,14159629.32,30569475.25,2021-08-26 00:00:00,2021-09-14 00:00:00,,,,,False,False,False
PARAI,RS,2019,PEQUENO PORTE,2823615.57,18681368.88,32333225.66,,,,,,,False,False,False
PARAI,RS,2020,PEQUENO PORTE,3182972.55,21970157.4,30851118.48,,,,,,,False,False,False
PARAI,RS,2021,PEQUENO PORTE,3438274.1,24506249.62,30561807.189999998,,,,,,,False,False,False
PARAI,RS,2022,PEQUENO PORTE,3769296.32,26452420.22,32549486.04,,,,,,,False,False,False
PARAI,RS,2023,PEQUENO PORTE,4135107.88,30308189.1,33908193.519999996,,,,,,,False,False,False
PARAI,RS,2024,PEQUENO PORTE,4941096.56,35591516.51,33777215.94,,,,,,,False,False,False
PARAIBA,PB,2019,ESTADO/DF,667560759.12,334556463.45,72061679.64,,,,,,,False,False,False
PARAIBA,PB,2020,ESTADO/DF,740568899.26,479277802.66,43337807.06,,,,,,,False,False,False
PARAIBA,PB,2021,ESTADO/DF,818238404.23,596392703.85,42622449.33,,,,,,,False,False,False
PARAIBA,PB,2022,ESTADO/DF,986339754.64,733443629.49,69385304.33,,,,,,,False,False,False
PARAIBA,PB,2023,ESTADO/DF,1108392918.81,935184493.72,104703030.58000001,,,,,,,False,False,False
PARAIBA,PB,2024,ESTADO/DF,1187365313.32,1281874888.12,128036668.38999999,2020-08-26 00:00:00,2020-08-24 00:00:00,2023-07-25 00:00:00,I,,I,False,False,False
PARAIBA DO SUL,RJ,2019,MÉDIO PORTE,7594040.92,6061808.990000001,30550942.39,,,,,,,False,False,False
PARAIBA DO SUL,RJ,2020,MÉDIO PORTE,9747331.11,2368209.79,29919831.27,,,,,,,False,False,False
PARAIBA DO SUL,RJ,2021,MÉDIO PORTE,16711940.08,1787679.88,29890659.59,,,,,,,False,False,False
PARAIBA DO SUL,RJ,2022,MÉDIO PORTE,25902073.15,2236109.43,30411743.599999998,,,,,,,False,False,False
PARAIBA DO SUL,RJ,2023,MÉDIO PORTE,26143330.12,8990923.64,31002665.64,,,,,,,False,False,False
PARAIBA DO SUL,RJ,2024,MÉDIO PORTE,13920134.48,9674035.59,30518494.8,,,,,,,False,False,False
PARAIBUNA,SP,2019,MÉDIO PORTE,5971054.29,58855026.43999999,32455674.81,,,,,,,False,False,False
PARAIBUNA,SP,2020,MÉDIO PORTE,6238627.34,69440934.76,33287152.39,,,,,,,False,False,False
PARAIBUNA,SP,2021,MÉDIO PORTE,6672240.68,76632334.82000001,33720861.18,,,,,,,False,False,False
PARAIBUNA,SP,2022,MÉDIO PORTE,7358001.04,80033346.46000001,30014606.02,,,,,,,False,False,False
PARAIBUNA,SP,2023,MÉDIO PORTE,10324580.6,85684315.85,30566492.81,,,,,,,False,False,False
PARAIBUNA,SP,2024,MÉDIO PORTE,9931990.81,102340552.84,40624340.41,2022-06-16 00:00:00,2022-06-09 00:00:00,,,,,False,False,False
PARAIPABA,CE,2019,MÉDIO PORTE,7175231.41,25226525.64,33826724.28,,,,,,,False,False,False
PARAIPABA,CE,2020,MÉDIO PORTE,4758647.29,33275525.56,31946804.34,,,,,,,False,False,False
PARAIPABA,CE,2021,MÉDIO PORTE,7417342.15,37394444.07,30087576.16,,,,,,,False,False,False
PARAIPABA,CE,2022,MÉDIO PORTE,9144690.88,42519817.46,33907732.78,,,,,,,False,False,False
PARAIPABA,CE,2023,MÉDIO PORTE,10696181.62,51147886.46,37170031.5,,,,,,,False,False,False
PARAIPABA,CE,2024,MÉDIO PORTE,5871866.99,62123374.05,32676249.54,2023-10-23 00:00:00,2023-10-09 00:00:00,,,,,False,False,False
PARAISO,SP,2019,PEQUENO PORTE,3052138.54,29607858.73,32908426.509999998,,,,,,,False,False,False
PARAISO,SP,2020,PEQUENO PORTE,3428554.31,32966265.99,31721360.86,,,,,,,False,False,False
PARAISO,SP,2021,PEQUENO PORTE,3080115.61,34848397.7,30024653.82,,,,,,,False,False,False
PARAISO,SP,2022,PEQUENO PORTE,3365903.16,35537275.3,29688913.77,,,,,,,False,False,False
PARAISO,SP,2023,PEQUENO PORTE,3687504.8,37918493.93,34962783.18,,,,,,,False,False,False
PARAISO,SP,2024,PEQUENO PORTE,3866179.05,42442491.76,31765123.75,2024-02-07 00:00:00,2024-02-07 00:00:00,,,,,False,False,False
PARAISO DO SUL,RS,2019,PEQUENO PORTE,3106869.73,22839728.83,32313595.619999997,,,,,,,False,False,False
PARAISO DO SUL,RS,2020,PEQUENO PORTE,3476452.84,26302449.16,30151235.349999998,,,,,,,False,False,False
PARAISO DO SUL,RS,2021,PEQUENO PORTE,3005345.75,28144644.41,30657204.09,,,,,,,False,False,False
PARAISO DO SUL,RS,2022,PEQUENO PORTE,3541751.23,29749373.62,33071352.77,,,,,,,False,False,False
PARAISO DO SUL,RS,2023,PEQUENO PORTE,4347931.48,33413703.74,34200875.78,,,,,,,False,False,False
PARAISO DO SUL,RS,2024,PEQUENO PORTE,4880344.8,38354515.11,32719428.47,,,,,,,False,False,False
PARAISO DO TOCANTINS,TO,2019,MÉDIO PORTE,6560907.24,51226123.18,35730311.54,,,,,,,False,False,False
PARAISO DO TOCANTINS,TO,2020,MÉDIO PORTE,6832560.05,60440940.88,33837429.58,,,,,,,False,False,False
PARAISO DO TOCANTINS,TO,2021,MÉDIO PORTE,7744838.76,68058349.53,32879061.36,,,,,,,False,False,False
PARAISO DO TOCANTINS,TO,2022,MÉDIO PORTE,11117485.97,74539222.08,33177369.4,,,,,,,False,False,False
PARAISO DO TOCANTINS,TO,2023,MÉDIO PORTE,12805069.5,84331523.08,41897143.26,,,,,,,False,False,False
PARAISO DO TOCANTINS,TO,2024,MÉDIO PORTE,15912035.67,104897097.59,39312074.58,,,,,,,False,False,False
PARANAIBA,MS,2019,MÉDIO PORTE,9162265.13,22872646.36,34402288.05,,,,,,,False,False,False
PARANAIBA,MS,2020,MÉDIO PORTE,10201778.6,18277917.73,33408000.63,,,,,,,False,False,False
PARANAIBA,MS,2021,MÉDIO PORTE,15499945.58,19370333.71,31243034.96,,,,,,,False,False,False
PARANAIBA,MS,2022,MÉDIO PORTE,18464479.26,23631531.96,32270251.88,,,,,,,False,False,False
PARANAIBA,MS,2023,MÉDIO PORTE,19850858.62,27617554.76,35686662.46,,,,,,,False,False,False
PARANAIBA,MS,2024,MÉDIO PORTE,20749035.68,34247868.64,32515196.07,,,,,,,False,False,False
PARANAIGUARA,GO,2019,PEQUENO PORTE,4422411.85,45388.39,29862526.89,,,,,,,False,False,False
PARANAIGUARA,GO,2020,PEQUENO PORTE,5183678.46,112438.98,29862452.79,,,,,,,False,False,False
PARANAIGUARA,GO,2021,PEQUENO PORTE,5438983.61,412946.67,29873919.29,,,,,,,False,False,False
PARANAIGUARA,GO,2022,PEQUENO PORTE,5770302.8,1229501.33,29924613.779999997,,,,,,,False,False,False
PARANAIGUARA,GO,2023,PEQUENO PORTE,8195598.38,813648.2,29904677.33,,,,,,,False,False,False
PARANAIGUARA,GO,2024,PEQUENO PORTE,8972704.32,2148449.17,30018173.83,,,,,,,False,False,False
PARANAPOEMA,PR,2019,PEQUENO PORTE,862885.29,3088826.08,30064364.64,,,,,,,False,False,False
PARANAPOEMA,PR,2020,PEQUENO PORTE,883905.6,3778543.610000001,29993230.08,,,,,,,False,False,False
PARANAPOEMA,PR,2021,PEQUENO PORTE,1051524.06,4568668.63,29977756.119999997,,,,,,,False,False,False
PARANAPOEMA,PR,2022,PEQUENO PORTE,2494458.05,5253320.96,30504841.849999998,,,,,,,False,False,False
PARANAPOEMA,PR,2023,PEQUENO PORTE,3907248.42,6700654.55,30792511.369999997,,,,,,,False,False,False
PARANAPOEMA,PR,2024,PEQUENO PORTE,3295794.45,8968604.37,30706512.27,,,,,,,False,False,False
PARANAPUA,SP,2019,PEQUENO PORTE,1679198.72,6616140.9,30241902.96,,,,,,,False,False,False
PARANAPUA,SP,2020,PEQUENO PORTE,1465760.64,8079170.74,29945257.91,,,,,,,False,False,False
PARANAPUA,SP,2021,PEQUENO PORTE,1464509.19,8292595.23,29819347.14,,,,,,,False,False,False
PARANAPUA,SP,2022,PEQUENO PORTE,1671177.73,8287530.77,30477317.43,,,,,,,False,False,False
PARANAPUA,SP,2023,PEQUENO PORTE,2078924.59,8641340.11,30972299.96,,,,,,,False,False,False
PARANAPUA,SP,2024,PEQUENO PORTE,2653490.76,9750989.62,30323799.369999997,,,,,,,False,False,False
PARANATAMA,PE,2019,PEQUENO PORTE,3330248.5,1592802.28,29977289.65,,,,,,,False,False,False
PARANATAMA,PE,2020,PEQUENO PORTE,2634157.37,1028619.74,29922926.29,,,,,,,False,False,False
PARANATAMA,PE,2021,PEQUENO PORTE,4511412.18,251773.87,29862452.79,,,,,,,False,False,False
PARANATAMA,PE,2022,PEQUENO PORTE,6063189.18,28149.86,29865282.02,,,,,,,False,False,False
PARANATAMA,PE,2023,PEQUENO PORTE,6798390.65,7120.51,29862452.79,,,,,,,False,False,False
PARANATAMA,PE,2024,MÉDIO PORTE,6034814.91,25958.13,29862452.79,,,,,,,False,False,False
PARANAVAI,PR,2019,MÉDIO PORTE,17103341.77,113570381.67,47716764.46,,,,,,,False,False,False
PARANAVAI,PR,2020,MÉDIO PORTE,21030856.55,136298215.51,38934439.489999995,,,,,,,False,False,False
PARANAVAI,PR,2021,MÉDIO PORTE,23164576.26,149996886.59,33799822.96,,,,,,,False,False,False
PARANAVAI,PR,2022,MÉDIO PORTE,29425562.0,166709051.13,41787905.57,,,,,,,False,False,False
PARANAVAI,PR,2023,MÉDIO PORTE,38621025.61,195556935.45,59244288.4,,,,,,,False,False,False
PARANAVAI,PR,2024,MÉDIO PORTE,37656792.04,239809875.55,45402842.03,2019-02-25 00:00:00,2019-02-20 00:00:00,2020-11-24 00:00:00,I,2024-05-15 00:00:00,I,False,False,False
PARAOPEBA,MG,2019,MÉDIO PORTE,4638402.65,25502368.48,32693146.04,,,,,,,False,False,False
PARAOPEBA,MG,2020,MÉDIO PORTE,4647747.73,24280137.03,32606734.83,,,,,,,False,False,False
PARAOPEBA,MG,2021,MÉDIO PORTE,5544641.15,21637186.73,31238899.7,,,,,,,False,False,False
PARAOPEBA,MG,2022,MÉDIO PORTE,6454822.32,19485362.21,32287700.59,,,,,,,False,False,False
PARAOPEBA,MG,2023,MÉDIO PORTE,7671698.89,22708015.58,33074942.439999998,,,,,,,False,False,False
PARAOPEBA,MG,2024,MÉDIO PORTE,7720207.07,26081182.67,32682330.759999998,2019-01-28 00:00:00,2019-01-25 00:00:00,2020-06-30 00:00:00,I,2024-04-15 00:00:00,I,False,False,False
PARAUNA,GO,2019,PEQUENO PORTE,3244147.37,6561764.860000001,30458562.939999998,,,,,,,False,False,False
PARAUNA,GO,2020,PEQUENO PORTE,3328907.89,6148677.03,30874221.16,,,,,,,False,False,False
PARAUNA,GO,2021,PEQUENO PORTE,4960192.36,5715676.140000001,30244896.23,,,,,,,False,False,False
PARAUNA,GO,2022,PEQUENO PORTE,6915418.28,5514533.32,30462084.32,,,,,,,False,False,False
PARAUNA,GO,2023,MÉDIO PORTE,7423486.89,8390284.36,31029829.119999997,,,,,,,False,False,False
PARAUNA,GO,2024,PEQUENO PORTE,8208041.34,11746513.98,31073038.49,,,,,,,False,False,False
PARISI,SP,2019,PEQUENO PORTE,1577459.75,17819547.74,31499770.91,,,,,,,False,False,False
PARISI,SP,2020,PEQUENO PORTE,1812905.18,19398073.25,30988286.849999998,,,,,,,False,False,False
PARISI,SP,2021,PEQUENO PORTE,2116521.03,20513220.69,30579817.16,,,,,,,False,False,False
PARISI,SP,2022,PEQUENO PORTE,2763358.56,21453770.81,31584843.89,,,,,,,False,False,False
PARISI,SP,2023,PEQUENO PORTE,2963564.79,23679033.94,33186742.259999998,,,,,,,False,False,False
PARISI,SP,2024,PEQUENO PORTE,3039057.4,27000367.04,31925306.47,2020-11-30 00:00:00,2020-11-26 00:00:00,2022-12-15 00:00:00,I,,I,False,False,False
PARNAIBA,PI,2019,MÉDIO PORTE,20194648.61,32611893.57,35028411.42,,,,,,,False,False,False
PARNAIBA,PI,2020,MÉDIO PORTE,21199853.76,44250664.95,31366666.509999998,,,,,,,False,False,False
PARNAIBA,PI,2021,MÉDIO PORTE,28004858.25,44422548.62,29831354.68,,,,,,,False,False,False
PARNAIBA,PI,2022,MÉDIO PORTE,34468166.04,52210869.73,35337654.82,,,,,,,False,False,False
PARNAIBA,PI,2023,MÉDIO PORTE,45788119.92,68757426.9,39383814.34,,,,,,,False,False,False
PARNAIBA,PI,2024,MÉDIO PORTE,46871659.27,82974817.58,36369786.47,2022-02-07 00:00:00,2021-12-14 00:00:00,,,,,False,False,False
PARNAMIRIM,PE,2019,MÉDIO PORTE,5140909.83,318100.9,29865144.63,,,,,,,False,False,False
PARNAMIRIM,PE,2020,MÉDIO PORTE,6976026.69,33032.69,29864187.16,,,,,,,False,False,False
PARNAMIRIM,PE,2021,MÉDIO PORTE,6072751.46,269372.6599999999,29868190.7,,,,,,,False,False,False
PARNAMIRIM,PE,2022,MÉDIO PORTE,6038500.91,810079.8899999999,29920521.689999998,,,,,,,False,False,False
PARNAMIRIM,PE,2023,MÉDIO PORTE,6619838.87,176925.39,29878894.11,,,,,,,False,False,False
PARNAMIRIM,PE,2024,MÉDIO PORTE,6720335.37,143058.53,29956155.79,,,,,,,False,False,False
PAROBE,RS,2019,MÉDIO PORTE,12527038.35,57685451.14999999,38775046.92,,,,,,,False,False,False
PAROBE,RS,2020,MÉDIO PORTE,12720441.57,66159838.31,36552475.99,,,,,,,False,False,False
PAROBE,RS,2021,MÉDIO PORTE,16639724.95,73975992.4,32984166.23,,,,,,,False,False,False
PAROBE,RS,2022,MÉDIO PORTE,22032471.21,82914313.18,37477746.41,,,,,,,False,False,False
PAROBE,RS,2023,MÉDIO PORTE,23019696.3,94601858.51,42242037.87,,,,,,,False,False,False
PAROBE,RS,2024,MÉDIO PORTE,23698917.06,110296659.38,47020635.08,,,,,,,False,False,False
PASSA E FICA,RN,2019,PEQUENO PORTE,2015364.09,6417603.64,30268704.71,,,,,,,False,False,False
PASSA E FICA,RN,2020,PEQUENO PORTE,2633473.26,7930829.38,30205017.939999998,,,,,,,False,False,False
PASSA E FICA,RN,2021,PEQUENO PORTE,3361545.07,9806499.17,30391213.81,,,,,,,False,False,False
PASSA E FICA,RN,2022,PEQUENO PORTE,3408551.05,12085497.68,31355465.55,,,,,,,False,False,False
PASSA E FICA,RN,2023,PEQUENO PORTE,3057980.51,14733390.24,31623876.21,,,,,,,False,False,False
PASSA E FICA,RN,2024,PEQUENO PORTE,4018636.78,18580406.89,31517977.46,2023-12-20 00:00:00,2023-12-15 00:00:00,,,,,False,False,False
PASSA QUATRO,MG,2019,PEQUENO PORTE,3112284.54,3651297.54,30303337.83,,,,,,,False,False,False
PASSA QUATRO,MG,2020,PEQUENO PORTE,3205275.43,3036846.45,30040441.63,,,,,,,False,False,False
PASSA QUATRO,MG,2021,PEQUENO PORTE,3465748.52,2863147.48,29876608.32,,,,,,,False,False,False
PASSA QUATRO,MG,2022,PEQUENO PORTE,3963053.21,2636318.49,30047917.43,,,,,,,False,False,False
PASSA QUATRO,MG,2023,PEQUENO PORTE,4360340.17,2415058.09,30142498.36,,,,,,,False,False,False
PASSA QUATRO,MG,2024,PEQUENO PORTE,3617169.46,2474688.34,30068475.29,2021-09-03 00:00:00,2021-08-27 00:00:00,,,,,False,False,False
PASSA SETE,RS,2019,PEQUENO PORTE,1985464.45,21164962.04,32054055.65,,,,,,,False,False,False
PASSA SETE,RS,2020,PEQUENO PORTE,2257467.21,24088803.24,31507805.73,,,,,,,False,False,False
PASSA SETE,RS,2021,PEQUENO PORTE,2105369.31,26677160.65,31004019.41,,,,,,,False,False,False
PASSA SETE,RS,2022,PEQUENO PORTE,2299088.01,28198577.66,32347872.53,,,,,,,False,False,False
PASSA SETE,RS,2023,PEQUENO PORTE,2375016.56,31359327.73,33869500.49,,,,,,,False,False,False
PASSA SETE,RS,2024,PEQUENO PORTE,2506941.14,35903456.64,32125507.73,,,,,,,False,False,False
PASSO DO SOBRADO,RS,2019,PEQUENO PORTE,2290761.9,23827552.73,32773553.99,,,,,,,False,False,False
PASSO DO SOBRADO,RS,2020,PEQUENO PORTE,2267126.1,27417129.64,31363384.31,,,,,,,False,False,False
PASSO DO SOBRADO,RS,2021,PEQUENO PORTE,2201925.66,29964198.22,30151292.11,,,,,,,False,False,False
PASSO DO SOBRADO,RS,2022,PEQUENO PORTE,1962805.18,30839572.17,32157445.32,,,,,,,False,False,False
PASSO DO SOBRADO,RS,2023,PEQUENO PORTE,1992508.11,33860272.25,33695733.55,,,,,,,False,False,False
PASSO DO SOBRADO,RS,2024,PEQUENO PORTE,2141293.06,38874129.27,31380959.33,,,,,,,False,False,False
PATIS,MG,2019,PEQUENO PORTE,697066.36,5100005.470000001,30208630.32,,,,,,,False,False,False
PATIS,MG,2020,PEQUENO PORTE,789555.71,4684507.47,30022246.96,,,,,,,False,False,False
PATIS,MG,2021,PEQUENO PORTE,1362328.36,4156239.29,30026779.07,,,,,,,False,False,False
PATIS,MG,2022,PEQUENO PORTE,1846170.34,4599862.52,30406679.59,,,,,,,False,False,False
PATIS,MG,2023,PEQUENO PORTE,1875384.77,5675288.58,30613038.11,,,,,,,False,False,False
PATIS,MG,2024,PEQUENO PORTE,1986057.01,6739716.08,30504172.61,,,,,,,False,False,False
PATO BRANCO,PR,2019,MÉDIO PORTE,21739805.26,9403242.17,31805468.2,,,,,,,False,False,False
PATO BRANCO,PR,2020,MÉDIO PORTE,23762446.29,29798092.8,32517340.689999998,,,,,,,False,False,False
PATO BRANCO,PR,2021,MÉDIO PORTE,26261126.06,53190051.09,30540818.56,,,,,,,False,False,False
PATO BRANCO,PR,2022,MÉDIO PORTE,34792668.36,72401828.26,34749029.78,,,,,,,False,False,False
PATO BRANCO,PR,2023,MÉDIO PORTE,41295460.26,97610499.89,45717773.5,,,,,,,False,False,False
PATO BRANCO,PR,2024,MÉDIO PORTE,46866488.24,144009430.14,44788300.89,,,,,,,False,False,False
PATOS,PB,2019,MÉDIO PORTE,18676922.64,7171.73,29946171.82,,,,,,,False,False,False
PATOS,PB,2020,MÉDIO PORTE,21254692.95,2447033.01,30022114.86,,,,,,,False,False,False
PATOS,PB,2021,MÉDIO PORTE,22211606.48,9432867.8,29826712.759999998,,,,,,,False,False,False
PATOS,PB,2022,MÉDIO PORTE,29323868.03,14348468.63,29979099.849999998,,,,,,,False,False,False
PATOS,PB,2023,MÉDIO PORTE,33869255.18,21063032.71,31948279.509999998,,,,,,,False,False,False
PATOS,PB,2024,MÉDIO PORTE,36131007.52,31315328.46,31841247.22,,,,,,,False,False,False
PATROCINIO,MG,2019,MÉDIO PORTE,16419898.84,68681622.49,38438242.07,,,,,,,False,False,False
PATROCINIO,MG,2020,MÉDIO PORTE,17031213.93,91620437.76,36124300.61,,,,,,,False,False,False
PATROCINIO,MG,2021,MÉDIO PORTE,17540779.63,110141396.91,32348813.259999998,,,,,,,False,False,False
PATROCINIO,MG,2022,MÉDIO PORTE,18417814.02,128733878.49,40767789.519999996,,,,,,,False,False,False
PATROCINIO,MG,2023,MÉDIO PORTE,23819454.1,153380805.82,53160640.599999994,,,,,,,False,False,False
PATROCINIO,MG,2024,MÉDIO PORTE,28154187.75,194478635.75,49432359.629999995,2022-06-06 00:00:00,2022-04-18 00:00:00,2023-03-16 00:00:00,I,,I,False,False,False
PATU,RN,2019,PEQUENO PORTE,2223194.94,12561.33,30073339.96,,,,,,,False,False,False
PATU,RN,2020,PEQUENO PORTE,2540825.5,55233.34,29864588.68,,,,,,,False,False,False
PATU,RN,2021,PEQUENO PORTE,2953491.39,137752.05,29863798.99,,,,,,,False,False,False
PATU,RN,2022,PEQUENO PORTE,3663134.92,43203.98,29873576.25,,,,,,,False,False,False
PATU,RN,2023,PEQUENO PORTE,5341584.79,30875.55,29865627.45,,,,,,,False,False,False
PATU,RN,2024,PEQUENO PORTE,2263285.89,43456.2,29864568.72,,,,,,,False,False,False
PATY DO ALFERES,RJ,2019,MÉDIO PORTE,6090039.93,104786808.93,46918438.05,,,,,,,False,False,False
PATY DO ALFERES,RJ,2020,MÉDIO PORTE,8112447.33,121126309.77,37740798.41,,,,,,,False,False,False
PATY DO ALFERES,RJ,2021,MÉDIO PORTE,8234743.62,128029251.29,31091443.06,,,,,,,False,False,False
PATY DO ALFERES,RJ,2022,MÉDIO PORTE,9994674.51,130137050.56,37836100.7,,,,,,,False,False,False
PATY DO ALFERES,RJ,2023,MÉDIO PORTE,12234033.91,137334200.67,49237763.58,,,,,,,False,False,False
PATY DO ALFERES,RJ,2024,MÉDIO PORTE,13883604.94,156677114.25,42270695.08,2019-10-04 00:00:00,2019-10-02 00:00:00,2021-11-18 00:00:00,I,2024-09-28 00:00:00,II,False,False,False
PAULISTANA,PI,2019,MÉDIO PORTE,4124845.77,15071825.59,31177622.32,,,,,,,False,False,False
PAULISTANA,PI,2020,MÉDIO PORTE,4736923.63,16339378.64,30913936.32,,,,,,,False,False,False
PAULISTANA,PI,2021,MÉDIO PORTE,6335872.17,18969113.45,30234736.88,,,,,,,False,False,False
PAULISTANA,PI,2022,MÉDIO PORTE,9810843.18,21377269.46,32354459.47,,,,,,,False,False,False
PAULISTANA,PI,2023,MÉDIO PORTE,9007331.94,27168685.43,33734838.64,,,,,,,False,False,False
PAULISTANA,PI,2024,MÉDIO PORTE,10319543.55,31892212.89,32261754.96,2022-02-07 00:00:00,2021-12-14 00:00:00,,,,,False,False,False
PAVERAMA,RS,2019,PEQUENO PORTE,2710194.16,15313904.3,31816399.2,,,,,,,False,False,False
PAVERAMA,RS,2020,PEQUENO PORTE,3265523.21,17792458.51,30409765.22,,,,,,,False,False,False
PAVERAMA,RS,2021,PEQUENO PORTE,3286571.92,19945089.92,30497310.81,,,,,,,False,False,False
PAVERAMA,RS,2022,PEQUENO PORTE,4026708.33,21734560.36,31940846.75,,,,,,,False,False,False
PAVERAMA,RS,2023,PEQUENO PORTE,4465992.16,24287370.29,33112650.79,,,,,,,False,False,False
PAVERAMA,RS,2024,PEQUENO PORTE,5151578.16,28668043.53,31615315.919999998,,,,,,,False,False,False
PEABIRU,PR,2019,PEQUENO PORTE,1239048.4,9488886.44,30396167.95,,,,,,,False,False,False
PEABIRU,PR,2020,PEQUENO PORTE,1344340.62,9266535.7,30284471.759999998,,,,,,,False,False,False
PEABIRU,PR,2021,PEQUENO PORTE,1917513.72,8141115.1,30053457.45,,,,,,,False,False,False
PEABIRU,PR,2022,PEQUENO PORTE,2562586.53,7277731.25,30600227.759999998,,,,,,,False,False,False
PEABIRU,PR,2023,PEQUENO PORTE,2696626.38,7761974.19,30938233.64,,,,,,,False,False,False
PEABIRU,PR,2024,PEQUENO PORTE,3531319.4,8158579.22,30641062.31,,,,,,,False,False,False
PEDRAS ALTAS,RS,2019,PEQUENO PORTE,1954843.84,14752831.9,31698209.56,,,,,,,False,False,False
PEDRAS ALTAS,RS,2020,PEQUENO PORTE,2095874.69,17687630.81,30905646.07,,,,,,,False,False,False
PEDRAS ALTAS,RS,2021,PEQUENO PORTE,2123913.07,20006240.98,30024628.43,,,,,,,False,False,False
PEDRAS ALTAS,RS,2022,PEQUENO PORTE,2381399.52,21539005.65,31571959.119999997,,,,,,,False,False,False
PEDRAS ALTAS,RS,2023,PEQUENO PORTE,2792205.85,24643587.81,33004689.86,,,,,,,False,False,False
PEDRAS ALTAS,RS,2024,PEQUENO PORTE,3174913.84,28883156.15,32622877.54,2023-12-12 00:00:00,2023-12-08 00:00:00,,,,,False,False,False
PEDRAS DE FOGO,PB,2019,MÉDIO PORTE,5116532.26,14455348.21,31665160.9,,,,,,,False,False,False
PEDRAS DE FOGO,PB,2020,MÉDIO PORTE,6622168.99,15365889.98,30357881.55,,,,,,,False,False,False
PEDRAS DE FOGO,PB,2021,MÉDIO PORTE,10886511.07,17780742.6,30500653.779999997,,,,,,,False,False,False
PEDRAS DE FOGO,PB,2022,MÉDIO PORTE,13064889.22,20610178.34,32350396.669999998,,,,,,,False,False,False
PEDRAS DE FOGO,PB,2023,MÉDIO PORTE,14826986.2,24712876.84,34239126.33,,,,,,,False,False,False
PEDRAS DE FOGO,PB,2024,MÉDIO PORTE,12077885.08,28748975.95,32160208.64,2021-08-09 00:00:00,2021-08-09 00:00:00,,,,,False,False,False
PEDRAS DE MARIA DA CRUZ,MG,2019,PEQUENO PORTE,1689008.65,7037416.98,30672100.9,,,,,,,False,False,False
PEDRAS DE MARIA DA CRUZ,MG,2020,PEQUENO PORTE,2101249.1,9459128.48,30686091.34,,,,,,,False,False,False
PEDRAS DE MARIA DA CRUZ,MG,2021,PEQUENO PORTE,2198620.71,12638593.9,29934526.49,,,,,,,False,False,False
PEDRAS DE MARIA DA CRUZ,MG,2022,PEQUENO PORTE,2443394.6,14319086.42,31484923.41,,,,,,,False,False,False
PEDRAS DE MARIA DA CRUZ,MG,2023,PEQUENO PORTE,2744536.4,16459899.61,31011627.88,,,,,,,False,False,False
PEDRAS DE MARIA DA CRUZ,MG,2024,PEQUENO PORTE,1922576.58,19683660.99,30921240.68,,,,,,,False,False,False
PEDRINOPOLIS,MG,2019,PEQUENO PORTE,997612.21,9780249.22,31176120.93,,,,,,,False,False,False
PEDRINOPOLIS,MG,2020,PEQUENO PORTE,1109028.73,11438252.51,30851546.08,,,,,,,False,False,False
PEDRINOPOLIS,MG,2021,PEQUENO PORTE,1103875.54,11959385.0,29902440.9,,,,,,,False,False,False
PEDRINOPOLIS,MG,2022,PEQUENO PORTE,1137153.72,13084716.16,31109881.4,,,,,,,False,False,False
PEDRINOPOLIS,MG,2023,PEQUENO PORTE,1160140.53,14726458.5,31878550.77,,,,,,,False,False,False
PEDRINOPOLIS,MG,2024,PEQUENO PORTE,527307.45,16072336.54,30284877.009999998,,,,,,,False,False,False
PEIXOTO DE AZEVEDO,MT,2019,MÉDIO PORTE,8384759.16,38984095.18,34057161.339999996,,,,,,,False,False,False
PEIXOTO DE AZEVEDO,MT,2020,MÉDIO PORTE,9639512.05,47401266.11,32585188.89,,,,,,,False,False,False
PEIXOTO DE AZEVEDO,MT,2021,MÉDIO PORTE,11021839.1,55938423.97000001,31075457.849999998,,,,,,,False,False,False
PEIXOTO DE AZEVEDO,MT,2022,MÉDIO PORTE,14306573.21,62595841.23,34206108.03,,,,,,,False,False,False
PEIXOTO DE AZEVEDO,MT,2023,MÉDIO PORTE,12546324.28,77318570.38,41931135.75,,,,,,,False,False,False
PEIXOTO DE AZEVEDO,MT,2024,MÉDIO PORTE,14520330.14,99163934.73,31410851.33,,,,,,,False,False,False
PEJUCARA,RS,2019,PEQUENO PORTE,3322352.04,18559968.24,31907310.279999997,,,,,,,False,False,False
PEJUCARA,RS,2020,PEQUENO PORTE,3781498.92,20836421.54,31143507.39,,,,,,,False,False,False
PEJUCARA,RS,2021,PEQUENO PORTE,3915280.1,22673789.19,30279415.08,,,,,,,False,False,False
PEJUCARA,RS,2022,PEQUENO PORTE,4038069.05,23552147.85,32164268.61,,,,,,,False,False,False
PEJUCARA,RS,2023,PEQUENO PORTE,2317056.1,25642434.4,33254023.799999997,,,,,,,False,False,False
PEJUCARA,RS,2024,PEQUENO PORTE,2413183.62,28745120.05,31824108.0,,,,,,,False,False,False
PELOTAS,RS,2019,GRANDE PORTE,62485049.34,186803322.13,49890380.129999995,,,,,,,False,False,False
PELOTAS,RS,2020,GRANDE PORTE,76174472.34,226383266.09,44079592.43,,,,,,,False,False,False
PELOTAS,RS,2021,GRANDE PORTE,101223661.91,266334468.12,41421459.08,,,,,,,False,False,False
PELOTAS,RS,2022,GRANDE PORTE,104832914.73,339825720.07,64483242.99,,,,,,,False,False,False
PELOTAS,RS,2023,GRANDE PORTE,105099315.73,425755762.26,86734031.00999999,,,,,,,False,False,False
PELOTAS,RS,2024,GRANDE PORTE,122230669.04,542682417.21,70151301.67,2022-06-01 00:00:00,2022-05-26 00:00:00,2023-06-17 00:00:00,II,,II,False,False,False
PERDIGAO,MG,2019,PEQUENO PORTE,2525149.39,16901345.66,32332011.5,,,,,,,False,False,False
PERDIGAO,MG,2020,PEQUENO PORTE,3068162.86,20305900.0,31370009.61,,,,,,,False,False,False
PERDIGAO,MG,2021,PEQUENO PORTE,3387682.57,23229164.39,29589156.869999997,,,,,,,False,False,False
PERDIGAO,MG,2022,PEQUENO PORTE,3618817.53,24197254.28,31455858.349999998,,,,,,,False,False,False
PERDIGAO,MG,2023,PEQUENO PORTE,4051794.78,27129554.34,33562364.39,,,,,,,False,False,False
PERDIGAO,MG,2024,PEQUENO PORTE,4241404.14,31638089.59,31429860.369999997,,,,,,,False,False,False
PERDIZES,MG,2019,MÉDIO PORTE,1582313.53,8638431.760000002,30886938.029999997,,,,,,,False,False,False
PERDIZES,MG,2020,MÉDIO PORTE,3336615.54,9474286.47,30448465.89,,,,,,,False,False,False
PERDIZES,MG,2021,MÉDIO PORTE,5970715.21,12801361.84,30379836.18,,,,,,,False,False,False
PERDIZES,MG,2022,MÉDIO PORTE,7151255.97,18758391.63,31641134.68,,,,,,,False,False,False
PERDIZES,MG,2023,MÉDIO PORTE,3372758.17,24912874.79,33114752.7,,,,,,,False,False,False
PERDIZES,MG,2024,MÉDIO PORTE,5181778.2,28592436.03,33016522.65,,,,,,,False,False,False
PERDOES,MG,2019,MÉDIO PORTE,5206333.37,36806164.88,34920760.16,,,,,,,False,False,False
PERDOES,MG,2020,MÉDIO PORTE,5650094.86,43461729.55,31775613.029999997,,,,,,,False,False,False
PERDOES,MG,2021,MÉDIO PORTE,6124262.42,45786909.89,28836467.72,,,,,,,False,False,False
PERDOES,MG,2022,MÉDIO PORTE,6483930.77,44126987.51000001,32876231.849999998,,,,,,,False,False,False
PERDOES,MG,2023,MÉDIO PORTE,5733696.68,45547541.63,36553041.73,,,,,,,False,False,False
PERDOES,MG,2024,MÉDIO PORTE,6497909.27,47914103.76,30583880.189999998,,,,,,,False,False,False
PEROLA,PR,2019,MÉDIO PORTE,2834423.58,7445658.27,30702969.11,,,,,,,False,False,False
PEROLA,PR,2020,MÉDIO PORTE,3182348.04,6959436.67,30029495.33,,,,,,,False,False,False
PEROLA,PR,2021,PEQUENO PORTE,3578890.32,5255128.38,29904101.09,,,,,,,False,False,False
PEROLA,PR,2022,PEQUENO PORTE,4204569.02,6701148.6,30554256.689999998,,,,,,,False,False,False
PEROLA,PR,2023,PEQUENO PORTE,5149154.9,6538437.56,30856332.98,,,,,,,False,False,False
PEROLA,PR,2024,PEQUENO PORTE,4597392.23,6910563.97,30077891.36,,,,,,,False,False,False
PESQUEIRA,PE,2019,MÉDIO PORTE,8312592.27,20429547.55,32562818.58,,,,,,,False,False,False
PESQUEIRA,PE,2020,MÉDIO PORTE,5930991.48,23967685.66,31961954.31,,,,,,,False,False,False
PESQUEIRA,PE,2021,MÉDIO PORTE,13128449.13,26495905.07,30433619.48,,,,,,,False,False,False
PESQUEIRA,PE,2022,MÉDIO PORTE,15407921.18,32274831.91,32653889.61,,,,,,,False,False,False
PESQUEIRA,PE,2023,MÉDIO PORTE,13127762.16,40577784.15,36166330.05,,,,,,,False,False,False
PESQUEIRA,PE,2024,MÉDIO PORTE,20610074.46,50604813.65,34596780.97,2022-04-26 00:00:00,2022-01-18 00:00:00,,,,,False,False,False
PETROLINA DE GOIAS,GO,2019,PEQUENO PORTE,2765321.7,12243199.92,31167020.599999998,,,,,,,False,False,False
PETROLINA DE GOIAS,GO,2020,PEQUENO PORTE,2991494.25,13940272.01,31944498.14,,,,,,,False,False,False
PETROLINA DE GOIAS,GO,2021,PEQUENO PORTE,3164131.47,16236075.1,30186416.759999998,,,,,,,False,False,False
PETROLINA DE GOIAS,GO,2022,PEQUENO PORTE,3690853.04,16106623.0,30972811.65,,,,,,,False,False,False
PETROLINA DE GOIAS,GO,2023,PEQUENO PORTE,5835696.11,16234531.34,31799486.47,,,,,,,False,False,False
PETROLINA DE GOIAS,GO,2024,PEQUENO PORTE,5358221.57,19129835.37,31567436.439999998,,,,,,,False,False,False
PETROPOLIS,RJ,2019,GRANDE PORTE,85549082.09,3220626.68,30099945.91,,,,,,,False,False,False
PETROPOLIS,RJ,2020,GRANDE PORTE,89790439.68,3644490.18,30259115.52,,,,,,,False,False,False
PETROPOLIS,RJ,2021,GRANDE PORTE,84700711.9,10300561.75,30788306.27,,,,,,,False,False,False
PETROPOLIS,RJ,2022,GRANDE PORTE,77988644.69,19090034.53,32766728.119999997,,,,,,,False,False,False
PETROPOLIS,RJ,2023,GRANDE PORTE,85746703.68,36235190.95,35349671.85,,,,,,,False,False,False
PETROPOLIS,RJ,2024,GRANDE PORTE,91156777.14,51004657.56,33674971.75,2024-03-14 00:00:00,2024-02-01 00:00:00,2024-02-23 00:00:00,I,,I,False,False,False
PIAUI,PI,2019,ESTADO/DF,990897043.85,3984640.81,30587207.48,,,,,,,False,False,False
PIAUI,PI,2020,ESTADO/DF,1073245320.48,10451398.95,30489274.21,,,,,,,False,False,False
PIAUI,PI,2021,ESTADO/DF,1136858508.37,64374642.26,31490539.86,,,,,,,False,False,False
PIAUI,PI,2022,ESTADO/DF,1282197836.36,76740828.17,38043952.57,,,,,,,False,False,False
PIAUI,PI,2023,ESTADO/DF,1335419750.34,102040247.27,46947323.22,,,,,,,False,False,False
PIAUI,PI,2024,ESTADO/DF,1380939960.39,125415502.87,48438691.519999996,2024-11-18 00:00:00,2024-09-30 00:00:00,,,,,False,False,False
PICOS,PI,2019,MÉDIO PORTE,14081324.9,57749029.61,36140126.06,,,,,,,False,False,False
PICOS,PI,2020,MÉDIO PORTE,12102500.18,69634635.95,33371526.61,,,,,,,False,False,False
PICOS,PI,2021,MÉDIO PORTE,18222804.72,80839984.46000001,30951159.52,,,,,,,False,False,False
PICOS,PI,2022,MÉDIO PORTE,21918348.99,95008294.4,39590377.72,,,,,,,False,False,False
PICOS,PI,2023,MÉDIO PORTE,23688172.66,116840356.41,45357622.98,,,,,,,False,False,False
PICOS,PI,2024,MÉDIO PORTE,26831739.0,139976857.99,37586664.55,2022-02-07 00:00:00,2021-12-14 00:00:00,,,,,False,False,False
PICUI,PB,2019,MÉDIO PORTE,4256176.04,5617203.24,30425508.669999998,,,,,,,False,False,False
PICUI,PB,2020,MÉDIO PORTE,4652481.45,6922038.83,30704976.43,,,,,,,False,False,False
PICUI,PB,2021,MÉDIO PORTE,6117494.11,7226201.07,30273008.08,,,,,,,False,False,False
PICUI,PB,2022,MÉDIO PORTE,6688000.09,8182566.95,30599381.91,,,,,,,False,False,False
PICUI,PB,2023,MÉDIO PORTE,7141898.77,8562701.56,31117198.72,,,,,,,False,False,False
PICUI,PB,2024,MÉDIO PORTE,9670347.13,11198942.17,30754482.33,,,,,,,False,False,False
PILOEZINHOS,PB,2019,PEQUENO PORTE,2990804.16,87183.93,29887451.849999998,,,,,,,False,False,False
PILOEZINHOS,PB,2020,PEQUENO PORTE,3954943.67,708636.61,29888584.099999998,,,,,,,False,False,False
PILOEZINHOS,PB,2021,PEQUENO PORTE,3982503.59,1550216.82,30219371.63,,,,,,,False,False,False
PILOEZINHOS,PB,2022,PEQUENO PORTE,3935054.33,2321119.95,30052584.46,,,,,,,False,False,False
PILOEZINHOS,PB,2023,PEQUENO PORTE,3431502.88,2162804.7,30056740.68,,,,,,,False,False,False
PILOEZINHOS,PB,2024,PEQUENO PORTE,2208024.32,871449.83,29903592.96,,,,,,,False,False,False
PINDOBA,AL,2019,PEQUENO PORTE,899439.63,1477790.15,30046079.919999998,,,,,,,False,False,False
PINDOBA,AL,2020,PEQUENO PORTE,1108549.74,1796964.88,30062097.09,,,,,,,False,False,False
PINDOBA,AL,2021,PEQUENO PORTE,1148075.23,3085013.55,29874573.99,,,,,,,False,False,False
PINDOBA,AL,2022,PEQUENO PORTE,1194366.86,3468120.15,30199458.07,,,,,,,False,False,False
PINDOBA,AL,2023,PEQUENO PORTE,1244708.8,4377195.12,30832556.22,,,,,,,False,False,False
PINDOBA,AL,2024,PEQUENO PORTE,913804.34,5786389.85,30398437.06,,,,,,,False,False,False
PINHAL,RS,2019,PEQUENO PORTE,1353861.35,16043031.85,31873371.97,,,,,,,False,False,False
PINHAL,RS,2020,PEQUENO PORTE,1299334.65,18260501.29,30906430.02,,,,,,,False,False,False
PINHAL,RS,2021,PEQUENO PORTE,1291340.73,19482630.91,29996688.48,,,,,,,False,False,False
PINHAL,RS,2022,PEQUENO PORTE,1378650.75,19714080.24,31798401.63,,,,,,,False,False,False
PINHAL,RS,2023,PEQUENO PORTE,1543545.46,21616391.72,32720411.11,,,,,,,False,False,False
PINHAL,RS,2024,PEQUENO PORTE,1906310.53,24045548.99,31625721.939999998,,,,,,,False,False,False
PINHAO,PR,2019,MÉDIO PORTE,6218500.05,80961432.24000001,40388815.68,,,,,,,False,False,False
PINHAO,PR,2020,MÉDIO PORTE,7150401.68,92197099.74,38973940.129999995,,,,,,,False,False,False
PINHAO,PR,2021,MÉDIO PORTE,7786853.84,101995918.46,30710280.919999998,,,,,,,False,False,False
PINHAO,PR,2022,MÉDIO PORTE,8977737.25,103299899.36,39562223.84,,,,,,,False,False,False
PINHAO,PR,2023,MÉDIO PORTE,10532234.88,115325270.41,45078378.58,,,,,,,False,False,False
PINHAO,PR,2024,MÉDIO PORTE,13463140.37,134680642.18,37661900.269999996,,,,,,,False,False,False
PINHEIRAL,RJ,2019,MÉDIO PORTE,5042733.86,43893285.04,36534823.71,,,,,,,False,False,False
PINHEIRAL,RJ,2020,MÉDIO PORTE,4803222.76,51844981.15000001,34229993.53,,,,,,,False,False,False
PINHEIRAL,RJ,2021,MÉDIO PORTE,8363763.73,59859807.27,33878864.85,,,,,,,False,False,False
PINHEIRAL,RJ,2022,MÉDIO PORTE,9837656.45,70099790.01,39187505.91,,,,,,,False,False,False
PINHEIRAL,RJ,2023,MÉDIO PORTE,7891998.81,85273567.85,42107216.46,,,,,,,False,False,False
PINHEIRAL,RJ,2024,MÉDIO PORTE,10302905.38,105502244.26,29862452.79,2024-05-23 00:00:00,2022-08-02 00:00:00,,,,,False,False,False
PINHEIRO PRETO,SC,2019,PEQUENO PORTE,1545706.61,9637541.05,30805136.06,,,,,,,False,False,False
PINHEIRO PRETO,SC,2020,PEQUENO PORTE,2013487.85,10826164.14,30391613.49,,,,,,,False,False,False
PINHEIRO PRETO,SC,2021,PEQUENO PORTE,2289829.27,11836648.28,30165704.93,,,,,,,False,False,False
PINHEIRO PRETO,SC,2022,PEQUENO PORTE,2570574.3,12418569.85,31176269.0,,,,,,,False,False,False
PINHEIRO PRETO,SC,2023,PEQUENO PORTE,3375578.89,13637738.1,31650257.45,,,,,,,False,False,False
PINHEIRO PRETO,SC,2024,PEQUENO PORTE,4302018.95,15797353.16,30951604.58,,,,,,,False,False,False
PINTOPOLIS,MG,2019,PEQUENO PORTE,1778128.86,14014883.51,32084547.9,,,,,,,False,False,False
PINTOPOLIS,MG,2020,PEQUENO PORTE,1580668.27,17253567.89,30054683.48,,,,,,,False,False,False
PINTOPOLIS,MG,2021,PEQUENO PORTE,2179646.98,19800461.08,30468952.04,,,,,,,False,False,False
PINTOPOLIS,MG,2022,PEQUENO PORTE,2647308.11,21287609.25,31591983.009999998,,,,,,,False,False,False
PINTOPOLIS,MG,2023,PEQUENO PORTE,3188869.79,24414840.69,33760175.22,,,,,,,False,False,False
PINTOPOLIS,MG,2024,PEQUENO PORTE,3203915.31,29889752.28,31312583.64,,,,,,,False,False,False
PIRACEMA,MG,2019,PEQUENO PORTE,1067045.7,6735456.560000001,30907441.869999997,,,,,,,False,False,False
PIRACEMA,MG,2020,PEQUENO PORTE,1437669.75,6778308.71,30279317.73,,,,,,,False,False,False
PIRACEMA,MG,2021,PEQUENO PORTE,1850733.88,7430960.68,29836723.24,,,,,,,False,False,False
PIRACEMA,MG,2022,PEQUENO PORTE,2350995.19,6298808.970000002,30234716.63,,,,,,,False,False,False
PIRACEMA,MG,2023,PEQUENO PORTE,3447922.94,5437616.27,30523742.02,,,,,,,False,False,False
PIRACEMA,MG,2024,PEQUENO PORTE,3721894.1,5336184.3,30115473.14,,,,,,,False,False,False
PIRAJUBA,MG,2019,PEQUENO PORTE,1917947.8,2303108.43,30062768.86,,,,,,,False,False,False
PIRAJUBA,MG,2020,PEQUENO PORTE,2202275.06,2573761.8,29964513.83,,,,,,,False,False,False
PIRAJUBA,MG,2021,PEQUENO PORTE,2417868.09,3170025.16,29926871.419999998,,,,,,,False,False,False
PIRAJUBA,MG,2022,PEQUENO PORTE,2967510.16,3902191.93,30268776.91,,,,,,,False,False,False
PIRAJUBA,MG,2023,PEQUENO PORTE,2544944.53,4816503.0,30492237.71,,,,,,,False,False,False
PIRAJUBA,MG,2024,PEQUENO PORTE,4051960.68,5243689.46,30271024.16,,,,,,,False,False,False
PIRANGA,MG,2019,PEQUENO PORTE,2169486.07,9603545.85,30771527.96,,,,,,,False,False,False
PIRANGA,MG,2020,PEQUENO PORTE,2414431.83,10675107.91,31833542.15,,,,,,,False,False,False
PIRANGA,MG,2021,PEQUENO PORTE,2570169.48,12971702.06,29808280.029999997,,,,,,,False,False,False
PIRANGA,MG,2022,PEQUENO PORTE,2861614.61,28299327.05,31352906.5,,,,,,,False,False,False
PIRANGA,MG,2023,PEQUENO PORTE,2920271.18,31536935.93,32257385.7,,,,,,,False,False,False
PIRANGA,MG,2024,PEQUENO PORTE,2924512.82,37123471.13,31715043.57,,,,,,,False,False,False
PIRANHAS,AL,2019,MÉDIO PORTE,5298256.72,22099499.52,30206968.599999998,,,,,,,False,False,False
PIRANHAS,AL,2020,MÉDIO PORTE,4033732.86,27506634.18,30556531.4,,,,,,,False,False,False
PIRANHAS,AL,2021,MÉDIO PORTE,5825332.6,29020876.23,30162535.81,,,,,,,False,False,False
PIRANHAS,AL,2022,MÉDIO PORTE,7039444.94,35594931.26000001,33474134.13,,,,,,,False,False,False
PIRANHAS,AL,2023,MÉDIO PORTE,6652157.44,42592798.54,35552460.7,,,,,,,False,False,False
PIRANHAS,AL,2024,MÉDIO PORTE,10516401.29,52786631.65,33902677.79,2022-11-01 00:00:00,2022-10-25 00:00:00,,,,,False,False,False
PIRAPO,RS,2019,PEQUENO PORTE,1587355.63,16907996.45,32433265.21,,,,,,,False,False,False
PIRAPO,RS,2020,PEQUENO PORTE,1790977.45,19681575.89,30796657.41,,,,,,,False,False,False
PIRAPO,RS,2021,PEQUENO PORTE,1903809.11,20824608.48,30021634.41,,,,,,,False,False,False
PIRAPO,RS,2022,PEQUENO PORTE,2102281.16,21098578.06,31903164.689999998,,,,,,,False,False,False
PIRAPO,RS,2023,PEQUENO PORTE,2500415.25,23016245.46,32919044.22,,,,,,,False,False,False
PIRAPO,RS,2024,PEQUENO PORTE,3084466.7,25749436.31,31782801.97,,,,,,,False,False,False
PIRAPORA,MG,2019,MÉDIO PORTE,8001115.6,30330752.93,32275572.59,,,,,,,False,False,False
PIRAPORA,MG,2020,MÉDIO PORTE,10918135.83,28130503.1,30103984.49,,,,,,,False,False,False
PIRAPORA,MG,2021,MÉDIO PORTE,22954308.05,19905717.02,30148680.52,,,,,,,False,False,False
PIRAPORA,MG,2022,MÉDIO PORTE,28687144.53,18290137.97,31942351.07,,,,,,,False,False,False
PIRAPORA,MG,2023,MÉDIO PORTE,24903778.42,29461113.44,32043744.689999998,,,,,,,False,False,False
PIRAPORA,MG,2024,MÉDIO PORTE,18653153.01,32738116.46,30256047.619999997,,,,,,,False,False,False
PIRAPORA DO BOM JESUS,SP,2019,MÉDIO PORTE,3082859.91,103083.11,29913115.869999997,,,,,,,False,False,False
PIRAPORA DO BOM JESUS,SP,2020,MÉDIO PORTE,4450865.78,455247.69,29899124.39,,,,,,,False,False,False
PIRAPORA DO BOM JESUS,SP,2021,MÉDIO PORTE,4768152.92,2218053.17,29906278.73,,,,,,,False,False,False
PIRAPORA DO BOM JESUS,SP,2022,MÉDIO PORTE,5505811.49,5021249.86,30554952.93,,,,,,,False,False,False
PIRAPORA DO BOM JESUS,SP,2023,MÉDIO PORTE,5960200.99,9528617.1,31463497.83,,,,,,,False,False,False
PIRAPORA DO BOM JESUS,SP,2024,MÉDIO PORTE,6747507.66,16249370.39,31552720.009999998,2023-12-12 00:00:00,2023-11-01 00:00:00,,,,,False,False,False
PIRATINI,RS,2019,MÉDIO PORTE,2444051.53,31254367.1,33369448.58,,,,,,,False,False,False
PIRATINI,RS,2020,MÉDIO PORTE,4384234.12,34747438.24,31290251.99,,,,,,,False,False,False
PIRATINI,RS,2021,MÉDIO PORTE,4855057.08,35993997.65000001,30641479.849999998,,,,,,,False,False,False
PIRATINI,RS,2022,MÉDIO PORTE,7351406.77,37645939.22,32093545.25,,,,,,,False,False,False
PIRATINI,RS,2023,MÉDIO PORTE,7791471.19,41498046.02,35796097.64,,,,,,,False,False,False
PIRATINI,RS,2024,MÉDIO PORTE,7578101.69,47641057.78,33812626.89,,,,,,,False,False,False
PIRATININGA,SP,2019,PEQUENO PORTE,4766763.96,17448218.49,32123646.88,,,,,,,False,False,False
PIRATININGA,SP,2020,PEQUENO PORTE,4314590.62,19897764.09,31173165.77,,,,,,,False,False,False
PIRATININGA,SP,2021,PEQUENO PORTE,4277619.54,21690424.28,30316729.919999998,,,,,,,False,False,False
PIRATININGA,SP,2022,PEQUENO PORTE,5184105.6,22500271.94,32048383.65,,,,,,,False,False,False
PIRATININGA,SP,2023,PEQUENO PORTE,6053435.2,26001606.88,33435144.9,,,,,,,False,False,False
PIRATININGA,SP,2024,PEQUENO PORTE,6567095.02,31996285.16,31656268.45,,,,,,,False,False,False
PIRES DO RIO,GO,2019,MÉDIO PORTE,9097843.32,5787376.96,30376999.36,,,,,,,False,False,False
PIRES DO RIO,GO,2020,MÉDIO PORTE,9261197.73,6750525.55,30911157.119999997,,,,,,,False,False,False
PIRES DO RIO,GO,2021,MÉDIO PORTE,12454960.8,8846591.04,30309254.29,,,,,,,False,False,False
PIRES DO RIO,GO,2022,MÉDIO PORTE,17354788.3,9954743.25,30760274.11,,,,,,,False,False,False
PIRES DO RIO,GO,2023,MÉDIO PORTE,22945986.19,12309260.49,32026816.07,,,,,,,False,False,False
PIRES DO RIO,GO,2024,MÉDIO PORTE,23730174.54,22879453.6,32209787.16,,,,,,,False,False,False
PITANGUEIRAS,SP,2019,MÉDIO PORTE,10209354.33,79661732.93,39380338.739999995,,,,,,,False,False,False
PITANGUEIRAS,SP,2020,MÉDIO PORTE,11365286.17,93420128.68,35576868.74,,,,,,,False,False,False
PITANGUEIRAS,SP,2021,MÉDIO PORTE,13100309.07,103860795.46,29052022.3,,,,,,,False,False,False
PITANGUEIRAS,SP,2022,MÉDIO PORTE,16225161.06,110993501.61,38000916.49,,,,,,,False,False,False
PITANGUEIRAS,SP,2023,MÉDIO PORTE,19806647.53,126460080.34,48544600.17,,,,,,,False,False,False
PITANGUEIRAS,SP,2024,MÉDIO PORTE,20965861.51,154085666.9,35250790.129999995,2021-04-22 00:00:00,2021-04-05 00:00:00,,,,,False,False,False
PITANGUI,MG,2019,PEQUENO PORTE,2342852.71,11111977.45,31084041.96,,,,,,,False,False,False
PITANGUI,MG,2020,PEQUENO PORTE,3121610.66,11086473.44,31027452.009999998,,,,,,,False,False,False
PITANGUI,MG,2021,MÉDIO PORTE,3760198.89,11961861.8,30125981.04,,,,,,,False,False,False
PITANGUI,MG,2022,MÉDIO PORTE,4848392.97,12331430.02,30734943.33,,,,,,,False,False,False
PITANGUI,MG,2023,MÉDIO PORTE,5343734.87,14208665.5,32637622.16,,,,,,,False,False,False
PITANGUI,MG,2024,PEQUENO PORTE,6702464.16,17750689.4,30714688.41,,,,,,,False,False,False
POCO FUNDO,MG,2019,PEQUENO PORTE,4244336.21,25677076.49,32969233.24,,,,,,,False,False,False
POCO FUNDO,MG,2020,PEQUENO PORTE,4573378.69,30292724.85,30091293.47,,,,,,,False,False,False
POCO FUNDO,MG,2021,PEQUENO PORTE,4899763.31,30736446.29,29890325.13,,,,,,,False,False,False
POCO FUNDO,MG,2022,PEQUENO PORTE,5933689.73,29185136.47,29939842.439999998,,,,,,,False,False,False
POCO FUNDO,MG,2023,PEQUENO PORTE,6624647.94,29183036.17,29862452.79,,,,,,,False,False,False
POCO FUNDO,MG,2024,PEQUENO PORTE,8750856.59,31245017.56,29937113.56,,,,,,,False,False,False
POMERODE,SC,2019,MÉDIO PORTE,11824305.47,81251749.02,40951662.34,,,,,,,False,False,False
POMERODE,SC,2020,MÉDIO PORTE,13150836.1,94235273.45,36493216.68,,,,,,,False,False,False
POMERODE,SC,2021,MÉDIO PORTE,14690965.04,104093833.95,30312613.189999998,,,,,,,False,False,False
POMERODE,SC,2022,MÉDIO PORTE,17494901.17,108044566.66,29609391.169999998,,,,,,,False,False,False
POMERODE,SC,2023,MÉDIO PORTE,21897768.07,119668034.39,33616186.55,,,,,,,False,False,False
POMERODE,SC,2024,MÉDIO PORTE,25682376.53,143100256.78,33881518.46,2020-11-26 00:00:00,2020-11-20 00:00:00,,,,,False,False,False
PONTA PORA,MS,2019,MÉDIO PORTE,17272118.87,119779964.1,48790006.56,,,,,,,False,False,False
PONTA PORA,MS,2020,MÉDIO PORTE,17081079.62,137152933.11,37660390.49,,,,,,,False,False,False
PONTA PORA,MS,2021,MÉDIO PORTE,18204484.64,140021120.1,32463444.72,,,,,,,False,False,False
PONTA PORA,MS,2022,MÉDIO PORTE,26387522.74,143332065.24,48388818.019999996,,,,,,,False,False,False
PONTA PORA,MS,2023,MÉDIO PORTE,31497448.34,156494598.78,50251625.480000004,,,,,,,False,False,False
PONTA PORA,MS,2024,MÉDIO PORTE,39200351.96,166207859.79,40506787.87,,,,,,,False,False,False
PONTAL DO ARAGUAIA,MT,2019,PEQUENO PORTE,1748680.49,14366275.06,31895129.64,,,,,,,False,False,False
PONTAL DO ARAGUAIA,MT,2020,PEQUENO PORTE,1080188.29,17338299.41,30859642.24,,,,,,,False,False,False
PONTAL DO ARAGUAIA,MT,2021,PEQUENO PORTE,1856893.47,18948794.28,29717001.099999998,,,,,,,False,False,False
PONTAL DO ARAGUAIA,MT,2022,PEQUENO PORTE,2198595.86,19842758.44,31463407.74,,,,,,,False,False,False
PONTAL DO ARAGUAIA,MT,2023,PEQUENO PORTE,2896336.75,22226576.61,32980992.419999998,,,,,,,False,False,False
PONTAL DO ARAGUAIA,MT,2024,PEQUENO PORTE,3017761.35,26393689.0,30888752.72,,,,,,,False,False,False
PONTALINDA,SP,2019,PEQUENO PORTE,1930961.93,15728482.3,31145561.79,,,,,,,False,False,False
PONTALINDA,SP,2020,PEQUENO PORTE,2156357.42,17483299.17,30830405.34,,,,,,,False,False,False
PONTALINDA,SP,2021,PEQUENO PORTE,2430303.94,19632554.78,30490793.119999997,,,,,,,False,False,False
PONTALINDA,SP,2022,PEQUENO PORTE,2620640.89,22420508.72,32532521.02,,,,,,,False,False,False
PONTALINDA,SP,2023,PEQUENO PORTE,2224017.16,26312675.18,34273103.379999995,,,,,,,False,False,False
PONTALINDA,SP,2024,PEQUENO PORTE,2265130.84,30309946.71,32478341.38,2024-05-10 00:00:00,2024-05-09 00:00:00,,,,,False,False,False
PONTAO,RS,2019,PEQUENO PORTE,2664424.71,22027210.95,31956074.82,,,,,,,False,False,False
PONTAO,RS,2020,PEQUENO PORTE,2879347.06,25505226.45,30840070.25,,,,,,,False,False,False
PONTAO,RS,2021,PEQUENO PORTE,3226317.59,28842388.64,30946634.419999998,,,,,,,False,False,False
PONTAO,RS,2022,PEQUENO PORTE,2480340.22,31271070.94,32992566.97,,,,,,,False,False,False
PONTAO,RS,2023,PEQUENO PORTE,2884672.97,36867861.3,34426195.56,,,,,,,False,False,False
PONTAO,RS,2024,PEQUENO PORTE,2934123.19,42802526.79,33227062.06,,,,,,,False,False,False
PONTES E LACERDA,MT,2019,MÉDIO PORTE,8342127.93,44912303.53999999,36846726.68,,,,,,,False,False,False
PONTES E LACERDA,MT,2020,MÉDIO PORTE,9431346.16,55038627.64,32675691.549999997,,,,,,,False,False,False
PONTES E LACERDA,MT,2021,MÉDIO PORTE,9239346.74,60699969.45,29752096.58,,,,,,,False,False,False
PONTES E LACERDA,MT,2022,MÉDIO PORTE,11235888.75,62866915.83,35423880.519999996,,,,,,,False,False,False
PONTES E LACERDA,MT,2023,MÉDIO PORTE,19727902.6,70868537.68,40823379.68,,,,,,,False,False,False
PONTES E LACERDA,MT,2024,MÉDIO PORTE,21530276.95,91129257.76,34023860.72,,,,,,,False,False,False
POPULINA,SP,2019,PEQUENO PORTE,2595431.09,3785090.62,30226811.64,,,,,,,False,False,False
POPULINA,SP,2020,PEQUENO PORTE,2943205.93,3287407.68,30027028.13,,,,,,,False,False,False
POPULINA,SP,2021,PEQUENO PORTE,3450164.9,5123411.65,29901412.15,,,,,,,False,False,False
POPULINA,SP,2022,PEQUENO PORTE,3720251.84,34015104.58000001,30501351.88,,,,,,,False,False,False
POPULINA,SP,2023,PEQUENO PORTE,4260769.25,7808287.53,30715674.77,,,,,,,False,False,False
POPULINA,SP,2024,PEQUENO PORTE,1121367.76,7771272.18,30377186.65,,,,,,,False,False,False
PORTALEGRE,RN,2019,PEQUENO PORTE,1805682.48,3709506.44,30208872.81,,,,,,,False,False,False
PORTALEGRE,RN,2020,PEQUENO PORTE,1975341.76,4045778.03,30215836.48,,,,,,,False,False,False
PORTALEGRE,RN,2021,PEQUENO PORTE,2205077.45,4723202.140000001,29979505.7,,,,,,,False,False,False
PORTALEGRE,RN,2022,PEQUENO PORTE,3212525.04,4659291.45,30272017.32,,,,,,,False,False,False
PORTALEGRE,RN,2023,PEQUENO PORTE,3845838.21,6486109.52,30772039.61,,,,,,,False,False,False
PORTALEGRE,RN,2024,PEQUENO PORTE,4442778.21,8729373.88,30724521.279999997,,,,,,,False,False,False
PORTAO,RS,2019,MÉDIO PORTE,11244870.37,121371966.21,45882976.45,,,,,,,False,False,False
PORTAO,RS,2020,MÉDIO PORTE,11672866.39,140785094.78,35975598.57,,,,,,,False,False,False
PORTAO,RS,2021,MÉDIO PORTE,10697768.45,149434457.12,30316897.06,,,,,,,False,False,False
PORTAO,RS,2022,MÉDIO PORTE,13152367.54,152194580.85,43139374.39,,,,,,,False,False,False
PORTAO,RS,2023,MÉDIO PORTE,14959722.95,163564934.65,49567613.68,,,,,,,False,False,False
PORTAO,RS,2024,MÉDIO PORTE,16855926.67,185284667.22,42487243.3,,,,,,,False,False,False
PORTEIRAO,GO,2019,PEQUENO PORTE,1184024.7,6860408.419999999,30658153.91,,,,,,,False,False,False
PORTEIRAO,GO,2020,PEQUENO PORTE,1209815.62,7862408.41,30390191.09,,,,,,,False,False,False
PORTEIRAO,GO,2021,PEQUENO PORTE,1451253.65,8436387.19,30102640.73,,,,,,,False,False,False
PORTEIRAO,GO,2022,PEQUENO PORTE,2110491.49,8785685.280000001,30679893.23,,,,,,,False,False,False
PORTEIRAO,GO,2023,PEQUENO PORTE,2199802.07,9932072.08,31097948.439999998,,,,,,,False,False,False
PORTEIRAO,GO,2024,PEQUENO PORTE,2345802.81,11517740.52,30959239.15,,,,,,,False,False,False
PORTO BELO,SC,2019,MÉDIO PORTE,4863262.78,18145450.63,31908692.849999998,,,,,,,False,False,False
PORTO BELO,SC,2020,MÉDIO PORTE,6586607.5,22356495.79,32138874.53,,,,,,,False,False,False
PORTO BELO,SC,2021,MÉDIO PORTE,8273124.39,27143999.85,31379200.8,,,,,,,False,False,False
PORTO BELO,SC,2022,MÉDIO PORTE,11739042.92,32398362.1,33809056.85,,,,,,,False,False,False
PORTO BELO,SC,2023,MÉDIO PORTE,14551053.26,43186272.28,36270080.47,,,,,,,False,False,False
PORTO BELO,SC,2024,MÉDIO PORTE,18656024.61,58697568.07,34063159.99,2021-10-05 00:00:00,2021-09-29 00:00:00,,,,,False,False,False
PORTO ESPERIDIAO,MT,2019,PEQUENO PORTE,3655327.87,20877358.62,32136394.2,,,,,,,False,False,False
PORTO ESPERIDIAO,MT,2020,PEQUENO PORTE,3729234.86,24284119.33,31151563.32,,,,,,,False,False,False
PORTO ESPERIDIAO,MT,2021,PEQUENO PORTE,4457921.54,27367785.88,30380419.98,,,,,,,False,False,False
PORTO ESPERIDIAO,MT,2022,PEQUENO PORTE,4871086.68,29512367.62,32773212.06,,,,,,,False,False,False
PORTO ESPERIDIAO,MT,2023,PEQUENO PORTE,6004982.18,34018797.68,35251217.7,,,,,,,False,False,False
PORTO ESPERIDIAO,MT,2024,PEQUENO PORTE,8610868.11,41871099.84,32066351.33,,,,,,,False,False,False
PORTO FERREIRA,SP,2019,MÉDIO PORTE,22752072.5,141991260.14,54728207.09,,,,,,,False,False,False
PORTO FERREIRA,SP,2020,MÉDIO PORTE,24648800.03,172925499.86,33933914.19,,,,,,,False,False,False
PORTO FERREIRA,SP,2021,MÉDIO PORTE,24757047.81,176112635.91,27112846.549999997,,,,,,,False,False,False
PORTO FERREIRA,SP,2022,MÉDIO PORTE,29166420.89,174998596.66,38795003.11,,,,,,,False,False,False
PORTO FERREIRA,SP,2023,MÉDIO PORTE,36910302.69,183682606.66,52461088.95,,,,,,,False,False,False
PORTO FERREIRA,SP,2024,MÉDIO PORTE,35310133.73,209638994.16,43863838.22,,,,,,,False,False,False
PORTO LUCENA,RS,2019,PEQUENO PORTE,1888300.27,13176988.54,32181101.09,,,,,,,False,False,False
PORTO LUCENA,RS,2020,PEQUENO PORTE,2144105.78,15127442.81,30684382.32,,,,,,,False,False,False
PORTO LUCENA,RS,2021,PEQUENO PORTE,2366534.43,15784139.62,29770445.99,,,,,,,False,False,False
PORTO LUCENA,RS,2022,PEQUENO PORTE,3210273.1,15993851.78,31458512.68,,,,,,,False,False,False
PORTO LUCENA,RS,2023,PEQUENO PORTE,3358116.03,17425788.53,32424423.299999997,,,,,,,False,False,False
PORTO LUCENA,RS,2024,PEQUENO PORTE,3730611.63,19989158.07,30774227.3,,,,,,,False,False,False
PORTO MAUA,RS,2019,PEQUENO PORTE,874228.46,12050885.88,30773856.369999997,,,,,,,False,False,False
PORTO MAUA,RS,2020,PEQUENO PORTE,1148033.78,13254607.23,30485803.29,,,,,,,False,False,False
PORTO MAUA,RS,2021,PEQUENO PORTE,1186710.81,14144387.89,30460486.119999997,,,,,,,False,False,False
PORTO MAUA,RS,2022,PEQUENO PORTE,1493821.0,14737738.29,31467595.13,,,,,,,False,False,False
PORTO MAUA,RS,2023,PEQUENO PORTE,1272575.63,16767505.42,31955923.279999997,,,,,,,False,False,False
PORTO MAUA,RS,2024,PEQUENO PORTE,1735082.04,19279432.77,31543957.279999997,,,,,,,False,False,False
PORTO UNIAO,SC,2019,MÉDIO PORTE,5380586.73,65327962.34,38441812.62,,,,,,,False,False,False
PORTO UNIAO,SC,2020,MÉDIO PORTE,6062925.67,74324071.92,37718368.53,,,,,,,False,False,False
PORTO UNIAO,SC,2021,MÉDIO PORTE,6535963.26,78347944.09,33278889.74,,,,,,,False,False,False
PORTO UNIAO,SC,2022,MÉDIO PORTE,7875040.82,84815292.63000001,37704082.839999996,,,,,,,False,False,False
PORTO UNIAO,SC,2023,MÉDIO PORTE,9640463.34,88089709.56,42378378.1,,,,,,,False,False,False
PORTO UNIAO,SC,2024,MÉDIO PORTE,10194333.04,98885567.55,39211530.81,2019-10-01 00:00:00,2019-09-25 00:00:00,2021-01-21 00:00:00,I,2023-12-20 00:00:00,I,False,False,False
PORTO VERA CRUZ,RS,2019,PEQUENO PORTE,1317138.13,14267326.67,31104844.529999997,,,,,,,False,False,False
PORTO VERA CRUZ,RS,2020,PEQUENO PORTE,1329822.04,16441900.01,30680139.68,,,,,,,False,False,False
PORTO VERA CRUZ,RS,2021,PEQUENO PORTE,1246507.53,17362432.5,30211691.91,,,,,,,False,False,False
PORTO VERA CRUZ,RS,2022,PEQUENO PORTE,1497806.04,18099407.23,31739934.7,,,,,,,False,False,False
PORTO VERA CRUZ,RS,2023,PEQUENO PORTE,1887667.28,20010414.21,32565732.27,,,,,,,False,False,False
PORTO VERA CRUZ,RS,2024,PEQUENO PORTE,2675323.18,22679252.92,31392881.349999998,,,,,,,False,False,False
POSSE,GO,2019,MÉDIO PORTE,7348615.79,16057103.35,31620701.689999998,,,,,,,False,False,False
POSSE,GO,2020,MÉDIO PORTE,6858042.47,13969350.18,30527457.09,,,,,,,False,False,False
POSSE,GO,2021,MÉDIO PORTE,10652150.58,13927087.0,30007267.14,,,,,,,False,False,False
POSSE,GO,2022,MÉDIO PORTE,12191751.35,14120267.96,31220560.779999997,,,,,,,False,False,False
POSSE,GO,2023,MÉDIO PORTE,17863879.85,15248882.91,32083522.61,,,,,,,False,False,False
POSSE,GO,2024,MÉDIO PORTE,18500110.88,20737344.96,30830480.759999998,,,,,,,False,False,False
POTIRENDABA,SP,2019,MÉDIO PORTE,4096621.62,23999053.91,29862452.79,,,,,,,False,False,False
POTIRENDABA,SP,2020,MÉDIO PORTE,4179692.35,28626302.33,31203156.33,,,,,,,False,False,False
POTIRENDABA,SP,2021,MÉDIO PORTE,11336933.65,32453610.49,29884830.18,,,,,,,False,False,False
POTIRENDABA,SP,2022,MÉDIO PORTE,12323687.79,37090659.41,33061391.23,,,,,,,False,False,False
POTIRENDABA,SP,2023,MÉDIO PORTE,13402785.88,47080225.98,30822468.8,,,,,,,False,False,False
POTIRENDABA,SP,2024,MÉDIO PORTE,13394554.26,61479425.05,29862452.79,,,,,,,False,False,False
PRESIDENTE FIGUEIREDO,AM,2019,MÉDIO PORTE,13632217.84,82831264.91,37931589.57,,,,,,,False,False,False
PRESIDENTE FIGUEIREDO,AM,2020,MÉDIO PORTE,13915978.62,100137705.92,36692067.03,,,,,,,False,False,False
PRESIDENTE FIGUEIREDO,AM,2021,MÉDIO PORTE,14081484.93,110854944.96,34579916.15,,,,,,,False,False,False
PRESIDENTE FIGUEIREDO,AM,2022,MÉDIO PORTE,14201201.24,127106345.63,39377468.379999995,,,,,,,False,False,False
PRESIDENTE FIGUEIREDO,AM,2023,MÉDIO PORTE,13820398.35,140219780.45,50940184.81,,,,,,,False,False,False
PRESIDENTE FIGUEIREDO,AM,2024,MÉDIO PORTE,10900127.59,167931391.48,48441969.67,,,,,,,False,False,False
PRESIDENTE LUCENA,RS,2019,PEQUENO PORTE,1510788.2,6719235.42,30611388.349999998,,,,,,,False,False,False
PRESIDENTE LUCENA,RS,2020,PEQUENO PORTE,1781476.27,8514777.82,30355142.279999997,,,,,,,False,False,False
PRESIDENTE LUCENA,RS,2021,PEQUENO PORTE,2010628.77,10409406.77,30136864.38,,,,,,,False,False,False
PRESIDENTE LUCENA,RS,2022,PEQUENO PORTE,2453327.19,12300737.75,31197714.45,,,,,,,False,False,False
PRESIDENTE LUCENA,RS,2023,PEQUENO PORTE,2815706.08,15388673.98,32031864.619999997,,,,,,,False,False,False
PRESIDENTE LUCENA,RS,2024,PEQUENO PORTE,3070868.29,19474640.72,31210152.279999997,,,,,,,False,False,False
PRESIDENTE OLEGARIO,MG,2019,MÉDIO PORTE,4697731.99,10070950.55,30650465.34,,,,,,,False,False,False
PRESIDENTE OLEGARIO,MG,2020,MÉDIO PORTE,5286685.93,9703394.6,30262828.669999998,,,,,,,False,False,False
PRESIDENTE OLEGARIO,MG,2021,MÉDIO PORTE,5606456.22,7985314.95,30071979.88,,,,,,,False,False,False
PRESIDENTE OLEGARIO,MG,2022,MÉDIO PORTE,6166285.83,6306781.32,30431993.65,,,,,,,False,False,False
PRESIDENTE OLEGARIO,MG,2023,MÉDIO PORTE,7474631.93,6768598.75,30734231.61,,,,,,,False,False,False
PRESIDENTE OLEGARIO,MG,2024,MÉDIO PORTE,8731182.01,5015848.88,30419071.39,,,,,,,False,False,False
PRESIDENTE VENCESLAU,SP,2019,MÉDIO PORTE,17654655.89,1954837.37,29882374.52,,,,,,,False,False,False
PRESIDENTE VENCESLAU,SP,2020,MÉDIO PORTE,12986746.76,1565395.22,29872688.74,,,,,,,False,False,False
PRESIDENTE VENCESLAU,SP,2021,MÉDIO PORTE,9241765.8,2269944.39,29866141.599999998,,,,,,,False,False,False
PRESIDENTE VENCESLAU,SP,2022,MÉDIO PORTE,11022091.36,2943877.69,29952683.91,,,,,,,False,False,False
PRESIDENTE VENCESLAU,SP,2023,MÉDIO PORTE,30150691.67,7021605.6,30295278.59,,,,,,,False,False,False
PRESIDENTE VENCESLAU,SP,2024,MÉDIO PORTE,36710789.39,13484368.92,29862452.79,,,,,,,False,False,False
PRINCESA ISABEL,PB,2019,MÉDIO PORTE,3999679.44,71497.90000000001,29869825.29,,,,,,,False,False,False
PRINCESA ISABEL,PB,2020,MÉDIO PORTE,5481548.56,511697.87,29870490.39,,,,,,,False,False,False
PRINCESA ISABEL,PB,2021,MÉDIO PORTE,5352076.39,433265.18,29879034.439999998,,,,,,,False,False,False
PRINCESA ISABEL,PB,2022,MÉDIO PORTE,6636413.81,902917.7,30014854.88,,,,,,,False,False,False
PRINCESA ISABEL,PB,2023,MÉDIO PORTE,6799981.49,1748696.11,30178950.759999998,,,,,,,False,False,False
PRINCESA ISABEL,PB,2024,MÉDIO PORTE,5252924.6,3347552.42,30161937.419999998,,,,,,,False,False,False
PRUDENTOPOLIS,PR,2019,MÉDIO PORTE,9299357.27,82014269.69000001,41956527.129999995,,,,,,,False,False,False
PRUDENTOPOLIS,PR,2020,MÉDIO PORTE,10081174.97,94094729.41,39652008.33,,,,,,,False,False,False
PRUDENTOPOLIS,PR,2021,MÉDIO PORTE,10577513.96,101662334.29,34114620.18,,,,,,,False,False,False
PRUDENTOPOLIS,PR,2022,MÉDIO PORTE,12350781.59,101490106.77,39722923.54,,,,,,,False,False,False
PRUDENTOPOLIS,PR,2023,MÉDIO PORTE,13843426.13,112109584.25,46656218.09,,,,,,,False,False,False
PRUDENTOPOLIS,PR,2024,MÉDIO PORTE,16401100.3,131115160.66,38656711.71,2024-08-06 00:00:00,2024-07-30 00:00:00,,,,,False,False,False
PUTINGA,RS,2019,PEQUENO PORTE,2039821.12,10696405.26,31091778.68,,,,,,,False,False,False
PUTINGA,RS,2020,PEQUENO PORTE,2312026.53,12062897.37,30833291.13,,,,,,,False,False,False
PUTINGA,RS,2021,PEQUENO PORTE,2370653.42,13003812.56,30304122.95,,,,,,,False,False,False
PUTINGA,RS,2022,PEQUENO PORTE,2767242.12,13413304.2,31056056.88,,,,,,,False,False,False
PUTINGA,RS,2023,PEQUENO PORTE,3135672.43,13897725.45,31781846.58,,,,,,,False,False,False
PUTINGA,RS,2024,PEQUENO PORTE,4122883.63,15761821.46,31149103.08,,,,,,,False,False,False
QUARTEL GERAL,MG,2019,PEQUENO PORTE,1150276.25,10140889.85,31407521.81,,,,,,,False,False,False
QUARTEL GERAL,MG,2020,PEQUENO PORTE,1171927.87,12061622.45,30493843.66,,,,,,,False,False,False
QUARTEL GERAL,MG,2021,PEQUENO PORTE,1203545.33,13221853.49,29942567.8,,,,,,,False,False,False
QUARTEL GERAL,MG,2022,PEQUENO PORTE,1428617.46,13121884.51,30935485.06,,,,,,,False,False,False
QUARTEL GERAL,MG,2023,PEQUENO PORTE,1479491.53,14079585.92,31748430.15,,,,,,,False,False,False
QUARTEL GERAL,MG,2024,PEQUENO PORTE,1440545.54,14953351.67,30353666.34,,,,,,,False,False,False
QUATA,SP,2019,MÉDIO PORTE,4605593.07,5773882.14,30711023.83,,,,,,,False,False,False
QUATA,SP,2020,MÉDIO PORTE,5346784.37,6928849.1,30313636.57,,,,,,,False,False,False
QUATA,SP,2021,MÉDIO PORTE,4747824.18,8618213.77,29982855.099999998,,,,,,,False,False,False
QUATA,SP,2022,MÉDIO PORTE,5438325.21,9919492.14,30522667.86,,,,,,,False,False,False
QUATA,SP,2023,MÉDIO PORTE,6058585.24,11798354.76,31725592.369999997,,,,,,,False,False,False
QUATA,SP,2024,MÉDIO PORTE,8197068.9,15447506.55,31583700.46,,,,,,,False,False,False
QUATIS,RJ,2019,MÉDIO PORTE,4282295.57,31135024.96,34388777.47,,,,,,,False,False,False
QUATIS,RJ,2020,MÉDIO PORTE,4689679.27,37697082.15000001,32243778.669999998,,,,,,,False,False,False
QUATIS,RJ,2021,MÉDIO PORTE,4913456.58,42979141.63,31113397.189999998,,,,,,,False,False,False
QUATIS,RJ,2022,MÉDIO PORTE,6470508.61,46902050.37,33088047.77,,,,,,,False,False,False
QUATIS,RJ,2023,MÉDIO PORTE,7390894.34,52758944.79,33616684.42,,,,,,,False,False,False
QUATIS,RJ,2024,MÉDIO PORTE,9576545.17,59023894.08,33200182.2,2022-03-15 00:00:00,2022-03-15 00:00:00,2022-06-23 00:00:00,I,,I,False,False,False
QUATRO BARRAS,PR,2019,MÉDIO PORTE,5878410.8,54702023.85,29862452.79,,,,,,,False,False,False
QUATRO BARRAS,PR,2020,MÉDIO PORTE,6924763.79,64916581.3,29862452.79,,,,,,,False,False,False
QUATRO BARRAS,PR,2021,MÉDIO PORTE,8380957.33,68782191.76,29862452.79,,,,,,,False,False,False
QUATRO BARRAS,PR,2022,MÉDIO PORTE,9617234.13,70437905.01,29862452.79,,,,,,,False,False,False
QUATRO BARRAS,PR,2023,MÉDIO PORTE,10082786.79,80806138.98,34511949.64,,,,,,,False,False,False
QUATRO BARRAS,PR,2024,MÉDIO PORTE,11402285.53,95172089.85,35242161.58,2021-10-04 00:00:00,2021-07-28 00:00:00,2022-12-09 00:00:00,I,,I,False,False,False
QUEIMADAS,PB,2019,MÉDIO PORTE,12804903.33,5250778.41,30471783.3,,,,,,,False,False,False
QUEIMADAS,PB,2020,MÉDIO PORTE,14388727.32,9073679.19,30009995.63,,,,,,,False,False,False
QUEIMADAS,PB,2021,MÉDIO PORTE,16216147.58,12114151.2,29862452.79,,,,,,,False,False,False
QUEIMADAS,PB,2022,MÉDIO PORTE,19671361.14,17808988.79,29862452.79,,,,,,,False,False,False
QUEIMADAS,PB,2023,MÉDIO PORTE,19258943.36,31871941.04,29862452.79,,,,,,,False,False,False
QUEIMADAS,PB,2024,MÉDIO PORTE,19220655.5,42709225.73,29862452.79,2024-12-17 00:00:00,2024-12-10 00:00:00,,,,,False,False,False
QUEIMADOS,RJ,2019,MÉDIO PORTE,21164844.42,84456727.56,44208834.28,,,,,,,False,False,False
QUEIMADOS,RJ,2020,MÉDIO PORTE,14302106.19,94438878.74,41932175.2,,,,,,,False,False,False
QUEIMADOS,RJ,2021,MÉDIO PORTE,27465506.55,90250900.89,34564171.9,,,,,,,False,False,False
QUEIMADOS,RJ,2022,MÉDIO PORTE,32796348.17,86296981.82000001,41097902.93,,,,,,,False,False,False
QUEIMADOS,RJ,2023,MÉDIO PORTE,35625481.42,116772245.95,50932851.269999996,,,,,,,False,False,False
QUEIMADOS,RJ,2024,MÉDIO PORTE,36190412.93,145600126.79,44082170.59,2023-07-19 00:00:00,2023-07-19 00:00:00,,,,,False,False,False
QUEVEDOS,RS,2019,PEQUENO PORTE,1766567.68,16164070.02,32827691.27,,,,,,,False,False,False
QUEVEDOS,RS,2020,PEQUENO PORTE,2185639.66,19349101.6,31058517.81,,,,,,,False,False,False
QUEVEDOS,RS,2021,PEQUENO PORTE,2531362.09,20237420.51,29994677.47,,,,,,,False,False,False
QUEVEDOS,RS,2022,PEQUENO PORTE,2822439.94,20225900.57,31545189.65,,,,,,,False,False,False
QUEVEDOS,RS,2023,PEQUENO PORTE,3110297.9,22280683.25,33079086.08,,,,,,,False,False,False
QUEVEDOS,RS,2024,PEQUENO PORTE,1950595.97,25235580.02,30947625.54,,,,,,,False,False,False
QUINZE DE NOVEMBRO,RS,2019,PEQUENO PORTE,1881472.94,14149422.36,31561387.08,,,,,,,False,False,False
QUINZE DE NOVEMBRO,RS,2020,PEQUENO PORTE,1956411.45,15949615.93,30708868.91,,,,,,,False,False,False
QUINZE DE NOVEMBRO,RS,2021,PEQUENO PORTE,2149685.34,17599697.17,30406609.849999998,,,,,,,False,False,False
QUINZE DE NOVEMBRO,RS,2022,PEQUENO PORTE,2714595.43,18153205.9,31629898.75,,,,,,,False,False,False
QUINZE DE NOVEMBRO,RS,2023,PEQUENO PORTE,3301156.16,20425522.6,32842683.96,,,,,,,False,False,False
QUINZE DE NOVEMBRO,RS,2024,PEQUENO PORTE,3857943.14,24193843.78,31060049.52,,,,,,,False,False,False
QUIPAPA,PE,2019,MÉDIO PORTE,5910147.74,6045.99,29862452.79,,,,,,,False,False,False
QUIPAPA,PE,2020,MÉDIO PORTE,6432298.65,326.88,29862452.79,,,,,,,False,False,False
QUIPAPA,PE,2021,MÉDIO PORTE,6081163.22,238.01,29862452.79,,,,,,,False,False,False
QUIPAPA,PE,2022,MÉDIO PORTE,6982775.19,385107.41,29862452.79,,,,,,,False,False,False
QUIPAPA,PE,2023,MÉDIO PORTE,8222027.68,86610.78,29868750.81,,,,,,,False,False,False
QUIPAPA,PE,2024,MÉDIO PORTE,5283266.31,510587.35,29863780.18,,,,,,,False,False,False
QUIXABA,PE,2019,PEQUENO PORTE,3179551.84,7628257.64,30599583.95,,,,,,,False,False,False
QUIXABA,PE,2020,PEQUENO PORTE,3684624.63,9198354.43,30163151.7,,,,,,,False,False,False
QUIXABA,PE,2021,PEQUENO PORTE,3490451.42,10765258.73,30115821.98,,,,,,,False,False,False
QUIXABA,PE,2022,PEQUENO PORTE,5005831.53,11864925.92,31164667.84,,,,,,,False,False,False
QUIXABA,PE,2023,PEQUENO PORTE,6373664.42,14854545.14,31833318.07,,,,,,,False,False,False
QUIXABA,PE,2024,PEQUENO PORTE,6329604.61,17452027.79,31198495.14,,,,,,,False,False,False
RAFARD,SP,2019,PEQUENO PORTE,3200880.4,29473146.98,33101238.88,,,,,,,False,False,False
RAFARD,SP,2020,PEQUENO PORTE,4492593.19,32657290.24,32024034.61,,,,,,,False,False,False
RAFARD,SP,2021,PEQUENO PORTE,4935966.58,35672810.95,30644483.09,,,,,,,False,False,False
RAFARD,SP,2022,PEQUENO PORTE,6391612.86,37529410.15000001,33414558.669999998,,,,,,,False,False,False
RAFARD,SP,2023,PEQUENO PORTE,5237647.57,42746586.26,35078825.95,,,,,,,False,False,False
RAFARD,SP,2024,PEQUENO PORTE,6790176.38,47620592.85,32975447.11,2024-07-15 00:00:00,2024-07-09 00:00:00,2024-06-04 00:00:00,I,,I,False,False,False
RANCHO ALEGRE D'OESTE,PR,2019,PEQUENO PORTE,2346762.94,18931622.39,31245832.14,,,,,,,False,False,False
RANCHO ALEGRE D'OESTE,PR,2020,PEQUENO PORTE,2836974.5,20871571.89,31092968.34,,,,,,,False,False,False
RANCHO ALEGRE D'OESTE,PR,2021,PEQUENO PORTE,2074858.43,23043906.92,30706378.81,,,,,,,False,False,False
RANCHO ALEGRE D'OESTE,PR,2022,PEQUENO PORTE,2280748.72,24561476.76,32230839.45,,,,,,,False,False,False
RANCHO ALEGRE D'OESTE,PR,2023,PEQUENO PORTE,2345348.99,27776613.78,33168455.53,,,,,,,False,False,False
RANCHO ALEGRE D'OESTE,PR,2024,PEQUENO PORTE,2621943.38,31433973.54,32076501.63,,,,,,,False,False,False
RANCHO QUEIMADO,SC,2019,PEQUENO PORTE,1222018.81,11111154.36,31472464.41,,,,,,,False,False,False
RANCHO QUEIMADO,SC,2020,PEQUENO PORTE,1330988.06,12796878.64,30545077.49,,,,,,,False,False,False
RANCHO QUEIMADO,SC,2021,PEQUENO PORTE,1503489.97,13424292.53,30051071.9,,,,,,,False,False,False
RANCHO QUEIMADO,SC,2022,PEQUENO PORTE,1748531.37,13502879.02,30789095.779999997,,,,,,,False,False,False
RANCHO QUEIMADO,SC,2023,PEQUENO PORTE,1873811.3,14439770.27,31810075.55,,,,,,,False,False,False
RANCHO QUEIMADO,SC,2024,PEQUENO PORTE,1919433.76,16210054.7,30971994.84,2021-04-30 00:00:00,2021-04-19 00:00:00,,,,,False,False,False
REDENCAO,CE,2019,MÉDIO PORTE,6986556.64,23590.86,29862652.5,,,,,,,False,False,False
REDENCAO,CE,2020,MÉDIO PORTE,7035936.24,18325.51,29862455.939999998,,,,,,,False,False,False
REDENCAO,CE,2021,MÉDIO PORTE,8826372.66,3238.87,29862816.21,,,,,,,False,False,False
REDENCAO,CE,2022,MÉDIO PORTE,10807792.99,357730.61,29866293.27,,,,,,,False,False,False
REDENCAO,CE,2023,MÉDIO PORTE,15659672.7,113624.19,29864869.529999997,,,,,,,False,False,False
REDENCAO,CE,2024,MÉDIO PORTE,14711945.74,56989.21,29913887.88,,,,,,,False,False,False
REDENCAO DO GURGUEIA,PI,2019,PEQUENO PORTE,1418058.86,2900869.01,30085170.419999998,,,,,,,False,False,False
REDENCAO DO GURGUEIA,PI,2020,PEQUENO PORTE,2116068.16,3780485.8,30139622.759999998,,,,,,,False,False,False
REDENCAO DO GURGUEIA,PI,2021,PEQUENO PORTE,2779524.46,5168093.92,30100801.98,,,,,,,False,False,False
REDENCAO DO GURGUEIA,PI,2022,PEQUENO PORTE,3543504.38,7413935.49,30809800.61,,,,,,,False,False,False
REDENCAO DO GURGUEIA,PI,2023,PEQUENO PORTE,3562172.79,11034988.7,31453524.31,,,,,,,False,False,False
REDENCAO DO GURGUEIA,PI,2024,PEQUENO PORTE,4005094.37,14791379.06,30595851.99,2022-02-07 00:00:00,2021-12-14 00:00:00,,,,,False,False,False
REDENTORA,RS,2019,PEQUENO PORTE,3723567.74,24840118.89,32989188.93,,,,,,,False,False,False
REDENTORA,RS,2020,PEQUENO PORTE,3851817.41,29608854.34,31523582.419999998,,,,,,,False,False,False
REDENTORA,RS,2021,PEQUENO PORTE,3568443.04,32663023.96,30647073.81,,,,,,,False,False,False
REDENTORA,RS,2022,PEQUENO PORTE,3886029.18,34231043.32,32797215.68,,,,,,,False,False,False
REDENTORA,RS,2023,PEQUENO PORTE,3922046.35,37209546.6,34424571.269999996,,,,,,,False,False,False
REDENTORA,RS,2024,PEQUENO PORTE,5131668.34,41758679.48,33157300.77,,,,,,,False,False,False
REGENERACAO,PI,2019,PEQUENO PORTE,1849424.79,11163130.37,30680429.06,,,,,,,False,False,False
REGENERACAO,PI,2020,PEQUENO PORTE,2380314.94,11585342.81,30423005.38,,,,,,,False,False,False
REGENERACAO,PI,2021,PEQUENO PORTE,3259417.82,13478536.23,30152982.71,,,,,,,False,False,False
REGENERACAO,PI,2022,PEQUENO PORTE,4498044.86,15065472.59,31582123.5,,,,,,,False,False,False
REGENERACAO,PI,2023,PEQUENO PORTE,5305293.44,18396023.87,32377247.46,,,,,,,False,False,False
REGENERACAO,PI,2024,PEQUENO PORTE,5241527.76,22760858.22,31584101.66,2022-02-07 00:00:00,2021-12-14 00:00:00,,,,,False,False,False
RENASCENCA,PR,2019,PEQUENO PORTE,2289591.83,15250298.71,31309487.88,,,,,,,False,False,False
RENASCENCA,PR,2020,PEQUENO PORTE,2286490.05,17519819.35,30660049.619999997,,,,,,,False,False,False
RENASCENCA,PR,2021,PEQUENO PORTE,2402712.29,19682926.7,30306292.89,,,,,,,False,False,False
RENASCENCA,PR,2022,PEQUENO PORTE,2760115.18,21105969.41,31995597.669999998,,,,,,,False,False,False
RENASCENCA,PR,2023,PEQUENO PORTE,3516683.44,24856378.73,32667167.119999997,,,,,,,False,False,False
RENASCENCA,PR,2024,PEQUENO PORTE,3833064.39,31000263.81,32081835.2,,,,,,,False,False,False
RESENDE COSTA,MG,2019,PEQUENO PORTE,1975179.9,4124797.79,30511354.08,,,,,,,False,False,False
RESENDE COSTA,MG,2020,PEQUENO PORTE,2118663.16,6054157.970000002,30286225.259999998,,,,,,,False,False,False
RESENDE COSTA,MG,2021,PEQUENO PORTE,2614530.5,7930151.550000002,29901720.21,,,,,,,False,False,False
RESENDE COSTA,MG,2022,PEQUENO PORTE,3174680.13,9398683.42,30631407.45,,,,,,,False,False,False
RESENDE COSTA,MG,2023,PEQUENO PORTE,3616485.3,10884097.93,31429648.189999998,,,,,,,False,False,False
RESENDE COSTA,MG,2024,PEQUENO PORTE,3797202.38,13860301.17,30456189.96,2022-05-30 00:00:00,2022-05-30 00:00:00,,,,,False,False,False
RESERVA,PR,2019,MÉDIO PORTE,6214110.36,34725673.52,34376848.12,,,,,,,False,False,False
RESERVA,PR,2020,MÉDIO PORTE,7252803.13,41045974.18,33556291.15,,,,,,,False,False,False
RESERVA,PR,2021,MÉDIO PORTE,7727952.2,45875942.96,32712428.33,,,,,,,False,False,False
RESERVA,PR,2022,MÉDIO PORTE,8723375.73,49129420.53,35758378.07,,,,,,,False,False,False
RESERVA,PR,2023,MÉDIO PORTE,9385816.19,57684040.16,38880001.66,,,,,,,False,False,False
RESERVA,PR,2024,MÉDIO PORTE,10760473.2,66339405.24,35306420.68,,,,,,,False,False,False
RESERVA DO IGUACU,PR,2019,PEQUENO PORTE,2785949.4,22774921.39,33137187.0,,,,,,,False,False,False
RESERVA DO IGUACU,PR,2020,PEQUENO PORTE,3125763.65,27065731.84,31442214.11,,,,,,,False,False,False
RESERVA DO IGUACU,PR,2021,PEQUENO PORTE,3264897.61,30463603.79,30232669.91,,,,,,,False,False,False
RESERVA DO IGUACU,PR,2022,PEQUENO PORTE,3448758.19,33123464.57,32098961.89,,,,,,,False,False,False
RESERVA DO IGUACU,PR,2023,PEQUENO PORTE,3803554.25,37634109.82,35547180.07,,,,,,,False,False,False
RESERVA DO IGUACU,PR,2024,PEQUENO PORTE,4965032.81,44863238.1,30123916.61,2021-11-04 00:00:00,2021-11-03 00:00:00,,,,,False,False,False
RIACHAO,PB,2019,PEQUENO PORTE,881500.44,3122954.58,30143550.009999998,,,,,,,False,False,False
RIACHAO,PB,2020,PEQUENO PORTE,779776.33,3870676.94,30160091.65,,,,,,,False,False,False
RIACHAO,PB,2021,PEQUENO PORTE,1236178.54,4679432.23,30020248.46,,,,,,,False,False,False
RIACHAO,PB,2022,PEQUENO PORTE,1421061.38,5065724.2,30307891.38,,,,,,,False,False,False
RIACHAO,PB,2023,PEQUENO PORTE,1505735.7,5731623.78,30367900.13,,,,,,,False,False,False
RIACHAO,PB,2024,PEQUENO PORTE,1259622.54,7282546.97,30210207.66,,,,,,,False,False,False
RIACHINHO,MG,2019,PEQUENO PORTE,1618755.39,11747376.86,32022931.0,,,,,,,False,False,False
RIACHINHO,MG,2020,PEQUENO PORTE,1606897.58,14308794.34,30734945.11,,,,,,,False,False,False
RIACHINHO,MG,2021,PEQUENO PORTE,2089368.88,15964959.13,30762120.869999997,,,,,,,False,False,False
RIACHINHO,MG,2022,PEQUENO PORTE,2694221.87,16464038.84,32247279.84,,,,,,,False,False,False
RIACHINHO,MG,2023,PEQUENO PORTE,1820366.23,18583075.39,32737649.549999997,,,,,,,False,False,False
RIACHINHO,MG,2024,PEQUENO PORTE,2295933.83,20824737.67,31556114.75,,,,,,,False,False,False
RIBEIRAO,PE,2019,MÉDIO PORTE,7970805.8,9984.97,29862563.2,,,,,,,False,False,False
RIBEIRAO,PE,2020,MÉDIO PORTE,11232644.55,416.55,29862796.32,,,,,,,False,False,False
RIBEIRAO,PE,2021,MÉDIO PORTE,11252898.21,2101.32,29868815.419999998,,,,,,,False,False,False
RIBEIRAO,PE,2022,MÉDIO PORTE,13439486.68,12415.62,29869946.2,,,,,,,False,False,False
RIBEIRAO,PE,2023,MÉDIO PORTE,13871834.09,1546.94,29869468.39,,,,,,,False,False,False
RIBEIRAO,PE,2024,MÉDIO PORTE,15922355.0,50132.31,29862750.7,,,,,,,False,False,False
RIBEIRAO CASCALHEIRA,MT,2019,PEQUENO PORTE,992574.34,6142389.24,30526888.18,,,,,,,False,False,False
RIBEIRAO CASCALHEIRA,MT,2020,PEQUENO PORTE,2511183.42,5880514.5,30333905.029999997,,,,,,,False,False,False
RIBEIRAO CASCALHEIRA,MT,2021,PEQUENO PORTE,2739587.87,7248147.79,30332754.66,,,,,,,False,False,False
RIBEIRAO CASCALHEIRA,MT,2022,PEQUENO PORTE,3855955.19,9069944.65,30143208.099999998,,,,,,,False,False,False
RIBEIRAO CASCALHEIRA,MT,2023,PEQUENO PORTE,4726323.1,11035424.12,30942122.57,,,,,,,False,False,False
RIBEIRAO CASCALHEIRA,MT,2024,PEQUENO PORTE,6363510.24,14012921.16,29862452.79,,,,,,,False,False,False
RIBEIRAO DOS INDIOS,SP,2019,PEQUENO PORTE,1474406.39,12083688.6,31284306.599999998,,,,,,,False,False,False
RIBEIRAO DOS INDIOS,SP,2020,PEQUENO PORTE,1249721.64,14155566.41,31057720.72,,,,,,,False,False,False
RIBEIRAO DOS INDIOS,SP,2021,PEQUENO PORTE,1840234.59,15136794.9,30195275.43,,,,,,,False,False,False
RIBEIRAO DOS INDIOS,SP,2022,PEQUENO PORTE,2044965.31,17089173.11,31613303.22,,,,,,,False,False,False
RIBEIRAO DOS INDIOS,SP,2023,PEQUENO PORTE,2331065.03,18961430.97,32359728.689999998,,,,,,,False,False,False
RIBEIRAO DOS INDIOS,SP,2024,PEQUENO PORTE,1860810.28,23505777.34,33423993.169999998,,,,,,,False,False,False
RIBEIRAO PIRES,SP,2019,MÉDIO PORTE,16498942.92,91606110.75,44977486.769999996,,,,,,,False,False,False
RIBEIRAO PIRES,SP,2020,MÉDIO PORTE,15084912.44,109441327.28,43928923.739999995,,,,,,,False,False,False
RIBEIRAO PIRES,SP,2021,MÉDIO PORTE,23460035.71,119766957.4,30701206.919999998,,,,,,,False,False,False
RIBEIRAO PIRES,SP,2022,MÉDIO PORTE,27530332.84,129089883.66,28509520.45,,,,,,,False,False,False
RIBEIRAO PIRES,SP,2023,MÉDIO PORTE,4224616.98,139440277.75,32054656.49,,,,,,,False,False,False
RIBEIRAO PIRES,SP,2024,MÉDIO PORTE,14300090.44,164669083.38,39713968.91,2022-08-22 00:00:00,2022-08-17 00:00:00,,,,,False,False,False
RIO ACIMA,MG,2019,PEQUENO PORTE,2973898.16,1709249.95,30178368.64,,,,,,,False,False,False
RIO ACIMA,MG,2020,PEQUENO PORTE,2963814.23,2495332.62,30387225.96,,,,,,,False,False,False
RIO ACIMA,MG,2021,MÉDIO PORTE,3745971.99,3064111.52,30231937.009999998,,,,,,,False,False,False
RIO ACIMA,MG,2022,PEQUENO PORTE,4044249.58,4594376.75,30099984.54,,,,,,,False,False,False
RIO ACIMA,MG,2023,PEQUENO PORTE,4440318.22,6042774.61,29900583.56,,,,,,,False,False,False
RIO ACIMA,MG,2024,PEQUENO PORTE,4432786.38,7979225.37,30640008.689999998,,,,,,,False,False,False
RIO BRANCO,MT,2019,PEQUENO PORTE,1859049.46,13497628.84,31793718.89,,,,,,,False,False,False
RIO BRANCO,MT,2020,PEQUENO PORTE,1420115.77,15543271.78,30853383.75,,,,,,,False,False,False
RIO BRANCO,MT,2021,PEQUENO PORTE,1367853.25,16749100.79,29969217.97,,,,,,,False,False,False
RIO BRANCO,MT,2022,PEQUENO PORTE,1866337.88,16777156.36,34840890.46,,,,,,,False,False,False
RIO BRANCO,MT,2023,PEQUENO PORTE,1683530.18,17548391.09,32572492.09,,,,,,,False,False,False
RIO BRANCO,MT,2024,PEQUENO PORTE,1746936.81,20067813.76,31706463.43,,,,,,,False,False,False
RIO BRILHANTE,MS,2019,MÉDIO PORTE,25992701.84,113570673.37,48080785.66,,,,,,,False,False,False
RIO BRILHANTE,MS,2020,GRANDE PORTE,26032937.14,138937133.18,36312849.55,,,,,,,False,False,False
RIO BRILHANTE,MS,2021,MÉDIO PORTE,12384101.77,151707922.46,27573923.71,,,,,,,False,False,False
RIO BRILHANTE,MS,2022,MÉDIO PORTE,16570952.14,156917300.66,40881916.07,,,,,,,False,False,False
RIO BRILHANTE,MS,2023,MÉDIO PORTE,18239913.96,173844695.02,54817535.34,,,,,,,False,False,False
RIO BRILHANTE,MS,2024,MÉDIO PORTE,19313752.49,201972155.87,38763407.83,2022-08-11 00:00:00,2022-07-01 00:00:00,2022-08-30 00:00:00,I,2024-06-18 00:00:00,II,False,False,False
RIO CLARO,RJ,2019,MÉDIO PORTE,6326074.14,67931696.86000001,39394881.25,,,,,,,False,False,False
RIO CLARO,RJ,2020,MÉDIO PORTE,4445651.5,77503460.98,34963767.17,,,,,,,False,False,False
RIO CLARO,RJ,2021,MÉDIO PORTE,10663600.92,77003939.39,29805306.47,,,,,,,False,False,False
RIO CLARO,RJ,2022,MÉDIO PORTE,11833586.04,87961085.53,35048556.73,,,,,,,False,False,False
RIO CLARO,RJ,2023,MÉDIO PORTE,12104658.71,107002015.01,46094710.239999995,,,,,,,False,False,False
RIO CLARO,RJ,2024,MÉDIO PORTE,9820411.94,125311100.83,34334618.96,2024-07-08 00:00:00,2024-07-04 00:00:00,,,,,False,False,False
RIO DAS ANTAS,SC,2019,PEQUENO PORTE,1732101.45,14632941.92,30900448.36,,,,,,,False,False,False
RIO DAS ANTAS,SC,2020,PEQUENO PORTE,2008865.92,16043885.51,30133143.759999998,,,,,,,False,False,False
RIO DAS ANTAS,SC,2021,PEQUENO PORTE,2205162.4,16528110.5,30318177.8,,,,,,,False,False,False
RIO DAS ANTAS,SC,2022,PEQUENO PORTE,2518480.1,17715181.6,31980447.97,,,,,,,False,False,False
RIO DAS ANTAS,SC,2023,PEQUENO PORTE,2583224.52,20293168.13,32517771.14,,,,,,,False,False,False
RIO DAS ANTAS,SC,2024,PEQUENO PORTE,3169323.53,23151927.3,32001919.21,,,,,,,False,False,False
RIO DO CAMPO,SC,2019,PEQUENO PORTE,2780817.93,11654564.53,31246538.72,,,,,,,False,False,False
RIO DO CAMPO,SC,2020,PEQUENO PORTE,3097900.71,12309817.05,30829573.759999998,,,,,,,False,False,False
RIO DO CAMPO,SC,2021,PEQUENO PORTE,3523806.46,12305828.32,30057195.3,,,,,,,False,False,False
RIO DO CAMPO,SC,2022,PEQUENO PORTE,4085090.53,12409774.44,31234418.31,,,,,,,False,False,False
RIO DO CAMPO,SC,2023,PEQUENO PORTE,5279172.39,13819806.32,31768097.89,,,,,,,False,False,False
RIO DO CAMPO,SC,2024,PEQUENO PORTE,3674055.02,16110371.03,31219705.61,,,,,,,False,False,False
RIO DOS INDIOS,RS,2019,PEQUENO PORTE,2119108.83,21810904.11,31997289.77,,,,,,,False,False,False
RIO DOS INDIOS,RS,2020,PEQUENO PORTE,1159064.64,24684483.5,30474767.56,,,,,,,False,False,False
RIO DOS INDIOS,RS,2021,PEQUENO PORTE,2087858.03,25072901.07,30732309.49,,,,,,,False,False,False
RIO DOS INDIOS,RS,2022,PEQUENO PORTE,2342845.6,26195107.49,31966044.0,,,,,,,False,False,False
RIO DOS INDIOS,RS,2023,PEQUENO PORTE,2533385.48,28771893.66,33651666.769999996,,,,,,,False,False,False
RIO DOS INDIOS,RS,2024,PEQUENO PORTE,2908604.33,32194789.4,32174884.869999997,,,,,,,False,False,False
RIO GRANDE DO NORTE,RN,2019,ESTADO/DF,1542721876.61,57738893.63,37382614.61,,,,,,,False,False,False
RIO GRANDE DO NORTE,RN,2020,ESTADO/DF,1765039918.51,77974174.7,34951602.86,,,,,,,False,False,False
RIO GRANDE DO NORTE,RN,2021,ESTADO/DF,2420988948.74,87411226.5,31570517.36,,,,,,,False,False,False
RIO GRANDE DO NORTE,RN,2022,ESTADO/DF,2485127075.15,106467893.92,40736287.36,,,,,,,False,False,False
RIO GRANDE DO NORTE,RN,2023,ESTADO/DF,2895034696.98,131166361.66,44773951.09,,,,,,,False,False,False
RIO GRANDE DO NORTE,RN,2024,ESTADO/DF,1932339591.99,120356920.5,37913263.91,,,,,,,False,False,False
RIO NEGRINHO,SC,2019,MÉDIO PORTE,8858032.55,117281614.01,39424758.44,,,,,,,False,False,False
RIO NEGRINHO,SC,2020,MÉDIO PORTE,10849187.33,127230656.53,34624374.129999995,,,,,,,False,False,False
RIO NEGRINHO,SC,2021,MÉDIO PORTE,13665764.19,134263618.24,33423669.27,,,,,,,False,False,False
RIO NEGRINHO,SC,2022,MÉDIO PORTE,16477797.14,143291066.15,44419366.39,,,,,,,False,False,False
RIO NEGRINHO,SC,2023,MÉDIO PORTE,18619326.05,164258386.98,48547415.8,,,,,,,False,False,False
RIO NEGRINHO,SC,2024,MÉDIO PORTE,21744176.55,185970965.59,48478494.099999994,2021-06-10 00:00:00,2021-06-07 00:00:00,2022-07-02 00:00:00,I,,I,False,False,False
RIO NEGRO,PR,2019,MÉDIO PORTE,5349312.08,85227919.05999999,37824263.93,,,,,,,False,False,False
RIO NEGRO,PR,2020,MÉDIO PORTE,5529413.96,93553757.79,36835387.39,,,,,,,False,False,False
RIO NEGRO,PR,2021,MÉDIO PORTE,6264657.89,98558885.87,34674404.64,,,,,,,False,False,False
RIO NEGRO,PR,2022,MÉDIO PORTE,7382633.12,101380892.52,41113763.3,,,,,,,False,False,False
RIO NEGRO,PR,2023,MÉDIO PORTE,7962292.46,110997839.6,44849534.65,,,,,,,False,False,False
RIO NEGRO,PR,2024,MÉDIO PORTE,8057719.21,124265450.2,39660529.65,,,,,,,False,False,False
RIO PARANAIBA,MG,2019,MÉDIO PORTE,4340083.22,15111218.33,31149624.57,,,,,,,False,False,False
RIO PARANAIBA,MG,2020,MÉDIO PORTE,4873243.63,16751258.34,30860201.38,,,,,,,False,False,False
RIO PARANAIBA,MG,2021,MÉDIO PORTE,5462573.78,18788728.75,30237174.36,,,,,,,False,False,False
RIO PARANAIBA,MG,2022,MÉDIO PORTE,6048647.07,19880663.87,31906545.65,,,,,,,False,False,False
RIO PARANAIBA,MG,2023,MÉDIO PORTE,6467735.88,22541549.64,32748963.03,,,,,,,False,False,False
RIO PARANAIBA,MG,2024,MÉDIO PORTE,7026785.03,25241320.75,32042973.349999998,,,,,,,False,False,False
RIO QUENTE,GO,2019,PEQUENO PORTE,2901371.83,14054579.5,31350069.029999997,,,,,,,False,False,False
RIO QUENTE,GO,2020,PEQUENO PORTE,1683529.14,16474504.49,30889420.8,,,,,,,False,False,False
RIO QUENTE,GO,2021,PEQUENO PORTE,3041077.17,17892947.03,30100106.0,,,,,,,False,False,False
RIO QUENTE,GO,2022,PEQUENO PORTE,3689391.05,19672785.87,32102376.669999998,,,,,,,False,False,False
RIO QUENTE,GO,2023,PEQUENO PORTE,4951661.01,24174211.36,33096109.07,,,,,,,False,False,False
RIO QUENTE,GO,2024,PEQUENO PORTE,3747622.53,30352576.35,32756414.849999998,,,,,,,False,False,False
RIO VERDE DE MATO GROSSO,MS,2019,MÉDIO PORTE,5757846.79,21374354.02,32223171.099999998,,,,,,,False,False,False
RIO VERDE DE MATO GROSSO,MS,2020,MÉDIO PORTE,6050092.87,25210223.28,31364123.91,,,,,,,False,False,False
RIO VERDE DE MATO GROSSO,MS,2021,MÉDIO PORTE,6830272.77,29074440.21,30203369.509999998,,,,,,,False,False,False
RIO VERDE DE MATO GROSSO,MS,2022,MÉDIO PORTE,9209037.41,31940145.43,32887415.39,,,,,,,False,False,False
RIO VERDE DE MATO GROSSO,MS,2023,MÉDIO PORTE,9417038.6,35344883.69,34138912.94,,,,,,,False,False,False
RIO VERDE DE MATO GROSSO,MS,2024,MÉDIO PORTE,8554438.29,42230755.42,32415368.32,,,,,,,False,False,False
RIOZINHO,RS,2019,PEQUENO PORTE,1694827.89,17360423.32,31950219.779999997,,,,,,,False,False,False
RIOZINHO,RS,2020,PEQUENO PORTE,1668256.32,19483505.21,31303880.18,,,,,,,False,False,False
RIOZINHO,RS,2021,PEQUENO PORTE,1518004.56,21280447.26,30377609.09,,,,,,,False,False,False
RIOZINHO,RS,2022,PEQUENO PORTE,1642419.53,20606487.61,31709786.919999998,,,,,,,False,False,False
RIOZINHO,RS,2023,PEQUENO PORTE,1714257.24,24162543.11,33025066.15,,,,,,,False,False,False
RIOZINHO,RS,2024,PEQUENO PORTE,1356115.53,27559117.16,31396338.77,,,,,,,False,False,False
ROCA SALES,RS,2019,PEQUENO PORTE,4842396.99,13297075.63,31563780.02,,,,,,,False,False,False
ROCA SALES,RS,2020,PEQUENO PORTE,5432882.83,17170592.47,31028500.81,,,,,,,False,False,False
ROCA SALES,RS,2021,PEQUENO PORTE,5536096.82,21274429.95,29381508.83,,,,,,,False,False,False
ROCA SALES,RS,2022,PEQUENO PORTE,5738154.78,23790265.22,31927505.65,,,,,,,False,False,False
ROCA SALES,RS,2023,PEQUENO PORTE,6585785.97,28048853.74,34540535.57,,,,,,,False,False,False
ROCA SALES,RS,2024,PEQUENO PORTE,5266284.85,35012946.09,31633615.46,,,,,,,False,False,False
ROLADOR,RS,2019,PEQUENO PORTE,1186601.45,11789435.35,31028810.68,,,,,,,False,False,False
ROLADOR,RS,2020,PEQUENO PORTE,1367999.16,13847959.55,30568537.689999998,,,,,,,False,False,False
ROLADOR,RS,2021,PEQUENO PORTE,1493642.05,15549875.78,30198762.3,,,,,,,False,False,False
ROLADOR,RS,2022,PEQUENO PORTE,1651641.36,16855897.05,31761735.95,,,,,,,False,False,False
ROLADOR,RS,2023,PEQUENO PORTE,1861249.68,19822913.88,32392252.71,,,,,,,False,False,False
ROLADOR,RS,2024,PEQUENO PORTE,2024709.32,23522095.88,31368142.59,,,,,,,False,False,False
ROLIM DE MOURA,RO,2019,MÉDIO PORTE,8412749.57,90818267.02,39563120.81,,,,,,,False,False,False
ROLIM DE MOURA,RO,2020,MÉDIO PORTE,10700401.9,110022488.78,33600058.91,,,,,,,False,False,False
ROLIM DE MOURA,RO,2021,MÉDIO PORTE,12673809.0,124433835.04,31737058.39,,,,,,,False,False,False
ROLIM DE MOURA,RO,2022,MÉDIO PORTE,14464051.03,131289370.72,37532080.35,,,,,,,False,False,False
ROLIM DE MOURA,RO,2023,MÉDIO PORTE,15614249.44,145115323.02,48827021.62,,,,,,,False,False,False
ROLIM DE MOURA,RO,2024,MÉDIO PORTE,16222742.27,173148068.38,49283193.05,2023-06-12 00:00:00,2023-06-06 00:00:00,,,,,False,False,False
RONDINHA,RS,2019,PEQUENO PORTE,2031654.83,21741104.14,32216344.23,,,,,,,False,False,False
RONDINHA,RS,2020,PEQUENO PORTE,2322120.06,24563493.77,30842292.64,,,,,,,False,False,False
RONDINHA,RS,2021,PEQUENO PORTE,2343452.24,25965573.11,30770869.63,,,,,,,False,False,False
RONDINHA,RS,2022,PEQUENO PORTE,2588131.03,27534130.32,33040765.11,,,,,,,False,False,False
RONDINHA,RS,2023,PEQUENO PORTE,2979911.32,31475290.47,33878976.65,,,,,,,False,False,False
RONDINHA,RS,2024,PEQUENO PORTE,2179386.86,35907530.24,32840010.63,,,,,,,False,False,False
ROQUE GONZALES,RS,2019,PEQUENO PORTE,2935762.93,22854539.77,32247732.03,,,,,,,False,False,False
ROQUE GONZALES,RS,2020,PEQUENO PORTE,3531600.42,24623675.33,31439988.869999997,,,,,,,False,False,False
ROQUE GONZALES,RS,2021,PEQUENO PORTE,3743097.77,24974869.62,30869555.14,,,,,,,False,False,False
ROQUE GONZALES,RS,2022,PEQUENO PORTE,5127334.9,24125030.14,32311093.689999998,,,,,,,False,False,False
ROQUE GONZALES,RS,2023,PEQUENO PORTE,6074972.74,25369328.26,33031376.849999998,,,,,,,False,False,False
ROQUE GONZALES,RS,2024,PEQUENO PORTE,5457127.71,27943735.56,32122811.189999998,,,,,,,False,False,False
ROSARIO DA LIMEIRA,MG,2019,PEQUENO PORTE,1436837.45,11871450.57,30501411.169999998,,,,,,,False,False,False
ROSARIO DA LIMEIRA,MG,2020,PEQUENO PORTE,1658276.16,13442066.53,30314539.66,,,,,,,False,False,False
ROSARIO DA LIMEIRA,MG,2021,PEQUENO PORTE,1735006.89,14442734.23,30410346.04,,,,,,,False,False,False
ROSARIO DA LIMEIRA,MG,2022,PEQUENO PORTE,1899097.42,16358198.83,31767595.08,,,,,,,False,False,False
ROSARIO DA LIMEIRA,MG,2023,PEQUENO PORTE,2649053.2,19108633.24,32397590.23,,,,,,,False,False,False
ROSARIO DA LIMEIRA,MG,2024,PEQUENO PORTE,3766154.96,22401911.43,32090735.52,,,,,,,False,False,False
ROSARIO DO SUL,RS,2019,MÉDIO PORTE,9957699.78,17061569.94,31482402.849999998,,,,,,,False,False,False
ROSARIO DO SUL,RS,2020,MÉDIO PORTE,10572388.42,20711315.36,31086721.119999997,,,,,,,False,False,False
ROSARIO DO SUL,RS,2021,MÉDIO PORTE,16652778.9,25421931.02,30492766.869999997,,,,,,,False,False,False
ROSARIO DO SUL,RS,2022,MÉDIO PORTE,18926305.4,42636143.21,35117707.07,,,,,,,False,False,False
ROSARIO DO SUL,RS,2023,MÉDIO PORTE,17526932.49,64784312.64,39118212.86,,,,,,,False,False,False
ROSARIO DO SUL,RS,2024,MÉDIO PORTE,13790408.34,85226284.72,37575188.14,,,,,,,False,False,False
RUBIATABA,GO,2019,MÉDIO PORTE,6688036.55,1828502.59,29863104.89,,,,,,,False,False,False
RUBIATABA,GO,2020,MÉDIO PORTE,7117836.42,1511015.67,29960026.04,,,,,,,False,False,False
RUBIATABA,GO,2021,MÉDIO PORTE,8622898.57,2130595.98,29932743.41,,,,,,,False,False,False
RUBIATABA,GO,2022,MÉDIO PORTE,12831135.46,2838346.3,30161796.82,,,,,,,False,False,False
RUBIATABA,GO,2023,MÉDIO PORTE,14277542.01,4354019.7,30426679.0,,,,,,,False,False,False
RUBIATABA,GO,2024,MÉDIO PORTE,15267505.45,8600792.47,30566396.9,,,,,,,False,False,False
RUBINEIA,SP,2019,PEQUENO PORTE,2642304.72,23266616.43,32367635.77,,,,,,,False,False,False
RUBINEIA,SP,2020,PEQUENO PORTE,2813698.04,27215102.96,31568263.099999998,,,,,,,False,False,False
RUBINEIA,SP,2021,PEQUENO PORTE,2658389.23,29958605.14,30114784.119999997,,,,,,,False,False,False
RUBINEIA,SP,2022,PEQUENO PORTE,3486223.35,31207593.1,31584939.099999998,,,,,,,False,False,False
RUBINEIA,SP,2023,PEQUENO PORTE,4458536.16,34936500.44,34846927.9,,,,,,,False,False,False
RUBINEIA,SP,2024,PEQUENO PORTE,4485394.06,40986815.27,31107168.82,2022-01-28 00:00:00,2021-12-21 00:00:00,,,,,False,False,False
SABARA,MG,2019,MÉDIO PORTE,12303999.56,108822795.23,41675508.39,,,,,,,False,False,False
SABARA,MG,2020,MÉDIO PORTE,15019619.47,123091301.86,35730783.49,,,,,,,False,False,False
SABARA,MG,2021,MÉDIO PORTE,18012536.04,134933371.47,34314843.12,,,,,,,False,False,False
SABARA,MG,2022,MÉDIO PORTE,22818819.44,143524238.2,44645611.3,,,,,,,False,False,False
SABARA,MG,2023,MÉDIO PORTE,25357946.06,167506630.98,52265592.4,,,,,,,False,False,False
SABARA,MG,2024,MÉDIO PORTE,27701265.27,205288504.51,49265511.15,,,,,,,False,False,False
SAGRADA FAMILIA,RS,2019,PEQUENO PORTE,611695.2,13738865.48,31602701.61,,,,,,,False,False,False
SAGRADA FAMILIA,RS,2020,PEQUENO PORTE,535806.78,15553853.89,30749639.52,,,,,,,False,False,False
SAGRADA FAMILIA,RS,2021,PEQUENO PORTE,1323084.85,16787261.21,30258512.9,,,,,,,False,False,False
SAGRADA FAMILIA,RS,2022,PEQUENO PORTE,1415596.02,18239660.67,31628136.4,,,,,,,False,False,False
SAGRADA FAMILIA,RS,2023,PEQUENO PORTE,1620328.59,20970834.51,32650259.549999997,,,,,,,False,False,False
SAGRADA FAMILIA,RS,2024,PEQUENO PORTE,2652638.76,24532323.81,31663915.0,,,,,,,False,False,False
SALDANHA MARINHO,RS,2019,PEQUENO PORTE,4102949.68,18709583.6,31754740.71,,,,,,,False,False,False
SALDANHA MARINHO,RS,2020,PEQUENO PORTE,5013505.06,20777718.11,30860915.81,,,,,,,False,False,False
SALDANHA MARINHO,RS,2021,PEQUENO PORTE,1614978.02,22143900.1,30528820.98,,,,,,,False,False,False
SALDANHA MARINHO,RS,2022,PEQUENO PORTE,1509316.14,22728549.0,30515830.779999997,,,,,,,False,False,False
SALDANHA MARINHO,RS,2023,PEQUENO PORTE,1701148.74,25160895.85,29862452.79,,,,,,,False,False,False
SALDANHA MARINHO,RS,2024,PEQUENO PORTE,1528905.54,28651829.72,29862452.79,,,,,,,False,False,False
SALES OLIVEIRA,SP,2019,PEQUENO PORTE,5083108.68,20891547.32,31118913.58,,,,,,,False,False,False
SALES OLIVEIRA,SP,2020,PEQUENO PORTE,5159825.77,24621237.82,31248144.63,,,,,,,False,False,False
SALES OLIVEIRA,SP,2021,PEQUENO PORTE,4380647.35,30740352.22,30350395.65,,,,,,,False,False,False
SALES OLIVEIRA,SP,2022,PEQUENO PORTE,4102924.93,27984015.39,32912370.349999998,,,,,,,False,False,False
SALES OLIVEIRA,SP,2023,PEQUENO PORTE,3677934.66,30273640.24,33924902.879999995,,,,,,,False,False,False
SALES OLIVEIRA,SP,2024,PEQUENO PORTE,3134059.65,33584796.16,31936587.669999998,,,,,,,False,False,False
SALETE,SC,2019,PEQUENO PORTE,1641763.1,18967858.97,32491495.32,,,,,,,False,False,False
SALETE,SC,2020,PEQUENO PORTE,1790909.73,20672787.82,30844903.439999998,,,,,,,False,False,False
SALETE,SC,2021,PEQUENO PORTE,2048497.46,21050231.9,29921238.669999998,,,,,,,False,False,False
SALETE,SC,2022,PEQUENO PORTE,2337588.77,20445791.0,31439355.65,,,,,,,False,False,False
SALETE,SC,2023,PEQUENO PORTE,3782916.53,21002577.26,33081051.759999998,,,,,,,False,False,False
SALETE,SC,2024,PEQUENO PORTE,5250110.06,24116548.9,30851449.08,,,,,,,False,False,False
SALGUEIRO,PE,2019,MÉDIO PORTE,10897277.29,38179259.88,39849943.239999995,,,,,,,False,False,False
SALGUEIRO,PE,2020,MÉDIO PORTE,9812807.05,52301501.93,40763367.8,,,,,,,False,False,False
SALGUEIRO,PE,2021,MÉDIO PORTE,12554357.33,52886035.59,29061371.869999997,,,,,,,False,False,False
SALGUEIRO,PE,2022,MÉDIO PORTE,15415775.43,65171509.26,31586861.75,,,,,,,False,False,False
SALGUEIRO,PE,2023,MÉDIO PORTE,13243104.12,76595612.96,42178720.14,,,,,,,False,False,False
SALGUEIRO,PE,2024,MÉDIO PORTE,15138558.68,97389103.01,33819504.93,,,,,,,False,False,False
SALOA,PE,2019,PEQUENO PORTE,3763672.88,9858.93,29863495.779999997,,,,,,,False,False,False
SALOA,PE,2020,PEQUENO PORTE,5038785.26,77480.16,29862956.83,,,,,,,False,False,False
SALOA,PE,2021,PEQUENO PORTE,5310060.62,4829.13,29863758.869999997,,,,,,,False,False,False
SALOA,PE,2022,PEQUENO PORTE,5697942.0,447625.92,29872112.22,,,,,,,False,False,False
SALOA,PE,2023,PEQUENO PORTE,6357125.57,765913.42,29867664.55,,,,,,,False,False,False
SALOA,PE,2024,PEQUENO PORTE,7016003.04,140417.35,29882847.509999998,,,,,,,False,False,False
SALVADOR DO SUL,RS,2019,PEQUENO PORTE,3894230.74,28112123.04,33092591.09,,,,,,,False,False,False
SALVADOR DO SUL,RS,2020,PEQUENO PORTE,4363663.45,32514760.16,31790440.96,,,,,,,False,False,False
SALVADOR DO SUL,RS,2021,PEQUENO PORTE,4167799.36,35516361.31,30660927.279999997,,,,,,,False,False,False
SALVADOR DO SUL,RS,2022,PEQUENO PORTE,4759256.58,38286738.79,33384344.5,,,,,,,False,False,False
SALVADOR DO SUL,RS,2023,PEQUENO PORTE,5411951.96,42609301.6,35779382.03,,,,,,,False,False,False
SALVADOR DO SUL,RS,2024,PEQUENO PORTE,6263688.4,50021098.81,33147782.7,,,,,,,False,False,False
SANCLERLANDIA,GO,2019,PEQUENO PORTE,1023894.77,4689788.98,30382292.279999997,,,,,,,False,False,False
SANCLERLANDIA,GO,2020,PEQUENO PORTE,994860.44,4222394.21,30194786.7,,,,,,,False,False,False
SANCLERLANDIA,GO,2021,PEQUENO PORTE,1407166.46,5429041.180000001,30079799.29,,,,,,,False,False,False
SANCLERLANDIA,GO,2022,PEQUENO PORTE,1716456.07,5371946.61,30324109.869999997,,,,,,,False,False,False
SANCLERLANDIA,GO,2023,PEQUENO PORTE,1330719.45,5268547.92,31146410.57,,,,,,,False,False,False
SANCLERLANDIA,GO,2024,PEQUENO PORTE,3403393.72,6084555.77,30458510.32,,,,,,,False,False,False
SANTA CATARINA,SC,2019,ESTADO/DF,2182210138.97,464385488.36,43284501.47,,,,,,,False,False,False
SANTA CATARINA,SC,2020,ESTADO/DF,2132873562.87,566299010.38,66276826.92,,,,,,,False,False,False
SANTA CATARINA,SC,2021,ESTADO/DF,2307213957.52,589581626.16,38732469.85,,,,,,,False,False,False
SANTA CATARINA,SC,2022,ESTADO/DF,2911568976.78,608636086.83,89322267.09,,,,,,,False,False,False
SANTA CATARINA,SC,2023,ESTADO/DF,3315221564.51,732337502.27,118973203.37,,,,,,,False,False,False
SANTA CATARINA,SC,2024,ESTADO/DF,3461501099.49,750118392.74,74249898.43,2022-08-08 00:00:00,2022-06-15 00:00:00,2022-09-02 00:00:00,II,,II,False,False,False
SANTA CRUZ,PE,2019,PEQUENO PORTE,3334056.0,14616163.02,31659890.43,,,,,,,False,False,False
SANTA CRUZ,PE,2020,PEQUENO PORTE,3999743.72,18231490.57,31009138.529999997,,,,,,,False,False,False
SANTA CRUZ,PE,2021,PEQUENO PORTE,5081957.62,20685033.74,29361216.54,,,,,,,False,False,False
SANTA CRUZ,PE,2022,PEQUENO PORTE,6265141.25,23741779.09,32166648.74,,,,,,,False,False,False
SANTA CRUZ,PE,2023,PEQUENO PORTE,6949014.08,29259455.29,34155037.839999996,,,,,,,False,False,False
SANTA CRUZ,PE,2024,PEQUENO PORTE,7280831.45,37583578.81,32308289.48,2022-01-28 00:00:00,2021-12-23 00:00:00,,,,,False,False,False
SANTA CRUZ DA BAIXA VERDE,PE,2019,PEQUENO PORTE,1304586.41,8610186.63,30653033.349999998,,,,,,,False,False,False
SANTA CRUZ DA BAIXA VERDE,PE,2020,PEQUENO PORTE,2435941.41,7488014.54,30350583.2,,,,,,,False,False,False
SANTA CRUZ DA BAIXA VERDE,PE,2021,PEQUENO PORTE,3948504.39,7484315.82,29880426.259999998,,,,,,,False,False,False
SANTA CRUZ DA BAIXA VERDE,PE,2022,PEQUENO PORTE,4628066.11,9886053.27,31234675.599999998,,,,,,,False,False,False
SANTA CRUZ DA BAIXA VERDE,PE,2023,PEQUENO PORTE,5521826.87,13693852.16,31988196.189999998,,,,,,,False,False,False
SANTA CRUZ DA BAIXA VERDE,PE,2024,PEQUENO PORTE,5815537.58,18160885.93,30453337.83,,,,,,,False,False,False
SANTA CRUZ DO CAPIBARIBE,PE,2019,MÉDIO PORTE,17699628.91,33990498.46,33885045.51,,,,,,,False,False,False
SANTA CRUZ DO CAPIBARIBE,PE,2020,MÉDIO PORTE,19369042.83,51783683.82,32032405.16,,,,,,,False,False,False
SANTA CRUZ DO CAPIBARIBE,PE,2021,MÉDIO PORTE,13586233.29,68642813.99,33287041.72,,,,,,,False,False,False
SANTA CRUZ DO CAPIBARIBE,PE,2022,MÉDIO PORTE,28467249.02,86840105.17,41990591.73,,,,,,,False,False,False
SANTA CRUZ DO CAPIBARIBE,PE,2023,MÉDIO PORTE,34498676.37,118278625.94,47146251.97,,,,,,,False,False,False
SANTA CRUZ DO CAPIBARIBE,PE,2024,MÉDIO PORTE,40911776.66,159752666.62,43191604.46,2024-08-22 00:00:00,2024-08-16 00:00:00,,,,,False,False,False
SANTA FE,PR,2019,PEQUENO PORTE,4015693.33,22672511.38,31969872.52,,,,,,,False,False,False
SANTA FE,PR,2020,PEQUENO PORTE,4870136.57,24879593.52,30514905.419999998,,,,,,,False,False,False
SANTA FE,PR,2021,PEQUENO PORTE,6214984.22,27317773.99,29823941.66,,,,,,,False,False,False
SANTA FE,PR,2022,PEQUENO PORTE,4533302.34,29447859.12,32452087.119999997,,,,,,,False,False,False
SANTA FE,PR,2023,PEQUENO PORTE,3953432.49,32775151.02,35030182.83,,,,,,,False,False,False
SANTA FE,PR,2024,PEQUENO PORTE,4666603.91,38359162.2,33588809.15,2024-07-01 00:00:00,2024-06-27 00:00:00,,,,,False,False,False
SANTA FE DE GOIAS,GO,2019,PEQUENO PORTE,2283252.37,1411285.76,30117299.259999998,,,,,,,False,False,False
SANTA FE DE GOIAS,GO,2020,PEQUENO PORTE,3762281.22,1945449.21,30244306.33,,,,,,,False,False,False
SANTA FE DE GOIAS,GO,2021,PEQUENO PORTE,2539287.82,2617326.81,30075541.97,,,,,,,False,False,False
SANTA FE DE GOIAS,GO,2022,PEQUENO PORTE,1726558.54,2996516.23,29969049.63,,,,,,,False,False,False
SANTA FE DE GOIAS,GO,2023,PEQUENO PORTE,2526343.69,2811587.57,29862452.79,,,,,,,False,False,False
SANTA FE DE GOIAS,GO,2024,PEQUENO PORTE,1954407.54,1877406.74,29862452.79,,,,,,,False,False,False
SANTA FE DO SUL,SP,2019,MÉDIO PORTE,10861650.32,58906228.68000001,35597125.16,,,,,,,False,False,False
SANTA FE DO SUL,SP,2020,MÉDIO PORTE,14346822.01,70141261.71,36311351.45,,,,,,,False,False,False
SANTA FE DO SUL,SP,2021,MÉDIO PORTE,14417606.42,84824778.62,34584596.58,,,,,,,False,False,False
SANTA FE DO SUL,SP,2022,MÉDIO PORTE,17626817.67,108864969.79,41149289.54,,,,,,,False,False,False
SANTA FE DO SUL,SP,2023,MÉDIO PORTE,19948766.03,126918822.91,47835710.86,,,,,,,False,False,False
SANTA FE DO SUL,SP,2024,MÉDIO PORTE,17634582.57,150381681.54,44198685.68,2023-07-18 00:00:00,2023-07-06 00:00:00,2024-04-18 00:00:00,I,,I,False,False,False
SANTA FILOMENA,PE,2019,PEQUENO PORTE,2847129.2,7773623.18,30633547.73,,,,,,,False,False,False
SANTA FILOMENA,PE,2020,PEQUENO PORTE,3005374.9,10029218.93,30354676.599999998,,,,,,,False,False,False
SANTA FILOMENA,PE,2021,PEQUENO PORTE,2150187.67,11746446.78,29749343.119999997,,,,,,,False,False,False
SANTA FILOMENA,PE,2022,PEQUENO PORTE,2875292.91,12947939.79,30682141.34,,,,,,,False,False,False
SANTA FILOMENA,PE,2023,PEQUENO PORTE,3364444.2,14749220.28,32143667.75,,,,,,,False,False,False
SANTA FILOMENA,PE,2024,PEQUENO PORTE,3613359.29,18177985.24,31526222.36,,,,,,,False,False,False
SANTA ISABEL,GO,2019,PEQUENO PORTE,1336334.65,7603014.73,30639228.82,,,,,,,False,False,False
SANTA ISABEL,GO,2020,PEQUENO PORTE,715763.24,8043443.07,30200810.96,,,,,,,False,False,False
SANTA ISABEL,GO,2021,PEQUENO PORTE,1620104.92,7237936.79,30491714.02,,,,,,,False,False,False
SANTA ISABEL,GO,2022,PEQUENO PORTE,1897559.27,6773927.510000002,30099369.84,,,,,,,False,False,False
SANTA ISABEL,GO,2023,PEQUENO PORTE,2793261.58,6018456.59,29978137.13,,,,,,,False,False,False
SANTA ISABEL,GO,2024,PEQUENO PORTE,3542545.72,5953890.89,29862452.79,,,,,,,False,False,False
SANTA IZABEL DO OESTE,PR,2019,PEQUENO PORTE,3885293.39,10044166.63,31107179.0,,,,,,,False,False,False
SANTA IZABEL DO OESTE,PR,2020,PEQUENO PORTE,4956868.28,13744148.01,30870306.71,,,,,,,False,False,False
SANTA IZABEL DO OESTE,PR,2021,PEQUENO PORTE,5298201.94,18136530.99,29845392.39,,,,,,,False,False,False
SANTA IZABEL DO OESTE,PR,2022,PEQUENO PORTE,6099285.86,20723104.16,31688715.73,,,,,,,False,False,False
SANTA IZABEL DO OESTE,PR,2023,PEQUENO PORTE,7055328.47,25822729.32,33603611.05,,,,,,,False,False,False
SANTA IZABEL DO OESTE,PR,2024,PEQUENO PORTE,7548888.47,33473807.2,31926080.33,,,,,,,False,False,False
SANTA JULIANA,MG,2019,PEQUENO PORTE,2864044.28,5448148.16,30605649.619999997,,,,,,,False,False,False
SANTA JULIANA,MG,2020,PEQUENO PORTE,3365154.44,8797865.460000003,30643274.99,,,,,,,False,False,False
SANTA JULIANA,MG,2021,PEQUENO PORTE,3241702.33,10184480.41,30197551.05,,,,,,,False,False,False
SANTA JULIANA,MG,2022,PEQUENO PORTE,3759367.88,12657820.9,31147461.029999997,,,,,,,False,False,False
SANTA JULIANA,MG,2023,PEQUENO PORTE,5083339.06,14143273.29,31545046.869999997,,,,,,,False,False,False
SANTA JULIANA,MG,2024,PEQUENO PORTE,4650286.59,17926495.08,31150731.07,,,,,,,False,False,False
SANTA LEOPOLDINA,ES,2019,PEQUENO PORTE,2391513.38,7982800.07,29862452.79,,,,,,,False,False,False
SANTA LEOPOLDINA,ES,2020,PEQUENO PORTE,2444281.42,11762932.99,29862452.79,,,,,,,False,False,False
SANTA LEOPOLDINA,ES,2021,PEQUENO PORTE,2548231.21,15395264.32,29862452.79,,,,,,,False,False,False
SANTA LEOPOLDINA,ES,2022,PEQUENO PORTE,2820113.26,19708707.85,29862452.79,,,,,,,False,False,False
SANTA LEOPOLDINA,ES,2023,PEQUENO PORTE,3783748.36,25325952.73,29862452.79,,,,,,,False,False,False
SANTA LEOPOLDINA,ES,2024,PEQUENO PORTE,4494426.25,36082643.79,29862452.79,2024-08-22 00:00:00,2024-08-15 00:00:00,,,,,False,False,False
SANTA LUZIA DO NORTE,AL,2019,PEQUENO PORTE,2917924.05,14147.79,29872655.189999998,,,,,,,False,False,False
SANTA LUZIA DO NORTE,AL,2020,PEQUENO PORTE,3972030.39,3377.05,29864073.18,,,,,,,False,False,False
SANTA LUZIA DO NORTE,AL,2021,PEQUENO PORTE,4184983.45,35589.25,29862598.96,,,,,,,False,False,False
SANTA LUZIA DO NORTE,AL,2022,PEQUENO PORTE,4760414.66,1368.56,29875601.21,,,,,,,False,False,False
SANTA LUZIA DO NORTE,AL,2023,PEQUENO PORTE,5524051.61,286176.73,29927137.529999997,,,,,,,False,False,False
SANTA LUZIA DO NORTE,AL,2024,PEQUENO PORTE,6244069.36,481397.14,29936443.29,,,,,,,False,False,False
SANTA MARIA DA BOA VISTA,PE,2019,MÉDIO PORTE,2898726.12,44312130.84,32544204.439999998,,,,,,,False,False,False
SANTA MARIA DA BOA VISTA,PE,2020,MÉDIO PORTE,1652374.62,39400042.14,31080518.38,,,,,,,False,False,False
SANTA MARIA DA BOA VISTA,PE,2021,MÉDIO PORTE,12933083.18,28664578.42,30854666.68,,,,,,,False,False,False
SANTA MARIA DA BOA VISTA,PE,2022,MÉDIO PORTE,18469686.51,25562437.98,32623389.06,,,,,,,False,False,False
SANTA MARIA DA BOA VISTA,PE,2023,MÉDIO PORTE,21485187.53,26641079.39,33506092.9,,,,,,,False,False,False
SANTA MARIA DA BOA VISTA,PE,2024,MÉDIO PORTE,16808205.2,33561476.37,32266884.03,,,,,,,False,False,False
SANTA MARIA DA VITORIA,BA,2019,MÉDIO PORTE,7581066.06,34858249.41,34133094.9,,,,,,,False,False,False
SANTA MARIA DA VITORIA,BA,2020,MÉDIO PORTE,7577052.6,38951074.46,33371617.53,,,,,,,False,False,False
SANTA MARIA DA VITORIA,BA,2021,MÉDIO PORTE,16196911.42,40726055.76000001,32663924.09,,,,,,,False,False,False
SANTA MARIA DA VITORIA,BA,2022,MÉDIO PORTE,13648223.32,50741076.84,35356275.91,,,,,,,False,False,False
SANTA MARIA DA VITORIA,BA,2023,MÉDIO PORTE,8036603.47,61835342.04,38156437.82,,,,,,,False,False,False
SANTA MARIA DA VITORIA,BA,2024,MÉDIO PORTE,9222023.52,63594607.89,34002785.26,,,,,,,False,False,False
SANTA MARIA DE JETIBA,ES,2019,MÉDIO PORTE,7662858.31,56385728.2,42126459.79,,,,,,,False,False,False
SANTA MARIA DE JETIBA,ES,2020,MÉDIO PORTE,8910802.08,69796609.04,39048623.519999996,,,,,,,False,False,False
SANTA MARIA DE JETIBA,ES,2021,MÉDIO PORTE,8773143.14,76949818.72,33458777.98,,,,,,,False,False,False
SANTA MARIA DE JETIBA,ES,2022,MÉDIO PORTE,9860779.93,79576675.97,36729565.7,,,,,,,False,False,False
SANTA MARIA DE JETIBA,ES,2023,MÉDIO PORTE,11091570.85,88347350.25,41503247.15,,,,,,,False,False,False
SANTA MARIA DE JETIBA,ES,2024,MÉDIO PORTE,11952068.72,106514804.59,35646027.61,2021-02-05 00:00:00,2021-02-05 00:00:00,2022-06-02 00:00:00,I,,I,False,False,False
SANTA MARIA DO HERVAL,RS,2019,PEQUENO PORTE,2021650.61,17738036.98,31662583.73,,,,,,,False,False,False
SANTA MARIA DO HERVAL,RS,2020,PEQUENO PORTE,2290152.79,20355656.25,30938277.3,,,,,,,False,False,False
SANTA MARIA DO HERVAL,RS,2021,PEQUENO PORTE,2717065.9,22513480.9,30181546.73,,,,,,,False,False,False
SANTA MARIA DO HERVAL,RS,2022,PEQUENO PORTE,3334238.23,29977313.1,32617621.2,,,,,,,False,False,False
SANTA MARIA DO HERVAL,RS,2023,PEQUENO PORTE,2980392.0,28366012.48,33618047.33,,,,,,,False,False,False
SANTA MARIA DO HERVAL,RS,2024,PEQUENO PORTE,1975502.38,33248974.25,32606600.72,,,,,,,False,False,False
SANTA RITA D'OESTE,SP,2019,PEQUENO PORTE,1215171.1,14375212.34,30702665.55,,,,,,,False,False,False
SANTA RITA D'OESTE,SP,2020,PEQUENO PORTE,1413177.01,15368821.71,30429046.669999998,,,,,,,False,False,False
SANTA RITA D'OESTE,SP,2021,PEQUENO PORTE,1446814.51,16515717.34,30414857.189999998,,,,,,,False,False,False
SANTA RITA D'OESTE,SP,2022,PEQUENO PORTE,1754794.08,17274582.89,31827183.419999998,,,,,,,False,False,False
SANTA RITA D'OESTE,SP,2023,PEQUENO PORTE,2008371.98,19671229.48,31563856.18,,,,,,,False,False,False
SANTA RITA D'OESTE,SP,2024,PEQUENO PORTE,2080736.27,22722844.4,32115508.79,,,,,,,False,False,False
SANTA RITA DO TOCANTINS,TO,2019,PEQUENO PORTE,468766.8,105996.29,29884117.55,,,,,,,False,False,False
SANTA RITA DO TOCANTINS,TO,2020,PEQUENO PORTE,507455.51,611291.48,29909351.95,,,,,,,False,False,False
SANTA RITA DO TOCANTINS,TO,2021,PEQUENO PORTE,531086.01,1094326.47,29881453.02,,,,,,,False,False,False
SANTA RITA DO TOCANTINS,TO,2022,PEQUENO PORTE,651067.58,1522986.1,29986849.22,,,,,,,False,False,False
SANTA RITA DO TOCANTINS,TO,2023,PEQUENO PORTE,805961.4,2181374.83,30247292.619999997,,,,,,,False,False,False
SANTA RITA DO TOCANTINS,TO,2024,PEQUENO PORTE,1560082.59,3179451.76,30162468.14,,,,,,,False,False,False
SANTA RITA DO TRIVELATO,MT,2019,PEQUENO PORTE,1483119.69,11042992.34,29862452.79,,,,,,,False,False,False
SANTA RITA DO TRIVELATO,MT,2020,PEQUENO PORTE,1940435.74,13070911.86,29862452.79,,,,,,,False,False,False
SANTA RITA DO TRIVELATO,MT,2021,PEQUENO PORTE,2086677.14,15229492.88,29862452.79,,,,,,,False,False,False
SANTA RITA DO TRIVELATO,MT,2022,PEQUENO PORTE,2231733.47,16749845.07,29956810.23,,,,,,,False,False,False
SANTA RITA DO TRIVELATO,MT,2023,PEQUENO PORTE,2541469.58,19797911.53,32726627.86,,,,,,,False,False,False
SANTA RITA DO TRIVELATO,MT,2024,PEQUENO PORTE,3295705.54,24102135.78,31188447.2,2022-09-23 00:00:00,2022-09-22 00:00:00,,,,,False,False,False
SANTA ROSA DE GOIAS,GO,2019,PEQUENO PORTE,1101761.92,802063.79,29863611.89,,,,,,,False,False,False
SANTA ROSA DE GOIAS,GO,2020,PEQUENO PORTE,878932.28,909458.0,29862833.939999998,,,,,,,False,False,False
SANTA ROSA DE GOIAS,GO,2021,PEQUENO PORTE,949924.64,158213.91,29863419.97,,,,,,,False,False,False
SANTA ROSA DE GOIAS,GO,2022,PEQUENO PORTE,1067419.83,546578.97,29867225.869999997,,,,,,,False,False,False
SANTA ROSA DE GOIAS,GO,2023,PEQUENO PORTE,1393508.31,42928.74,29867393.89,,,,,,,False,False,False
SANTA ROSA DE GOIAS,GO,2024,PEQUENO PORTE,1647875.45,33101.42,29864651.36,,,,,,,False,False,False
SANTA TEREZINHA,MT,2019,PEQUENO PORTE,2151231.91,11365311.17,31342873.14,,,,,,,False,False,False
SANTA TEREZINHA,MT,2020,PEQUENO PORTE,2209528.71,14485625.49,30785207.52,,,,,,,False,False,False
SANTA TEREZINHA,MT,2021,PEQUENO PORTE,2617430.09,16819903.86,29571759.55,,,,,,,False,False,False
SANTA TEREZINHA,MT,2022,PEQUENO PORTE,3411382.33,18155782.54,31506836.22,,,,,,,False,False,False
SANTA TEREZINHA,MT,2023,PEQUENO PORTE,2166048.65,22176810.5,33268114.74,,,,,,,False,False,False
SANTA TEREZINHA,MT,2024,PEQUENO PORTE,2089767.52,26144605.86,30604040.58,,,,,,,False,False,False
SANTA TEREZINHA,PE,2019,MÉDIO PORTE,1616571.76,54317.25,29868736.82,,,,,,,False,False,False
SANTA TEREZINHA,PE,2020,MÉDIO PORTE,1853598.08,174896.76,29870287.08,,,,,,,False,False,False
SANTA TEREZINHA,PE,2021,MÉDIO PORTE,3303541.89,278953.57,29875341.02,,,,,,,False,False,False
SANTA TEREZINHA,PE,2022,PEQUENO PORTE,3861711.02,3394827.8,30100680.63,,,,,,,False,False,False
SANTA TEREZINHA,PE,2023,PEQUENO PORTE,4475081.45,2453519.64,30022043.06,,,,,,,False,False,False
SANTA TEREZINHA,PE,2024,PEQUENO PORTE,4247003.06,387549.77,29897439.349999998,,,,,,,False,False,False
SANTA TEREZINHA DE GOIAS,GO,2019,PEQUENO PORTE,1706081.34,1251523.77,29925748.439999998,,,,,,,False,False,False
SANTA TEREZINHA DE GOIAS,GO,2020,PEQUENO PORTE,2810921.41,288692.14,29931058.5,,,,,,,False,False,False
SANTA TEREZINHA DE GOIAS,GO,2021,PEQUENO PORTE,4615594.07,836811.6699999999,29956034.45,,,,,,,False,False,False
SANTA TEREZINHA DE GOIAS,GO,2022,PEQUENO PORTE,5194710.58,3277239.87,30230331.59,,,,,,,False,False,False
SANTA TEREZINHA DE GOIAS,GO,2023,PEQUENO PORTE,5914578.25,4407297.53,30458818.759999998,,,,,,,False,False,False
SANTA TEREZINHA DE GOIAS,GO,2024,PEQUENO PORTE,5910102.38,5805238.21,30273668.919999998,,,,,,,False,False,False
SANTA VITORIA,MG,2019,MÉDIO PORTE,9521816.56,30894990.44,32551474.99,,,,,,,False,False,False
SANTA VITORIA,MG,2020,MÉDIO PORTE,10368194.11,32509350.02,32201472.689999998,,,,,,,False,False,False
SANTA VITORIA,MG,2021,MÉDIO PORTE,11017259.01,31314705.03,29993886.52,,,,,,,False,False,False
SANTA VITORIA,MG,2022,MÉDIO PORTE,20885028.21,27488655.91,31527688.509999998,,,,,,,False,False,False
SANTA VITORIA,MG,2023,MÉDIO PORTE,12197037.94,28379362.12,34218211.46,,,,,,,False,False,False
SANTA VITORIA,MG,2024,MÉDIO PORTE,13471434.59,33074405.0,32226513.849999998,2021-12-22 00:00:00,2021-12-06 00:00:00,,,,,False,False,False
SANTANA DA BOA VISTA,RS,2019,PEQUENO PORTE,3291661.44,29368350.54000001,32358450.049999997,,,,,,,False,False,False
SANTANA DA BOA VISTA,RS,2020,PEQUENO PORTE,3422706.4,32477651.28,31501836.73,,,,,,,False,False,False
SANTANA DA BOA VISTA,RS,2021,PEQUENO PORTE,3851629.7,34747303.29,30897297.06,,,,,,,False,False,False
SANTANA DA BOA VISTA,RS,2022,PEQUENO PORTE,5001003.76,36825629.02,33913580.01,,,,,,,False,False,False
SANTANA DA BOA VISTA,RS,2023,PEQUENO PORTE,4943088.82,42347955.2,35332275.58,,,,,,,False,False,False
SANTANA DA BOA VISTA,RS,2024,PEQUENO PORTE,3868856.16,49853244.55,33889566.83,,,,,,,False,False,False
SANTANA DE PARNAIBA,SP,2019,GRANDE PORTE,63722709.42,620878789.21,132592323.24000001,,,,,,,False,False,False
SANTANA DE PARNAIBA,SP,2020,GRANDE PORTE,72078026.04,774216641.23,70446197.25,,,,,,,False,False,False
SANTANA DE PARNAIBA,SP,2021,GRANDE PORTE,77832468.39,877892903.06,14355628.09,,,,,,,False,False,False
SANTANA DE PARNAIBA,SP,2022,GRANDE PORTE,99834176.69,925299975.96,76098159.75999999,,,,,,,False,False,False
SANTANA DE PARNAIBA,SP,2023,GRANDE PORTE,114348178.81,1040842993.03,167785253.19,,,,,,,False,False,False
SANTANA DE PARNAIBA,SP,2024,GRANDE PORTE,122904697.68,1268319334.48,159675942.43,2019-04-30 00:00:00,2019-04-10 00:00:00,2021-12-17 00:00:00,I,2024-12-13 00:00:00,I,False,False,False
SANTANA DO CARIRI,CE,2019,MÉDIO PORTE,4062121.54,13699106.4,31109609.57,,,,,,,False,False,False
SANTANA DO CARIRI,CE,2020,MÉDIO PORTE,2118527.03,17461413.62,30530814.45,,,,,,,False,False,False
SANTANA DO CARIRI,CE,2021,MÉDIO PORTE,6505159.17,18298780.37,30058002.119999997,,,,,,,False,False,False
SANTANA DO CARIRI,CE,2022,MÉDIO PORTE,7836513.57,23418577.36,31082508.46,,,,,,,False,False,False
SANTANA DO CARIRI,CE,2023,MÉDIO PORTE,4950492.7,30917982.64,33755187.41,,,,,,,False,False,False
SANTANA DO CARIRI,CE,2024,MÉDIO PORTE,3949711.09,34636184.72,32984803.7,,,,,,,False,False,False
SANTANA DO ITARARE,PR,2019,PEQUENO PORTE,1728929.17,3720908.42,30862849.09,,,,,,,False,False,False
SANTANA DO ITARARE,PR,2020,PEQUENO PORTE,2084038.15,6385705.93,30290216.509999998,,,,,,,False,False,False
SANTANA DO ITARARE,PR,2021,PEQUENO PORTE,2245963.56,8325747.95,29647242.009999998,,,,,,,False,False,False
SANTANA DO ITARARE,PR,2022,PEQUENO PORTE,2235878.18,9730757.12,31050646.529999997,,,,,,,False,False,False
SANTANA DO ITARARE,PR,2023,PEQUENO PORTE,2604910.19,11913914.97,32027172.16,,,,,,,False,False,False
SANTANA DO ITARARE,PR,2024,PEQUENO PORTE,3481820.92,15526562.04,29900521.849999998,,,,,,,False,False,False
SANTANA DO LIVRAMENTO,RS,2019,MÉDIO PORTE,16513878.83,26255347.47,32880661.2,,,,,,,False,False,False
SANTANA DO LIVRAMENTO,RS,2020,MÉDIO PORTE,16504609.15,23233730.5,30544993.98,,,,,,,False,False,False
SANTANA DO LIVRAMENTO,RS,2021,MÉDIO PORTE,29680057.63,15865647.55,30457238.849999998,,,,,,,False,False,False
SANTANA DO LIVRAMENTO,RS,2022,MÉDIO PORTE,38296224.98,23911554.18,32750004.259999998,,,,,,,False,False,False
SANTANA DO LIVRAMENTO,RS,2023,MÉDIO PORTE,35813827.74,41468097.5,35996935.26,,,,,,,False,False,False
SANTANA DO LIVRAMENTO,RS,2024,MÉDIO PORTE,40888037.15,57030737.69,35181433.839999996,2024-04-08 00:00:00,2024-04-05 00:00:00,,,,,False,False,False
SANTIAGO,RS,2019,MÉDIO PORTE,19860339.31,87657234.91,37860592.269999996,,,,,,,False,False,False
SANTIAGO,RS,2020,MÉDIO PORTE,22324468.3,97139070.02,34121119.43,,,,,,,False,False,False
SANTIAGO,RS,2021,MÉDIO PORTE,24961101.75,102151182.14,32327390.669999998,,,,,,,False,False,False
SANTIAGO,RS,2022,MÉDIO PORTE,22508703.82,105110291.08,41123056.59,,,,,,,False,False,False
SANTIAGO,RS,2023,MÉDIO PORTE,21358983.52,114141299.77,44620825.269999996,,,,,,,False,False,False
SANTIAGO,RS,2024,MÉDIO PORTE,28062761.69,122379016.38,39810693.48,,,,,,,False,False,False
SANTO ANDRE,SP,2019,GRANDE PORTE,156044254.88,650499098.1400001,148793251.43,,,,,,,False,False,False
SANTO ANDRE,SP,2020,GRANDE PORTE,151009628.75,850208018.0500001,85426163.99000001,,,,,,,False,False,False
SANTO ANDRE,SP,2021,GRANDE PORTE,178031793.03,836015732.36,25397425.419999998,,,,,,,False,False,False
SANTO ANDRE,SP,2022,GRANDE PORTE,191808250.12,823309393.26,56477662.129999995,,,,,,,False,False,False
SANTO ANDRE,SP,2023,GRANDE PORTE,200712288.62,815301243.37,138792544.1,,,,,,,False,False,False
SANTO ANDRE,SP,2024,GRANDE PORTE,236459105.83,877437224.95,186165223.47,2018-12-21 00:00:00,2018-12-18 00:00:00,2020-01-03 00:00:00,I,VENCIDA,,False,False,False
SANTO ANTONIO DA BARRA,GO,2019,PEQUENO PORTE,2028349.65,7392207.58,30620574.599999998,,,,,,,False,False,False
SANTO ANTONIO DA BARRA,GO,2020,PEQUENO PORTE,2137352.8,9187547.8,30459092.779999997,,,,,,,False,False,False
SANTO ANTONIO DA BARRA,GO,2021,PEQUENO PORTE,2616021.07,10846756.66,30269825.47,,,,,,,False,False,False
SANTO ANTONIO DA BARRA,GO,2022,PEQUENO PORTE,2855524.25,11920100.95,30984283.8,,,,,,,False,False,False
SANTO ANTONIO DA BARRA,GO,2023,PEQUENO PORTE,3913153.32,13018444.98,31465564.46,,,,,,,False,False,False
SANTO ANTONIO DA BARRA,GO,2024,PEQUENO PORTE,1293244.29,14857104.43,30084108.34,,,,,,,False,False,False
SANTO ANTONIO DA PATRULHA,RS,2019,MÉDIO PORTE,15137717.33,101145376.14,41601691.34,,,,,,,False,False,False
SANTO ANTONIO DA PATRULHA,RS,2020,MÉDIO PORTE,18173175.92,117745728.01,38992772.17,,,,,,,False,False,False
SANTO ANTONIO DA PATRULHA,RS,2021,MÉDIO PORTE,19624963.85,134953881.97,33327563.72,,,,,,,False,False,False
SANTO ANTONIO DA PATRULHA,RS,2022,MÉDIO PORTE,24115931.96,150054352.95,43221486.35,,,,,,,False,False,False
SANTO ANTONIO DA PATRULHA,RS,2023,MÉDIO PORTE,20643786.19,170807498.79,52341838.239999995,,,,,,,False,False,False
SANTO ANTONIO DA PATRULHA,RS,2024,MÉDIO PORTE,21625703.52,197006283.71,45041396.69,2018-10-17 00:00:00,2018-10-10 00:00:00,2020-09-08 00:00:00,I,2023-12-29 00:00:00,I,False,False,False
SANTO ANTONIO DE GOIAS,GO,2019,PEQUENO PORTE,1518373.6,6393999.449999999,30481635.189999998,,,,,,,False,False,False
SANTO ANTONIO DE GOIAS,GO,2020,PEQUENO PORTE,1633746.76,6870310.12,30583115.91,,,,,,,False,False,False
SANTO ANTONIO DE GOIAS,GO,2021,PEQUENO PORTE,1470787.0,7775944.75,30300492.849999998,,,,,,,False,False,False
SANTO ANTONIO DE GOIAS,GO,2022,PEQUENO PORTE,2109591.7,8304623.83,30654901.02,,,,,,,False,False,False
SANTO ANTONIO DE GOIAS,GO,2023,PEQUENO PORTE,2361805.25,9318499.43,31030955.0,,,,,,,False,False,False
SANTO ANTONIO DE GOIAS,GO,2024,PEQUENO PORTE,2062822.91,10399548.52,30636797.2,,,,,,,False,False,False
SANTO ANTONIO DO LEVERGER,MT,2019,PEQUENO PORTE,210064.75,8312893.91,30832494.029999997,,,,,,,False,False,False
SANTO ANTONIO DO LEVERGER,MT,2020,PEQUENO PORTE,130342.13,7634973.39,30227163.04,,,,,,,False,False,False
SANTO ANTONIO DO LEVERGER,MT,2021,PEQUENO PORTE,2746497.91,6717470.42,29848054.23,,,,,,,False,False,False
SANTO ANTONIO DO LEVERGER,MT,2022,PEQUENO PORTE,3312608.6,6812858.25,30199906.119999997,,,,,,,False,False,False
SANTO ANTONIO DO LEVERGER,MT,2023,PEQUENO PORTE,3207521.12,10037085.93,30963811.7,,,,,,,False,False,False
SANTO ANTONIO DO LEVERGER,MT,2024,PEQUENO PORTE,82160.45,12096245.83,33131961.09,2022-08-15 00:00:00,2022-07-28 00:00:00,,,,,False,False,False
SANTO ANTONIO DOS MILAGRES,PI,2019,PEQUENO PORTE,585788.84,1459537.61,29974539.48,,,,,,,False,False,False
SANTO ANTONIO DOS MILAGRES,PI,2020,PEQUENO PORTE,418406.85,1959742.64,29963783.4,,,,,,,False,False,False
SANTO ANTONIO DOS MILAGRES,PI,2021,PEQUENO PORTE,477926.76,2305734.6,29912153.41,,,,,,,False,False,False
SANTO ANTONIO DOS MILAGRES,PI,2022,PEQUENO PORTE,715363.42,2553166.29,30078526.15,,,,,,,False,False,False
SANTO ANTONIO DOS MILAGRES,PI,2023,PEQUENO PORTE,759350.01,3065211.82,30273932.099999998,,,,,,,False,False,False
SANTO ANTONIO DOS MILAGRES,PI,2024,PEQUENO PORTE,871872.04,3678526.54,30067144.7,,,,,,,False,False,False
SAO BENEDITO DO SUL,PE,2019,PEQUENO PORTE,2302785.23,8590173.25,30729291.27,,,,,,,False,False,False
SAO BENEDITO DO SUL,PE,2020,PEQUENO PORTE,2711850.07,9725617.95,30374502.55,,,,,,,False,False,False
SAO BENEDITO DO SUL,PE,2021,PEQUENO PORTE,3734905.68,11720805.9,30455026.419999998,,,,,,,False,False,False
SAO BENEDITO DO SUL,PE,2022,PEQUENO PORTE,4220535.26,13658458.3,31937248.39,,,,,,,False,False,False
SAO BENEDITO DO SUL,PE,2023,PEQUENO PORTE,3316427.17,17663547.73,32367677.15,,,,,,,False,False,False
SAO BENEDITO DO SUL,PE,2024,PEQUENO PORTE,3859581.29,21016347.34,31666591.31,,,,,,,False,False,False
SAO BENTO,PB,2019,MÉDIO PORTE,6571372.7,1556395.15,30084974.58,,,,,,,False,False,False
SAO BENTO,PB,2020,MÉDIO PORTE,6169616.74,3214954.85,30134656.48,,,,,,,False,False,False
SAO BENTO,PB,2021,MÉDIO PORTE,9176129.26,3485163.18,29967687.83,,,,,,,False,False,False
SAO BENTO,PB,2022,MÉDIO PORTE,12483741.81,4254316.01,30399183.55,,,,,,,False,False,False
SAO BENTO,PB,2023,MÉDIO PORTE,14856424.3,7297710.83,31100853.86,,,,,,,False,False,False
SAO BENTO,PB,2024,MÉDIO PORTE,16789346.51,9317847.92,30517081.38,,,,,,,False,False,False
SAO BENTO DO UNA,PE,2019,MÉDIO PORTE,6835257.72,11124538.39,31305837.56,,,,,,,False,False,False
SAO BENTO DO UNA,PE,2020,MÉDIO PORTE,7408294.18,13828216.27,30071514.509999998,,,,,,,False,False,False
SAO BENTO DO UNA,PE,2021,MÉDIO PORTE,7290631.45,16626387.31,30875025.24,,,,,,,False,False,False
SAO BENTO DO UNA,PE,2022,MÉDIO PORTE,9157003.72,19457916.18,32458738.24,,,,,,,False,False,False
SAO BENTO DO UNA,PE,2023,MÉDIO PORTE,13533141.47,22748345.14,33281060.549999997,,,,,,,False,False,False
SAO BENTO DO UNA,PE,2024,MÉDIO PORTE,14347435.61,27370012.4,34922259.73,,,,,,,False,False,False
SAO BRAZ DO PIAUI,PI,2019,PEQUENO PORTE,855153.54,1063877.25,29927017.22,,,,,,,False,False,False
SAO BRAZ DO PIAUI,PI,2020,PEQUENO PORTE,958285.2,1793774.55,29896127.18,,,,,,,False,False,False
SAO BRAZ DO PIAUI,PI,2021,PEQUENO PORTE,1487111.39,2538216.67,29899955.419999998,,,,,,,False,False,False
SAO BRAZ DO PIAUI,PI,2022,PEQUENO PORTE,1998662.86,3732838.15,30152831.96,,,,,,,False,False,False
SAO BRAZ DO PIAUI,PI,2023,PEQUENO PORTE,1551398.84,5945763.83,30550744.7,,,,,,,False,False,False
SAO BRAZ DO PIAUI,PI,2024,PEQUENO PORTE,1595059.17,7510777.37,30412418.84,,,,,,,False,False,False
SAO CRISTOVAO DO SUL,SC,2019,PEQUENO PORTE,1585903.22,18638317.13,29862452.79,,,,,,,False,False,False
SAO CRISTOVAO DO SUL,SC,2020,PEQUENO PORTE,1834427.07,23600325.24,29862452.79,,,,,,,False,False,False
SAO CRISTOVAO DO SUL,SC,2021,PEQUENO PORTE,1977997.4,24787388.28,29862452.79,,,,,,,False,False,False
SAO CRISTOVAO DO SUL,SC,2022,PEQUENO PORTE,2102437.84,25458977.63,30630816.79,,,,,,,False,False,False
SAO CRISTOVAO DO SUL,SC,2023,PEQUENO PORTE,2229288.34,29889699.85,34109444.73,,,,,,,False,False,False
SAO CRISTOVAO DO SUL,SC,2024,PEQUENO PORTE,2664206.71,35326446.24,32839485.419999998,,,,,,,False,False,False
SAO DOMINGOS,GO,2019,PEQUENO PORTE,1846190.47,6863571.560000001,30389117.98,,,,,,,False,False,False
SAO DOMINGOS,GO,2020,MÉDIO PORTE,2005314.22,6836646.1,29862452.79,,,,,,,False,False,False
SAO DOMINGOS,GO,2021,MÉDIO PORTE,2828609.41,4992036.46,29963082.72,,,,,,,False,False,False
SAO DOMINGOS,GO,2022,MÉDIO PORTE,2907340.96,3714286.58,30090515.939999998,,,,,,,False,False,False
SAO DOMINGOS,GO,2023,PEQUENO PORTE,328018.03,1884780.33,29883299.39,,,,,,,False,False,False
SAO DOMINGOS,GO,2024,PEQUENO PORTE,6021067.01,477414.5,29862452.79,,,,,,,False,False,False
SAO FIDELIS,RJ,2019,MÉDIO PORTE,6196504.21,26861757.73,33719158.61,,,,,,,False,False,False
SAO FIDELIS,RJ,2020,MÉDIO PORTE,3549187.25,25846844.8,30898855.52,,,,,,,False,False,False
SAO FIDELIS,RJ,2021,MÉDIO PORTE,7410694.75,17349922.87,29712857.74,,,,,,,False,False,False
SAO FIDELIS,RJ,2022,MÉDIO PORTE,9970785.9,13439817.87,30785076.24,,,,,,,False,False,False
SAO FIDELIS,RJ,2023,MÉDIO PORTE,12038027.51,9077343.62,30551406.22,,,,,,,False,False,False
SAO FIDELIS,RJ,2024,MÉDIO PORTE,12152243.23,1881566.77,30121063.83,,,,,,,False,False,False
SAO FRANCISCO,MG,2019,MÉDIO PORTE,7910250.58,91809983.54,43243353.01,,,,,,,False,False,False
SAO FRANCISCO,MG,2020,MÉDIO PORTE,10215793.28,107111148.72,40249704.45,,,,,,,False,False,False
SAO FRANCISCO,MG,2021,MÉDIO PORTE,11008639.35,121372546.97,27673131.25,,,,,,,False,False,False
SAO FRANCISCO,MG,2022,MÉDIO PORTE,9916054.79,124455135.5,39381386.019999996,,,,,,,False,False,False
SAO FRANCISCO,MG,2023,MÉDIO PORTE,8659660.87,135953487.78,48119486.849999994,,,,,,,False,False,False
SAO FRANCISCO,MG,2024,MÉDIO PORTE,12231999.99,153442917.44,36390015.71,,,,,,,False,False,False
SAO FRANCISCO,SP,2019,PEQUENO PORTE,1537173.39,7689976.02,30574723.75,,,,,,,False,False,False
SAO FRANCISCO,SP,2020,PEQUENO PORTE,1565870.8,7412894.010000002,30349101.56,,,,,,,False,False,False
SAO FRANCISCO,SP,2021,PEQUENO PORTE,1570303.77,7881989.4,30091574.65,,,,,,,False,False,False
SAO FRANCISCO,SP,2022,PEQUENO PORTE,1596353.2,7560303.45,30051456.97,,,,,,,False,False,False
SAO FRANCISCO,SP,2023,PEQUENO PORTE,1798280.41,6569580.8,30731532.84,,,,,,,False,False,False
SAO FRANCISCO,SP,2024,PEQUENO PORTE,2268187.21,6527964.17,30092903.27,,,,,,,False,False,False
SAO FRANCISCO DE ASSIS,RS,2019,MÉDIO PORTE,6250862.99,32139410.56,32338125.71,,,,,,,False,False,False
SAO FRANCISCO DE ASSIS,RS,2020,MÉDIO PORTE,7424592.98,33711440.39,31571227.529999997,,,,,,,False,False,False
SAO FRANCISCO DE ASSIS,RS,2021,MÉDIO PORTE,8207179.86,35768725.09,31311905.869999997,,,,,,,False,False,False
SAO FRANCISCO DE ASSIS,RS,2022,MÉDIO PORTE,9848929.2,35693778.43,33785624.2,,,,,,,False,False,False
SAO FRANCISCO DE ASSIS,RS,2023,MÉDIO PORTE,10546498.18,38590709.2,34629437.48,,,,,,,False,False,False
SAO FRANCISCO DE ASSIS,RS,2024,MÉDIO PORTE,10943645.6,41866694.98,33373773.77,,,,,,,False,False,False
SAO FRANCISCO DO PIAUI,PI,2019,PEQUENO PORTE,1980995.98,3846069.45,30146081.0,,,,,,,False,False,False
SAO FRANCISCO DO PIAUI,PI,2020,PEQUENO PORTE,1732199.65,5129951.87,30067587.66,,,,,,,False,False,False
SAO FRANCISCO DO PIAUI,PI,2021,PEQUENO PORTE,3028234.04,6787147.35,30074961.58,,,,,,,False,False,False
SAO FRANCISCO DO PIAUI,PI,2022,PEQUENO PORTE,3347647.13,9015017.72,31800287.8,,,,,,,False,False,False
SAO FRANCISCO DO PIAUI,PI,2023,PEQUENO PORTE,4055395.04,11858406.02,31052912.72,,,,,,,False,False,False
SAO FRANCISCO DO PIAUI,PI,2024,PEQUENO PORTE,4169556.5,14737944.27,31241223.05,,,,,,,False,False,False
SAO GABRIEL DA PALHA,ES,2019,MÉDIO PORTE,7266453.35,16679749.11,32272995.73,,,,,,,False,False,False
SAO GABRIEL DA PALHA,ES,2020,MÉDIO PORTE,7943830.39,15398625.5,30574961.91,,,,,,,False,False,False
SAO GABRIEL DA PALHA,ES,2021,MÉDIO PORTE,8144899.13,17098156.97,29949354.86,,,,,,,False,False,False
SAO GABRIEL DA PALHA,ES,2022,MÉDIO PORTE,8732535.18,23809190.78,32680759.53,,,,,,,False,False,False
SAO GABRIEL DA PALHA,ES,2023,MÉDIO PORTE,9517365.96,32064973.2,34610369.4,,,,,,,False,False,False
SAO GABRIEL DA PALHA,ES,2024,MÉDIO PORTE,11693059.46,45439251.02,34475846.46,,,,,,,False,False,False
SAO GONCALO,RJ,2019,GRANDE PORTE,76989937.95,22483709.47,32100285.08,,,,,,,False,False,False
SAO GONCALO,RJ,2020,GRANDE PORTE,76268879.96,38535907.0,34440628.4,,,,,,,False,False,False
SAO GONCALO,RJ,2021,GRANDE PORTE,81501305.29,75607156.82000001,33381429.25,,,,,,,False,False,False
SAO GONCALO,RJ,2022,GRANDE PORTE,85604334.74,91197224.29,36367730.49,,,,,,,False,False,False
SAO GONCALO,RJ,2023,GRANDE PORTE,113737390.19,107335099.43,32375945.86,,,,,,,False,False,False
SAO GONCALO,RJ,2024,GRANDE PORTE,129355068.02,118043691.04,30989666.24,2023-12-23 00:00:00,2023-12-21 00:00:00,,,,,False,False,False
SAO GONCALO DO AMARANTE,CE,2019,MÉDIO PORTE,11075000.92,74478418.25,29862452.79,,,,,,,False,False,False
SAO GONCALO DO AMARANTE,CE,2020,MÉDIO PORTE,13128633.43,80125847.02000001,33067822.59,,,,,,,False,False,False
SAO GONCALO DO AMARANTE,CE,2021,MÉDIO PORTE,17511270.7,76783074.31,30986979.02,,,,,,,False,False,False
SAO GONCALO DO AMARANTE,CE,2022,MÉDIO PORTE,23833843.48,94121242.52,34050883.879999995,,,,,,,False,False,False
SAO GONCALO DO AMARANTE,CE,2023,MÉDIO PORTE,27488642.05,114898422.9,45335677.239999995,,,,,,,False,False,False
SAO GONCALO DO AMARANTE,CE,2024,MÉDIO PORTE,30390554.44,148938648.7,39086368.89,2023-05-10 00:00:00,2023-04-25 00:00:00,,,,,False,False,False
SAO GONCALO DO AMARANTE,RN,2019,MÉDIO PORTE,13613574.77,94150686.39000002,45477432.72,,,,,,,False,False,False
SAO GONCALO DO AMARANTE,RN,2020,MÉDIO PORTE,9199560.53,112841442.14,33458109.39,,,,,,,False,False,False
SAO GONCALO DO AMARANTE,RN,2021,MÉDIO PORTE,19487690.01,119238078.28,31919920.25,,,,,,,False,False,False
SAO GONCALO DO AMARANTE,RN,2022,MÉDIO PORTE,30056569.66,139904357.14,38509895.989999995,,,,,,,False,False,False
SAO GONCALO DO AMARANTE,RN,2023,MÉDIO PORTE,28127723.84,167008943.28,54904024.56,,,,,,,False,False,False
SAO GONCALO DO AMARANTE,RN,2024,MÉDIO PORTE,31337393.78,208412474.23,48978571.879999995,,,,,,,False,False,False
SAO GONCALO DO PIAUI,PI,2019,PEQUENO PORTE,752312.53,773057.8999999999,29948337.05,,,,,,,False,False,False
SAO GONCALO DO PIAUI,PI,2020,PEQUENO PORTE,894359.81,1324710.47,29937066.91,,,,,,,False,False,False
SAO GONCALO DO PIAUI,PI,2021,PEQUENO PORTE,966292.81,1225464.32,29901887.779999997,,,,,,,False,False,False
SAO GONCALO DO PIAUI,PI,2022,PEQUENO PORTE,1180008.09,1811839.98,30025775.48,,,,,,,False,False,False
SAO GONCALO DO PIAUI,PI,2023,PEQUENO PORTE,1310488.9,1913955.25,30099735.83,,,,,,,False,False,False
SAO GONCALO DO PIAUI,PI,2024,PEQUENO PORTE,1202936.2,1503218.34,29945252.95,2022-02-03 00:00:00,2021-12-14 00:00:00,,,,,False,False,False
SAO JOAO,PE,2019,MÉDIO PORTE,6395025.74,3988.55,29862737.43,,,,,,,False,False,False
SAO JOAO,PE,2020,MÉDIO PORTE,2626700.49,3362.140000000001,29862452.79,,,,,,,False,False,False
SAO JOAO,PE,2021,MÉDIO PORTE,8449301.94,89.19000000000001,29862452.79,,,,,,,False,False,False
SAO JOAO,PE,2022,MÉDIO PORTE,11164710.02,171008.05,29879715.65,,,,,,,False,False,False
SAO JOAO,PE,2023,MÉDIO PORTE,13231968.49,32631.99,29887107.669999998,,,,,,,False,False,False
SAO JOAO,PE,2024,MÉDIO PORTE,14810250.78,94.08,29916499.189999998,,,,,,,False,False,False
SAO JOAO D'ALIANCA,GO,2019,PEQUENO PORTE,3710293.34,8954220.55,31236356.83,,,,,,,False,False,False
SAO JOAO D'ALIANCA,GO,2020,PEQUENO PORTE,4502726.29,11990655.77,30745890.11,,,,,,,False,False,False
SAO JOAO D'ALIANCA,GO,2021,PEQUENO PORTE,4566273.71,15511974.57,29587377.099999998,,,,,,,False,False,False
SAO JOAO D'ALIANCA,GO,2022,PEQUENO PORTE,5161561.74,18376953.99,31482813.81,,,,,,,False,False,False
SAO JOAO D'ALIANCA,GO,2023,PEQUENO PORTE,6492690.83,23124295.97,33400341.58,,,,,,,False,False,False
SAO JOAO D'ALIANCA,GO,2024,PEQUENO PORTE,7869323.35,30505512.32,30748040.65,,,,,,,False,False,False
SAO JOAO DA LAGOA,MG,2019,PEQUENO PORTE,1001837.09,6441126.430000001,30910985.54,,,,,,,False,False,False
SAO JOAO DA LAGOA,MG,2020,PEQUENO PORTE,1024220.32,7982162.470000002,31312553.13,,,,,,,False,False,False
SAO JOAO DA LAGOA,MG,2021,PEQUENO PORTE,1059756.02,9386571.89,30832009.31,,,,,,,False,False,False
SAO JOAO DA LAGOA,MG,2022,PEQUENO PORTE,1286725.67,10230678.97,31261287.43,,,,,,,False,False,False
SAO JOAO DA LAGOA,MG,2023,PEQUENO PORTE,1391759.3,11522325.11,31440279.89,,,,,,,False,False,False
SAO JOAO DA LAGOA,MG,2024,PEQUENO PORTE,1441126.76,13888407.79,30983758.41,2018-11-11 00:00:00,2018-11-09 00:00:00,2023-09-12 00:00:00,I,,I,False,False,False
SAO JOAO DA URTIGA,RS,2019,PEQUENO PORTE,2106678.91,12609901.71,31800305.57,,,,,,,False,False,False
SAO JOAO DA URTIGA,RS,2020,PEQUENO PORTE,2349490.2,15257086.51,31470652.48,,,,,,,False,False,False
SAO JOAO DA URTIGA,RS,2021,PEQUENO PORTE,2405356.07,17067473.76,29912184.7,,,,,,,False,False,False
SAO JOAO DA URTIGA,RS,2022,PEQUENO PORTE,2574748.35,18073600.84,31494498.849999998,,,,,,,False,False,False
SAO JOAO DA URTIGA,RS,2023,PEQUENO PORTE,2987419.15,20568764.47,32853275.36,,,,,,,False,False,False
SAO JOAO DA URTIGA,RS,2024,PEQUENO PORTE,3619801.97,24496878.58,30873898.99,,,,,,,False,False,False
SAO JOAO DAS DUAS PONTES,SP,2019,PEQUENO PORTE,2337683.39,7794753.02,30569603.56,,,,,,,False,False,False
SAO JOAO DAS DUAS PONTES,SP,2020,PEQUENO PORTE,2713832.01,8654549.69,30426761.36,,,,,,,False,False,False
SAO JOAO DAS DUAS PONTES,SP,2021,PEQUENO PORTE,2827034.05,10072252.53,29971601.72,,,,,,,False,False,False
SAO JOAO DAS DUAS PONTES,SP,2022,PEQUENO PORTE,3462331.97,11456866.27,31151730.86,,,,,,,False,False,False
SAO JOAO DAS DUAS PONTES,SP,2023,PEQUENO PORTE,3950019.28,13421296.74,30649930.669999998,,,,,,,False,False,False
SAO JOAO DAS DUAS PONTES,SP,2024,PEQUENO PORTE,1762927.16,18654893.64,30156737.05,,,,,,,False,False,False
SAO JOAO DE IRACEMA,SP,2019,PEQUENO PORTE,1586042.19,22492705.2,33921232.21,,,,,,,False,False,False
SAO JOAO DE IRACEMA,SP,2020,PEQUENO PORTE,1297184.95,25363636.47,31445451.31,,,,,,,False,False,False
SAO JOAO DE IRACEMA,SP,2021,PEQUENO PORTE,1666165.88,27392507.81,30192323.98,,,,,,,False,False,False
SAO JOAO DE IRACEMA,SP,2022,PEQUENO PORTE,2161874.81,28251091.55,32417228.46,,,,,,,False,False,False
SAO JOAO DE IRACEMA,SP,2023,PEQUENO PORTE,2181418.85,31529074.06,33608183.96,,,,,,,False,False,False
SAO JOAO DE IRACEMA,SP,2024,PEQUENO PORTE,2796765.93,35726446.05,32207650.91,,,,,,,False,False,False
SAO JOAO DEL REI,MG,2019,MÉDIO PORTE,11756239.69,37508235.56,34012644.42,,,,,,,False,False,False
SAO JOAO DEL REI,MG,2020,MÉDIO PORTE,12008511.76,36948436.49,30705053.939999998,,,,,,,False,False,False
SAO JOAO DEL REI,MG,2021,MÉDIO PORTE,11637645.03,33923648.41,29082534.759999998,,,,,,,False,False,False
SAO JOAO DEL REI,MG,2022,MÉDIO PORTE,39907754.9,24206357.56,31306787.4,,,,,,,False,False,False
SAO JOAO DEL REI,MG,2023,MÉDIO PORTE,44956760.94,31032227.29,33062931.759999998,,,,,,,False,False,False
SAO JOAO DEL REI,MG,2024,MÉDIO PORTE,25487471.09,37824085.35,30940093.54,,,,,,,False,False,False
SAO JOAO DO PIAUI,PI,2019,PEQUENO PORTE,3192426.73,4725020.66,30193591.599999998,,,,,,,False,False,False
SAO JOAO DO PIAUI,PI,2020,PEQUENO PORTE,3452136.58,5420871.37,30064027.7,,,,,,,False,False,False
SAO JOAO DO PIAUI,PI,2021,PEQUENO PORTE,3310459.53,6451397.12,30056735.89,,,,,,,False,False,False
SAO JOAO DO PIAUI,PI,2022,PEQUENO PORTE,4608186.5,5925542.16,30446468.74,,,,,,,False,False,False
SAO JOAO DO PIAUI,PI,2023,PEQUENO PORTE,5623347.23,5154334.93,30392128.25,,,,,,,False,False,False
SAO JOAO DO PIAUI,PI,2024,PEQUENO PORTE,6801938.03,5600663.55,30191196.13,,,,,,,False,False,False
SAO JOSE DA LAGOA TAPADA,PB,2019,PEQUENO PORTE,1693447.55,2241.17,29862593.869999997,,,,,,,False,False,False
SAO JOSE DA LAGOA TAPADA,PB,2020,PEQUENO PORTE,1949515.16,21540.1,29886630.419999998,,,,,,,False,False,False
SAO JOSE DA LAGOA TAPADA,PB,2021,PEQUENO PORTE,2205036.89,825945.0099999999,29887039.36,,,,,,,False,False,False
SAO JOSE DA LAGOA TAPADA,PB,2022,PEQUENO PORTE,2639608.09,2046130.08,30059751.64,,,,,,,False,False,False
SAO JOSE DA LAGOA TAPADA,PB,2023,PEQUENO PORTE,3368984.36,1978724.48,30113714.74,,,,,,,False,False,False
SAO JOSE DA LAGOA TAPADA,PB,2024,PEQUENO PORTE,2478959.74,2383057.26,30017049.31,,,,,,,False,False,False
SAO JOSE DO BELMONTE,PE,2019,MÉDIO PORTE,7060398.04,4594217.25,30187054.13,,,,,,,False,False,False
SAO JOSE DO BELMONTE,PE,2020,MÉDIO PORTE,8248543.96,2269000.08,29891069.56,,,,,,,False,False,False
SAO JOSE DO BELMONTE,PE,2021,MÉDIO PORTE,8763693.36,1445991.42,29871839.15,,,,,,,False,False,False
SAO JOSE DO BELMONTE,PE,2022,MÉDIO PORTE,13914050.43,490762.02,29913488.89,,,,,,,False,False,False
SAO JOSE DO BELMONTE,PE,2023,MÉDIO PORTE,47249095.41,1107246.55,30132675.599999998,,,,,,,False,False,False
SAO JOSE DO BELMONTE,PE,2024,MÉDIO PORTE,19634442.51,2906372.5,30245226.45,,,,,,,False,False,False
SAO JOSE DO CALCADO,ES,2019,PEQUENO PORTE,2022750.48,17404073.28,32631876.009999998,,,,,,,False,False,False
SAO JOSE DO CALCADO,ES,2020,PEQUENO PORTE,1926131.38,20846560.48,32434761.58,,,,,,,False,False,False
SAO JOSE DO CALCADO,ES,2021,PEQUENO PORTE,2346993.56,22786851.45,31116982.849999998,,,,,,,False,False,False
SAO JOSE DO CALCADO,ES,2022,PEQUENO PORTE,2672949.22,23991558.62,32909134.68,,,,,,,False,False,False
SAO JOSE DO CALCADO,ES,2023,PEQUENO PORTE,2713276.69,27128123.39,35006460.98,,,,,,,False,False,False
SAO JOSE DO CALCADO,ES,2024,PEQUENO PORTE,3161285.76,32733274.95,32257118.56,2021-08-16 00:00:00,2021-08-16 00:00:00,2022-05-13 00:00:00,I,,I,False,False,False
SAO JOSE DO EGITO,PE,2019,MÉDIO PORTE,4392101.59,7135044.779999999,30363092.43,,,,,,,False,False,False
SAO JOSE DO EGITO,PE,2020,MÉDIO PORTE,4723337.45,8713612.200000001,30182390.09,,,,,,,False,False,False
SAO JOSE DO EGITO,PE,2021,MÉDIO PORTE,4912406.51,11283336.13,30343924.79,,,,,,,False,False,False
SAO JOSE DO EGITO,PE,2022,MÉDIO PORTE,6095964.99,12650953.15,31362544.189999998,,,,,,,False,False,False
SAO JOSE DO EGITO,PE,2023,MÉDIO PORTE,6480518.27,15473549.46,32041499.75,,,,,,,False,False,False
SAO JOSE DO EGITO,PE,2024,MÉDIO PORTE,4931640.82,19153569.93,31534151.689999998,,,,,,,False,False,False
SAO JOSE DO HERVAL,RS,2019,PEQUENO PORTE,1361834.06,13165400.92,30922983.32,,,,,,,False,False,False
SAO JOSE DO HERVAL,RS,2020,PEQUENO PORTE,1537456.31,14482104.94,30922907.86,,,,,,,False,False,False
SAO JOSE DO HERVAL,RS,2021,PEQUENO PORTE,1510633.79,15256254.08,30280635.47,,,,,,,False,False,False
SAO JOSE DO HERVAL,RS,2022,PEQUENO PORTE,1487915.78,15183249.76,31389604.36,,,,,,,False,False,False
SAO JOSE DO HERVAL,RS,2023,PEQUENO PORTE,1930114.09,15381692.96,31756393.64,,,,,,,False,False,False
SAO JOSE DO HERVAL,RS,2024,PEQUENO PORTE,2238624.93,16284905.13,31324936.86,,,,,,,False,False,False
SAO JOSE DO HORTENCIO,RS,2019,PEQUENO PORTE,1076191.03,25949341.38,33069399.84,,,,,,,False,False,False
SAO JOSE DO HORTENCIO,RS,2020,PEQUENO PORTE,1183052.08,29665356.68,31564913.83,,,,,,,False,False,False
SAO JOSE DO HORTENCIO,RS,2021,PEQUENO PORTE,1185530.96,32312018.23,30603939.45,,,,,,,False,False,False
SAO JOSE DO HORTENCIO,RS,2022,PEQUENO PORTE,1813308.93,33514395.25,33664736.21,,,,,,,False,False,False
SAO JOSE DO HORTENCIO,RS,2023,PEQUENO PORTE,2234319.17,38238616.94,34654468.62,,,,,,,False,False,False
SAO JOSE DO HORTENCIO,RS,2024,PEQUENO PORTE,2316001.79,44425453.95,33061459.73,,,,,,,False,False,False
SAO JOSE DO INHACORA,RS,2019,PEQUENO PORTE,1847566.57,20581295.96,32518054.59,,,,,,,False,False,False
SAO JOSE DO INHACORA,RS,2020,PEQUENO PORTE,1981180.16,24145908.63,31268420.77,,,,,,,False,False,False
SAO JOSE DO INHACORA,RS,2021,PEQUENO PORTE,1995048.08,26582343.5,30610924.95,,,,,,,False,False,False
SAO JOSE DO INHACORA,RS,2022,PEQUENO PORTE,2254283.11,28199081.75,32083486.02,,,,,,,False,False,False
SAO JOSE DO INHACORA,RS,2023,PEQUENO PORTE,2597186.09,31378960.08,34081141.64,,,,,,,False,False,False
SAO JOSE DO INHACORA,RS,2024,PEQUENO PORTE,2868657.94,36597263.42,33340951.52,,,,,,,False,False,False
SAO JOSE DO POVO,MT,2019,PEQUENO PORTE,1166312.12,7069666.22,30680099.59,,,,,,,False,False,False
SAO JOSE DO POVO,MT,2020,PEQUENO PORTE,1192850.33,7726416.07,30358685.14,,,,,,,False,False,False
SAO JOSE DO POVO,MT,2021,PEQUENO PORTE,1196970.07,7722187.91,29859265.39,,,,,,,False,False,False
SAO JOSE DO POVO,MT,2022,PEQUENO PORTE,1150229.36,7053919.17,30510496.509999998,,,,,,,False,False,False
SAO JOSE DO POVO,MT,2023,PEQUENO PORTE,553251.9,6802936.8,30791022.49,,,,,,,False,False,False
SAO JOSE DO POVO,MT,2024,PEQUENO PORTE,2362526.05,6524447.13,30043298.91,2022-09-20 00:00:00,2022-07-27 00:00:00,,,,,False,False,False
SAO JOSE DO SERIDO,RN,2019,PEQUENO PORTE,1487197.97,3572253.19,30266538.5,,,,,,,False,False,False
SAO JOSE DO SERIDO,RN,2020,PEQUENO PORTE,1767174.21,3962587.650000001,30075803.96,,,,,,,False,False,False
SAO JOSE DO SERIDO,RN,2021,PEQUENO PORTE,2089251.14,4652333.13,30097663.939999998,,,,,,,False,False,False
SAO JOSE DO SERIDO,RN,2022,PEQUENO PORTE,2731635.83,6141388.44,30570306.98,,,,,,,False,False,False
SAO JOSE DO SERIDO,RN,2023,PEQUENO PORTE,1814350.03,8390225.43,30727964.57,,,,,,,False,False,False
SAO JOSE DO SERIDO,RN,2024,PEQUENO PORTE,2475496.42,10116760.8,30434710.08,,,,,,,False,False,False
SAO JOSE DOS PINHAIS,PR,2019,GRANDE PORTE,96892718.42,1040017061.07,164237952.84,,,,,,,False,False,False
SAO JOSE DOS PINHAIS,PR,2020,GRANDE PORTE,99087640.52,1188140480.79,123592021.21000001,,,,,,,False,False,False
SAO JOSE DOS PINHAIS,PR,2021,GRANDE PORTE,106048018.87,1301341198.34,44522692.15,,,,,,,False,False,False
SAO JOSE DOS PINHAIS,PR,2022,GRANDE PORTE,130842858.87,1327316869.79,150785992.18,,,,,,,False,False,False
SAO JOSE DOS PINHAIS,PR,2023,GRANDE PORTE,129535416.31,1459382009.65,232760000.17999998,,,,,,,False,False,False
SAO JOSE DOS PINHAIS,PR,2024,GRANDE PORTE,167932474.89,1683737933.81,108259674.65,2022-06-23 00:00:00,2021-09-09 00:00:00,2024-03-01 00:00:00,II,,II,False,False,False
SAO LOURENCO DA MATA,PE,2019,MÉDIO PORTE,10623556.74,6604543.9,30720535.25,,,,,,,False,False,False
SAO LOURENCO DA MATA,PE,2020,MÉDIO PORTE,11974468.76,9352331.99,30452784.279999997,,,,,,,False,False,False
SAO LOURENCO DA MATA,PE,2021,MÉDIO PORTE,12851743.83,387718.36,30052226.119999997,,,,,,,False,False,False
SAO LOURENCO DA MATA,PE,2022,MÉDIO PORTE,14918394.83,12964427.24,31195388.47,,,,,,,False,False,False
SAO LOURENCO DA MATA,PE,2023,MÉDIO PORTE,17603796.12,18168216.29,32185259.18,,,,,,,False,False,False
SAO LOURENCO DA MATA,PE,2024,MÉDIO PORTE,29831003.78,13149778.06,30386711.49,2023-04-19 00:00:00,2023-03-14 00:00:00,,,,,False,False,False
SAO LUIS,MA,2019,GRANDE PORTE,119187908.35,373928300.2900001,67035237.53,,,,,,,False,False,False
SAO LUIS,MA,2020,GRANDE PORTE,124232333.54,431885851.19,59009407.08,,,,,,,False,False,False
SAO LUIS,MA,2021,GRANDE PORTE,156805091.34,503189857.08,46862865.44,,,,,,,False,False,False
SAO LUIS,MA,2022,GRANDE PORTE,177245136.92,571560366.74,76387177.33,,,,,,,False,False,False
SAO LUIS,MA,2023,GRANDE PORTE,206181081.61,716903862.62,127367978.13,,,,,,,False,False,False
SAO LUIS,MA,2024,GRANDE PORTE,219648791.51,895326374.24,100238530.87,2020-07-15 00:00:00,2020-07-07 00:00:00,2022-01-07 00:00:00,I,VENCIDA,I,False,False,False
SAO LUIS DE MONTES BELOS,GO,2019,MÉDIO PORTE,10198404.79,3166228.009999999,30154145.04,,,,,,,False,False,False
SAO LUIS DE MONTES BELOS,GO,2020,MÉDIO PORTE,12787727.06,3046185.31,30232710.74,,,,,,,False,False,False
SAO LUIS DE MONTES BELOS,GO,2021,MÉDIO PORTE,15801978.25,6652369.88,30110912.97,,,,,,,False,False,False
SAO LUIS DE MONTES BELOS,GO,2022,MÉDIO PORTE,21510646.12,9458096.56,31043328.58,,,,,,,False,False,False
SAO LUIS DE MONTES BELOS,GO,2023,MÉDIO PORTE,26609177.8,16099409.96,32046578.849999998,,,,,,,False,False,False
SAO LUIS DE MONTES BELOS,GO,2024,MÉDIO PORTE,24389742.29,23512651.58,32170612.349999998,,,,,,,False,False,False
SAO LUIZ DO NORTE,GO,2019,PEQUENO PORTE,1384442.41,7827154.1,30506237.08,,,,,,,False,False,False
SAO LUIZ DO NORTE,GO,2020,PEQUENO PORTE,1565205.83,8746607.19,30369677.23,,,,,,,False,False,False
SAO LUIZ DO NORTE,GO,2021,PEQUENO PORTE,1715834.58,9298310.67,30179050.56,,,,,,,False,False,False
SAO LUIZ DO NORTE,GO,2022,PEQUENO PORTE,2416916.7,10404521.0,31035643.919999998,,,,,,,False,False,False
SAO LUIZ DO NORTE,GO,2023,PEQUENO PORTE,3443202.87,12584931.27,31584335.64,,,,,,,False,False,False
SAO LUIZ DO NORTE,GO,2024,PEQUENO PORTE,4277964.87,15840521.7,31084793.55,,,,,,,False,False,False
SAO LUIZ GONZAGA,RS,2019,MÉDIO PORTE,13585880.04,73342266.39,37198426.4,,,,,,,False,False,False
SAO LUIZ GONZAGA,RS,2020,MÉDIO PORTE,15190945.67,80146317.64,34004026.99,,,,,,,False,False,False
SAO LUIZ GONZAGA,RS,2021,MÉDIO PORTE,16073056.55,83816544.16000001,31795235.15,,,,,,,False,False,False
SAO LUIZ GONZAGA,RS,2022,MÉDIO PORTE,20710118.57,85770726.36,36919616.45,,,,,,,False,False,False
SAO LUIZ GONZAGA,RS,2023,MÉDIO PORTE,17671446.43,94291954.77,40575886.11,,,,,,,False,False,False
SAO LUIZ GONZAGA,RS,2024,MÉDIO PORTE,20077989.59,104774575.08,34801157.76,,,,,,,False,False,False
SAO MANUEL,SP,2019,MÉDIO PORTE,16566033.0,93521020.54,40937369.64,,,,,,,False,False,False
SAO MANUEL,SP,2020,MÉDIO PORTE,17887113.08,106522365.71,35177949.07,,,,,,,False,False,False
SAO MANUEL,SP,2021,MÉDIO PORTE,17783376.74,113011668.17,32535105.22,,,,,,,False,False,False
SAO MANUEL,SP,2022,MÉDIO PORTE,21077650.81,116927367.23,30455587.439999998,,,,,,,False,False,False
SAO MANUEL,SP,2023,MÉDIO PORTE,25240169.43,121321668.2,47279810.34,,,,,,,False,False,False
SAO MANUEL,SP,2024,MÉDIO PORTE,27037352.21,139811027.02,38900187.269999996,2021-04-30 00:00:00,2021-04-29 00:00:00,2023-07-24 00:00:00,I,,I,False,False,False
SAO MARCOS,RS,2019,MÉDIO PORTE,6388618.54,102912063.18,43164393.84,,,,,,,False,False,False
SAO MARCOS,RS,2020,MÉDIO PORTE,7561759.3,116877253.26,36871865.089999996,,,,,,,False,False,False
SAO MARCOS,RS,2021,MÉDIO PORTE,7475315.03,124217637.96,33033491.08,,,,,,,False,False,False
SAO MARCOS,RS,2022,MÉDIO PORTE,9052383.85,127182452.5,38380900.34,,,,,,,False,False,False
SAO MARCOS,RS,2023,MÉDIO PORTE,10176438.3,134778548.64,47756458.8,,,,,,,False,False,False
SAO MARCOS,RS,2024,MÉDIO PORTE,12686013.07,151869795.29,40763150.18,,,,,,,False,False,False
SAO MARTINHO,RS,2019,PEQUENO PORTE,3101293.53,17022785.89,32171233.759999998,,,,,,,False,False,False
SAO MARTINHO,RS,2020,PEQUENO PORTE,3455471.75,20058567.46,31033158.05,,,,,,,False,False,False
SAO MARTINHO,RS,2021,PEQUENO PORTE,3733385.47,21707628.88,29878104.05,,,,,,,False,False,False
SAO MARTINHO,RS,2022,PEQUENO PORTE,4326014.0,22507699.87,30893723.75,,,,,,,False,False,False
SAO MARTINHO,RS,2023,PEQUENO PORTE,4882418.55,24539274.98,32762385.25,,,,,,,False,False,False
SAO MARTINHO,RS,2024,PEQUENO PORTE,5205766.22,28410654.17,32420689.599999998,,,,,,,False,False,False
SAO MIGUEL DO ARAGUAIA,GO,2019,MÉDIO PORTE,5566178.32,3524138.78,30117028.419999998,,,,,,,False,False,False
SAO MIGUEL DO ARAGUAIA,GO,2020,MÉDIO PORTE,5942584.87,1792439.42,29835803.22,,,,,,,False,False,False
SAO MIGUEL DO ARAGUAIA,GO,2021,MÉDIO PORTE,11342347.73,1189655.77,29879817.759999998,,,,,,,False,False,False
SAO MIGUEL DO ARAGUAIA,GO,2022,MÉDIO PORTE,14777191.92,1706486.59,29960518.38,,,,,,,False,False,False
SAO MIGUEL DO ARAGUAIA,GO,2023,MÉDIO PORTE,10749800.23,1484701.62,30216479.89,,,,,,,False,False,False
SAO MIGUEL DO ARAGUAIA,GO,2024,MÉDIO PORTE,14599084.81,1377547.53,29886996.73,,,,,,,False,False,False
SAO MIGUEL DO GUAPORE,RO,2019,MÉDIO PORTE,6340252.51,37671631.87,34755294.95,,,,,,,False,False,False
SAO MIGUEL DO GUAPORE,RO,2020,MÉDIO PORTE,7534768.51,44440035.42,31492653.91,,,,,,,False,False,False
SAO MIGUEL DO GUAPORE,RO,2021,MÉDIO PORTE,7590851.23,51606334.03,32295998.41,,,,,,,False,False,False
SAO MIGUEL DO GUAPORE,RO,2022,MÉDIO PORTE,8314607.5,58313017.89,36469043.01,,,,,,,False,False,False
SAO MIGUEL DO GUAPORE,RO,2023,MÉDIO PORTE,9577126.36,68098594.71,39922830.33,,,,,,,False,False,False
SAO MIGUEL DO GUAPORE,RO,2024,MÉDIO PORTE,10123271.04,81932964.51,37309020.78,2023-03-14 00:00:00,2023-02-09 00:00:00,,,,,False,False,False
SAO MIGUEL DO PASSA QUATRO,GO,2019,PEQUENO PORTE,1515007.74,8801328.84,30770114.08,,,,,,,False,False,False
SAO MIGUEL DO PASSA QUATRO,GO,2020,PEQUENO PORTE,1522505.36,10578067.21,30655466.58,,,,,,,False,False,False
SAO MIGUEL DO PASSA QUATRO,GO,2021,PEQUENO PORTE,1981501.79,12255797.02,30197360.63,,,,,,,False,False,False
SAO MIGUEL DO PASSA QUATRO,GO,2022,PEQUENO PORTE,2289410.51,13553575.02,31030923.65,,,,,,,False,False,False
SAO MIGUEL DO PASSA QUATRO,GO,2023,PEQUENO PORTE,2637142.69,15205612.5,31904974.29,,,,,,,False,False,False
SAO MIGUEL DO PASSA QUATRO,GO,2024,PEQUENO PORTE,2938464.77,17430853.77,32855523.939999998,,,,,,,False,False,False
SAO NICOLAU,RS,2019,PEQUENO PORTE,2281575.1,3186693.48,30190860.56,,,,,,,False,False,False
SAO NICOLAU,RS,2020,PEQUENO PORTE,2579640.89,3575912.58,30017166.93,,,,,,,False,False,False
SAO NICOLAU,RS,2021,PEQUENO PORTE,2470437.1,3390693.58,29939342.58,,,,,,,False,False,False
SAO NICOLAU,RS,2022,PEQUENO PORTE,3385099.28,2890234.78,30152636.759999998,,,,,,,False,False,False
SAO NICOLAU,RS,2023,PEQUENO PORTE,4658397.39,2716213.77,30265343.8,,,,,,,False,False,False
SAO NICOLAU,RS,2024,PEQUENO PORTE,4982725.39,4110021.03,30210000.02,,,,,,,False,False,False
SAO PATRICIO,GO,2019,PEQUENO PORTE,721270.65,3721070.33,30106277.669999998,,,,,,,False,False,False
SAO PATRICIO,GO,2020,PEQUENO PORTE,941236.17,3698035.16,30039042.11,,,,,,,False,False,False
SAO PATRICIO,GO,2021,PEQUENO PORTE,1566270.72,402918.36,29997805.82,,,,,,,False,False,False
SAO PATRICIO,GO,2022,PEQUENO PORTE,1511177.0,4924422.680000001,30428592.119999997,,,,,,,False,False,False
SAO PATRICIO,GO,2023,PEQUENO PORTE,1768644.88,5667036.22,30611871.14,,,,,,,False,False,False
SAO PATRICIO,GO,2024,PEQUENO PORTE,2072569.93,6902157.95,30388262.71,,,,,,,False,False,False
SAO PAULO,SP,2019,ESTADO/DF,4354908623.25,40893585.16,33522812.88,,,,,,,False,False,False
SAO PAULO,SP,2020,ESTADO/DF,4545261062.68,44735097.76000001,32611307.56,,,,,,,False,False,False
SAO PAULO,SP,2021,ESTADO/DF,4509824731.77,5116938653.59,31399752.52,,,,,,,False,False,False
SAO PAULO,SP,2022,ESTADO/DF,6738689321.29,1657887309.14,109587760.83000001,,,,,,,False,False,False
SAO PAULO,SP,2023,ESTADO/DF,8274240514.47,314231503.66,134248500.41,,,,,,,False,False,False
SAO PAULO,SP,2024,ESTADO/DF,8998944467.29,293785798.63,212618033.63,2019-08-22 00:00:00,2019-08-06 00:00:00,2021-12-20 00:00:00,II,2024-10-21 00:00:00,III,False,False,False
SAO PAULO DAS MISSOES,RS,2019,PEQUENO PORTE,3657690.23,14521531.93,33049321.78,,,,,,,False,False,False
SAO PAULO DAS MISSOES,RS,2020,PEQUENO PORTE,4097470.46,17131686.17,30813174.0,,,,,,,False,False,False
SAO PAULO DAS MISSOES,RS,2021,PEQUENO PORTE,4233248.97,17318294.06,29560697.599999998,,,,,,,False,False,False
SAO PAULO DAS MISSOES,RS,2022,PEQUENO PORTE,5093480.67,15605629.81,30961301.099999998,,,,,,,False,False,False
SAO PAULO DAS MISSOES,RS,2023,PEQUENO PORTE,6317876.22,15170330.12,31999479.31,,,,,,,False,False,False
SAO PAULO DAS MISSOES,RS,2024,PEQUENO PORTE,6913872.87,16231306.12,30641379.369999997,,,,,,,False,False,False
SAO PAULO DO POTENGI,RN,2019,PEQUENO PORTE,2729823.08,4928126.45,30424547.02,,,,,,,False,False,False
SAO PAULO DO POTENGI,RN,2020,PEQUENO PORTE,1979599.77,5310862.16,30138006.349999998,,,,,,,False,False,False
SAO PAULO DO POTENGI,RN,2021,PEQUENO PORTE,3258759.74,5529755.54,29934718.06,,,,,,,False,False,False
SAO PAULO DO POTENGI,RN,2022,PEQUENO PORTE,4426465.89,5598155.0,30054775.79,,,,,,,False,False,False
SAO PAULO DO POTENGI,RN,2023,PEQUENO PORTE,3299043.92,5407632.85,29862452.79,,,,,,,False,False,False
SAO PAULO DO POTENGI,RN,2024,PEQUENO PORTE,4323690.26,2934927.37,29862452.79,,,,,,,False,False,False
SAO PEDRO DA SERRA,RS,2019,PEQUENO PORTE,1608820.21,17699129.42,32457878.009999998,,,,,,,False,False,False
SAO PEDRO DA SERRA,RS,2020,PEQUENO PORTE,1724496.05,20968899.41,31181462.04,,,,,,,False,False,False
SAO PEDRO DA SERRA,RS,2021,PEQUENO PORTE,1887584.36,23095933.82,30857062.619999997,,,,,,,False,False,False
SAO PEDRO DA SERRA,RS,2022,PEQUENO PORTE,2276275.55,24282451.21,32442645.68,,,,,,,False,False,False
SAO PEDRO DA SERRA,RS,2023,PEQUENO PORTE,2509484.45,27491106.94,33040376.54,,,,,,,False,False,False
SAO PEDRO DA SERRA,RS,2024,PEQUENO PORTE,2682454.12,31584675.97,32772365.29,,,,,,,False,False,False
SAO PEDRO DE ALCANTARA,SC,2019,PEQUENO PORTE,1288006.05,12964102.66,30979698.779999997,,,,,,,False,False,False
SAO PEDRO DE ALCANTARA,SC,2020,PEQUENO PORTE,1359594.06,14653829.35,30672077.36,,,,,,,False,False,False
SAO PEDRO DE ALCANTARA,SC,2021,PEQUENO PORTE,1408373.79,15914279.44,30404729.259999998,,,,,,,False,False,False
SAO PEDRO DE ALCANTARA,SC,2022,PEQUENO PORTE,1555573.51,17014368.23,31718742.64,,,,,,,False,False,False
SAO PEDRO DE ALCANTARA,SC,2023,PEQUENO PORTE,1792295.62,19336731.58,32444732.509999998,,,,,,,False,False,False
SAO PEDRO DE ALCANTARA,SC,2024,PEQUENO PORTE,1558508.78,22645022.25,31682790.77,,,,,,,False,False,False
SAO PEDRO DO BUTIA,RS,2019,PEQUENO PORTE,2528608.21,22128222.48,31663355.43,,,,,,,False,False,False
SAO PEDRO DO BUTIA,RS,2020,PEQUENO PORTE,2999869.81,26104767.92,31154998.3,,,,,,,False,False,False
SAO PEDRO DO BUTIA,RS,2021,PEQUENO PORTE,3072654.3,28233601.61,30802999.38,,,,,,,False,False,False
SAO PEDRO DO BUTIA,RS,2022,PEQUENO PORTE,3469373.28,28934328.31,31978660.97,,,,,,,False,False,False
SAO PEDRO DO BUTIA,RS,2023,PEQUENO PORTE,3852546.37,31702409.77,33436636.38,,,,,,,False,False,False
SAO PEDRO DO BUTIA,RS,2024,PEQUENO PORTE,4824651.5,36132993.3,32016183.79,,,,,,,False,False,False
SAO PEDRO DO PARANA,PR,2019,PEQUENO PORTE,1433010.55,4231017.62,30404160.79,,,,,,,False,False,False
SAO PEDRO DO PARANA,PR,2020,PEQUENO PORTE,1722017.37,6053045.2,30583390.49,,,,,,,False,False,False
SAO PEDRO DO PARANA,PR,2021,PEQUENO PORTE,1866919.67,7743896.48,30476305.439999998,,,,,,,False,False,False
SAO PEDRO DO PARANA,PR,2022,PEQUENO PORTE,2270197.65,9233240.09,30804579.169999998,,,,,,,False,False,False
SAO PEDRO DO PARANA,PR,2023,PEQUENO PORTE,2511136.08,10887071.62,31206949.79,,,,,,,False,False,False
SAO PEDRO DO PARANA,PR,2024,PEQUENO PORTE,2969282.6,13436678.19,30755562.49,,,,,,,False,False,False
SAO PEDRO DO SUL,RS,2019,MÉDIO PORTE,4239175.94,25527016.14,32480614.11,,,,,,,False,False,False
SAO PEDRO DO SUL,RS,2020,MÉDIO PORTE,5008619.17,30294842.76,32067117.29,,,,,,,False,False,False
SAO PEDRO DO SUL,RS,2021,MÉDIO PORTE,5411418.39,30141585.78,31197377.88,,,,,,,False,False,False
SAO PEDRO DO SUL,RS,2022,MÉDIO PORTE,4737327.65,28870061.22,32129252.009999998,,,,,,,False,False,False
SAO PEDRO DO SUL,RS,2023,MÉDIO PORTE,8371077.66,28421570.95,32772028.06,,,,,,,False,False,False
SAO PEDRO DO SUL,RS,2024,MÉDIO PORTE,10118089.15,30439455.09,31577638.29,,,,,,,False,False,False
SAO PEDRO DOS CRENTES,MA,2019,PEQUENO PORTE,937789.1,476591.1,29911202.849999998,,,,,,,False,False,False
SAO PEDRO DOS CRENTES,MA,2020,PEQUENO PORTE,1003072.8,1257847.77,29945461.439999998,,,,,,,False,False,False
SAO PEDRO DOS CRENTES,MA,2021,PEQUENO PORTE,1124957.77,2206543.27,29853070.95,,,,,,,False,False,False
SAO PEDRO DOS CRENTES,MA,2022,PEQUENO PORTE,1797629.66,3253549.87,30134411.27,,,,,,,False,False,False
SAO PEDRO DOS CRENTES,MA,2023,PEQUENO PORTE,1555584.63,4700312.46,30358746.4,,,,,,,False,False,False
SAO PEDRO DOS CRENTES,MA,2024,PEQUENO PORTE,2226625.59,6594663.94,30348775.65,,,,,,,False,False,False
SAO SEBASTIAO DE LAGOA DE ROCA,PB,2019,MÉDIO PORTE,2287602.36,850692.2999999999,29938924.759999998,,,,,,,False,False,False
SAO SEBASTIAO DE LAGOA DE ROCA,PB,2020,PEQUENO PORTE,2604561.58,547866.21,29904399.38,,,,,,,False,False,False
SAO SEBASTIAO DE LAGOA DE ROCA,PB,2021,PEQUENO PORTE,4665013.66,875296.25,29855773.71,,,,,,,False,False,False
SAO SEBASTIAO DE LAGOA DE ROCA,PB,2022,PEQUENO PORTE,7092019.3,2181470.93,30131922.509999998,,,,,,,False,False,False
SAO SEBASTIAO DE LAGOA DE ROCA,PB,2023,PEQUENO PORTE,8006393.85,2715631.38,30235592.04,,,,,,,False,False,False
SAO SEBASTIAO DE LAGOA DE ROCA,PB,2024,PEQUENO PORTE,8291596.91,3372586.76,30407839.68,,,,,,,False,False,False
SAO SEBASTIAO DO ALTO,RJ,2019,MÉDIO PORTE,3091024.18,5993634.91,30415437.119999997,,,,,,,False,False,False
SAO SEBASTIAO DO ALTO,RJ,2020,MÉDIO PORTE,3337012.44,2161598.44,29887447.33,,,,,,,False,False,False
SAO SEBASTIAO DO ALTO,RJ,2021,MÉDIO PORTE,3971635.48,140210.56,29865965.68,,,,,,,False,False,False
SAO SEBASTIAO DO ALTO,RJ,2022,MÉDIO PORTE,4627901.98,561000.5,29873516.7,,,,,,,False,False,False
SAO SEBASTIAO DO ALTO,RJ,2023,MÉDIO PORTE,5537027.24,340656.0,29880465.57,,,,,,,False,False,False
SAO SEBASTIAO DO ALTO,RJ,2024,MÉDIO PORTE,5335508.09,600838.73,29869776.31,,,,,,,False,False,False
SAO SEBASTIAO DO CAI,RS,2019,MÉDIO PORTE,8173267.7,76682015.1,40568599.489999995,,,,,,,False,False,False
SAO SEBASTIAO DO CAI,RS,2020,MÉDIO PORTE,8959300.72,90056426.54,35774085.879999995,,,,,,,False,False,False
SAO SEBASTIAO DO CAI,RS,2021,MÉDIO PORTE,8620849.84,98815336.75,32240557.78,,,,,,,False,False,False
SAO SEBASTIAO DO CAI,RS,2022,MÉDIO PORTE,8265645.29,104505290.63,38528816.269999996,,,,,,,False,False,False
SAO SEBASTIAO DO CAI,RS,2023,MÉDIO PORTE,12628357.79,118524471.73,46218234.31,,,,,,,False,False,False
SAO SEBASTIAO DO CAI,RS,2024,MÉDIO PORTE,6740215.74,137742995.91,35759053.35,,,,,,,False,False,False
SAO SEBASTIAO DO OESTE,MG,2019,PEQUENO PORTE,1890571.1,31124123.68,34773506.25,,,,,,,False,False,False
SAO SEBASTIAO DO OESTE,MG,2020,PEQUENO PORTE,2080542.0,35032450.65,31944809.82,,,,,,,False,False,False
SAO SEBASTIAO DO OESTE,MG,2021,PEQUENO PORTE,2427703.17,35888956.47,30899410.68,,,,,,,False,False,False
SAO SEBASTIAO DO OESTE,MG,2022,PEQUENO PORTE,3039658.2,36017829.63,32408592.36,,,,,,,False,False,False
SAO SEBASTIAO DO OESTE,MG,2023,PEQUENO PORTE,3461117.38,36672149.04,35328864.68,,,,,,,False,False,False
SAO SEBASTIAO DO OESTE,MG,2024,PEQUENO PORTE,4162793.6,40134270.6,32442461.939999998,,,,,,,False,False,False
SAO SEPE,RS,2019,MÉDIO PORTE,14323065.79,48424663.02999999,37216208.71,,,,,,,False,False,False
SAO SEPE,RS,2020,MÉDIO PORTE,15829931.32,55639279.22000001,32455541.32,,,,,,,False,False,False
SAO SEPE,RS,2021,MÉDIO PORTE,17156936.2,113240440.47,31224005.83,,,,,,,False,False,False
SAO SEPE,RS,2022,MÉDIO PORTE,16687965.41,59462383.09,34834596.28,,,,,,,False,False,False
SAO SEPE,RS,2023,MÉDIO PORTE,11053819.37,65006617.95,38016300.79,,,,,,,False,False,False
SAO SEPE,RS,2024,MÉDIO PORTE,9384154.78,71017466.42,34789081.589999996,,,,,,,False,False,False
SAO TOME,PR,2019,PEQUENO PORTE,1912585.24,11961692.68,31187458.33,,,,,,,False,False,False
SAO TOME,PR,2020,PEQUENO PORTE,2082620.99,11850985.41,30262367.83,,,,,,,False,False,False
SAO TOME,PR,2021,PEQUENO PORTE,2287871.88,10633780.34,29976323.919999998,,,,,,,False,False,False
SAO TOME,PR,2022,PEQUENO PORTE,2885635.0,9967875.97,30867060.71,,,,,,,False,False,False
SAO TOME,PR,2023,PEQUENO PORTE,3292556.43,9911635.77,31208413.0,,,,,,,False,False,False
SAO TOME,PR,2024,PEQUENO PORTE,4448636.84,9796947.53,30643096.71,,,,,,,False,False,False
SAO TOME,RN,2019,PEQUENO PORTE,2789725.11,13550.78,29862980.47,,,,,,,False,False,False
SAO TOME,RN,2020,PEQUENO PORTE,3596702.97,483495.6,29865454.0,,,,,,,False,False,False
SAO TOME,RN,2021,PEQUENO PORTE,3754799.14,511410.31,29882515.16,,,,,,,False,False,False
SAO TOME,RN,2022,PEQUENO PORTE,4371697.49,1872154.58,30065118.61,,,,,,,False,False,False
SAO TOME,RN,2023,PEQUENO PORTE,3837788.51,3412457.77,30181366.169999998,,,,,,,False,False,False
SAO TOME,RN,2024,PEQUENO PORTE,6159852.88,2956764.1,30078299.58,,,,,,,False,False,False
SAO VALENTIM DO SUL,RS,2019,PEQUENO PORTE,922236.43,5112352.189999999,30472641.46,,,,,,,False,False,False
SAO VALENTIM DO SUL,RS,2020,PEQUENO PORTE,1107472.41,6002113.56,30325345.939999998,,,,,,,False,False,False
SAO VALENTIM DO SUL,RS,2021,PEQUENO PORTE,1090821.1,6774114.5,30035122.55,,,,,,,False,False,False
SAO VALENTIM DO SUL,RS,2022,PEQUENO PORTE,1405559.55,7390270.49,30511347.3,,,,,,,False,False,False
SAO VALENTIM DO SUL,RS,2023,PEQUENO PORTE,1521692.28,8205908.3,30904861.52,,,,,,,False,False,False
SAO VALENTIM DO SUL,RS,2024,PEQUENO PORTE,1657557.47,9841011.9,30783407.65,,,,,,,False,False,False
SAO VALERIO DO SUL,RS,2019,PEQUENO PORTE,1267408.28,12764213.52,31246257.74,,,,,,,False,False,False
SAO VALERIO DO SUL,RS,2020,PEQUENO PORTE,1361744.15,15024027.07,30563566.06,,,,,,,False,False,False
SAO VALERIO DO SUL,RS,2021,PEQUENO PORTE,1431033.59,16548180.11,30150702.71,,,,,,,False,False,False
SAO VALERIO DO SUL,RS,2022,PEQUENO PORTE,1606454.77,17562207.4,31472582.599999998,,,,,,,False,False,False
SAO VALERIO DO SUL,RS,2023,PEQUENO PORTE,1367695.39,19904229.79,32725830.299999997,,,,,,,False,False,False
SAO VALERIO DO SUL,RS,2024,PEQUENO PORTE,1370820.85,23152638.33,31543870.89,,,,,,,False,False,False
SAO VENDELINO,RS,2019,PEQUENO PORTE,1312410.83,12972025.58,30697574.369999997,,,,,,,False,False,False
SAO VENDELINO,RS,2020,PEQUENO PORTE,1472868.92,14019709.7,30221963.88,,,,,,,False,False,False
SAO VENDELINO,RS,2021,PEQUENO PORTE,1716153.45,14691618.17,30265537.869999997,,,,,,,False,False,False
SAO VENDELINO,RS,2022,PEQUENO PORTE,2161951.83,15602030.8,31722337.169999998,,,,,,,False,False,False
SAO VENDELINO,RS,2023,PEQUENO PORTE,2396876.05,17953859.64,32221078.49,,,,,,,False,False,False
SAO VENDELINO,RS,2024,PEQUENO PORTE,3480831.29,20823064.61,31930806.18,,,,,,,False,False,False
SAO VICENTE,RN,2019,PEQUENO PORTE,2142295.23,3885149.12,30369341.099999998,,,,,,,False,False,False
SAO VICENTE,RN,2020,PEQUENO PORTE,2341826.21,4651104.13,30104860.09,,,,,,,False,False,False
SAO VICENTE,RN,2021,PEQUENO PORTE,2262597.79,5427272.38,29848681.009999998,,,,,,,False,False,False
SAO VICENTE,RN,2022,PEQUENO PORTE,2923022.38,5654185.220000001,31783711.65,,,,,,,False,False,False
SAO VICENTE,RN,2023,PEQUENO PORTE,3691876.67,8572520.46,31197627.599999998,,,,,,,False,False,False
SAO VICENTE,RN,2024,PEQUENO PORTE,2123219.3,12385516.09,30589416.65,,,,,,,False,False,False
SAO VICENTE DO SUL,RS,2019,PEQUENO PORTE,4511275.04,18624823.28,32135602.54,,,,,,,False,False,False
SAO VICENTE DO SUL,RS,2020,PEQUENO PORTE,4777850.56,21980121.6,30972056.74,,,,,,,False,False,False
SAO VICENTE DO SUL,RS,2021,PEQUENO PORTE,4894363.84,24042954.26,30505178.93,,,,,,,False,False,False
SAO VICENTE DO SUL,RS,2022,PEQUENO PORTE,5289398.41,25239403.49,32016799.439999998,,,,,,,False,False,False
SAO VICENTE DO SUL,RS,2023,PEQUENO PORTE,6331693.44,27536908.1,33731557.12,,,,,,,False,False,False
SAO VICENTE DO SUL,RS,2024,PEQUENO PORTE,6822803.81,32509931.99,32956355.22,,,,,,,False,False,False
SAO VICENTE FERRER,PE,2019,MÉDIO PORTE,3454638.09,4809048.25,30492606.36,,,,,,,False,False,False
SAO VICENTE FERRER,PE,2020,MÉDIO PORTE,3600151.14,6641037.720000002,30166981.23,,,,,,,False,False,False
SAO VICENTE FERRER,PE,2021,MÉDIO PORTE,3699829.61,8745124.49,29862110.65,,,,,,,False,False,False
SAO VICENTE FERRER,PE,2022,MÉDIO PORTE,5583096.87,10422644.33,30807821.06,,,,,,,False,False,False
SAO VICENTE FERRER,PE,2023,MÉDIO PORTE,4270325.96,13319801.52,31691594.31,,,,,,,False,False,False
SAO VICENTE FERRER,PE,2024,MÉDIO PORTE,6002172.37,17258679.77,31329167.81,2024-08-22 00:00:00,2024-08-16 00:00:00,,,,,False,False,False
SAPUCAIA,RJ,2019,MÉDIO PORTE,7307064.44,14035298.63,30868892.58,,,,,,,False,False,False
SAPUCAIA,RJ,2020,MÉDIO PORTE,7220958.06,16629031.52,32107984.939999998,,,,,,,False,False,False
SAPUCAIA,RJ,2021,MÉDIO PORTE,7432137.7,17349129.46,30234283.89,,,,,,,False,False,False
SAPUCAIA,RJ,2022,MÉDIO PORTE,9536600.38,15752906.87,31893760.3,,,,,,,False,False,False
SAPUCAIA,RJ,2023,MÉDIO PORTE,9779497.45,19061437.46,32630093.4,,,,,,,False,False,False
SAPUCAIA,RJ,2024,MÉDIO PORTE,11731234.43,22197551.69,31433097.029999997,2024-02-07 00:00:00,2024-02-02 00:00:00,,,,,False,False,False
SARANDI,PR,2019,MÉDIO PORTE,17297106.07,124562464.1,47091575.11,,,,,,,False,False,False
SARANDI,PR,2020,MÉDIO PORTE,18066721.58,147590060.22,38879797.61,,,,,,,False,False,False
SARANDI,PR,2021,MÉDIO PORTE,21595974.59,164416143.65,31997434.799999997,,,,,,,False,False,False
SARANDI,PR,2022,MÉDIO PORTE,27838396.38,176005905.12,47404880.519999996,,,,,,,False,False,False
SARANDI,PR,2023,MÉDIO PORTE,32370110.06,204853330.7,59864517.19,,,,,,,False,False,False
SARANDI,PR,2024,MÉDIO PORTE,39315120.59,243833271.62,46978977.0,,,,,,,False,False,False
SARZEDO,MG,2019,MÉDIO PORTE,6300227.62,62390068.33,36287059.23,,,,,,,False,False,False
SARZEDO,MG,2020,MÉDIO PORTE,7225624.74,75450248.95,36727736.16,,,,,,,False,False,False
SARZEDO,MG,2021,MÉDIO PORTE,7622480.16,83102549.42,32827115.83,,,,,,,False,False,False
SARZEDO,MG,2022,MÉDIO PORTE,10115988.21,86885722.25,38742009.7,,,,,,,False,False,False
SARZEDO,MG,2023,MÉDIO PORTE,11861652.5,98481902.0,34637436.37,,,,,,,False,False,False
SARZEDO,MG,2024,MÉDIO PORTE,12444932.52,120540978.39,29862452.79,2019-02-27 00:00:00,2019-02-27 00:00:00,2021-12-03 00:00:00,I,2024-11-08 00:00:00,II,False,False,False
SEBASTIANOPOLIS DO SUL,SP,2019,PEQUENO PORTE,2359415.52,13569739.07,31503693.05,,,,,,,False,False,False
SEBASTIANOPOLIS DO SUL,SP,2020,PEQUENO PORTE,2573236.51,15955037.29,31889037.09,,,,,,,False,False,False
SEBASTIANOPOLIS DO SUL,SP,2021,PEQUENO PORTE,2797861.99,18090145.32,30469652.73,,,,,,,False,False,False
SEBASTIANOPOLIS DO SUL,SP,2022,PEQUENO PORTE,3458268.39,18801256.01,32767051.2,,,,,,,False,False,False
SEBASTIANOPOLIS DO SUL,SP,2023,PEQUENO PORTE,4296007.83,21687533.03,33029808.52,,,,,,,False,False,False
SEBASTIANOPOLIS DO SUL,SP,2024,PEQUENO PORTE,5208722.75,26837820.53,32543641.7,2023-09-25 00:00:00,2023-09-25 00:00:00,,,,,False,False,False
SEBASTIAO BARROS,PI,2019,PEQUENO PORTE,367155.61,1960642.52,29978435.83,,,,,,,False,False,False
SEBASTIAO BARROS,PI,2020,PEQUENO PORTE,465629.26,1925577.15,29939828.22,,,,,,,False,False,False
SEBASTIAO BARROS,PI,2021,PEQUENO PORTE,1671568.62,2374998.68,29923150.04,,,,,,,False,False,False
SEBASTIAO BARROS,PI,2022,PEQUENO PORTE,2086172.64,2882560.47,30129216.47,,,,,,,False,False,False
SEBASTIAO BARROS,PI,2023,PEQUENO PORTE,1909215.16,5855808.81,30512637.919999998,,,,,,,False,False,False
SEBASTIAO BARROS,PI,2024,PEQUENO PORTE,2557814.1,6463576.8,30362611.83,2022-02-07 00:00:00,2021-12-14 00:00:00,,,,,False,False,False
SEDE NOVA,RS,2019,PEQUENO PORTE,1132870.21,18083078.04,31526294.02,,,,,,,False,False,False
SEDE NOVA,RS,2020,PEQUENO PORTE,1430029.8,19930628.86,31025403.599999998,,,,,,,False,False,False
SEDE NOVA,RS,2021,PEQUENO PORTE,1503045.38,21523406.24,30435886.04,,,,,,,False,False,False
SEDE NOVA,RS,2022,PEQUENO PORTE,1593848.05,22200319.22,31460932.68,,,,,,,False,False,False
SEDE NOVA,RS,2023,PEQUENO PORTE,1598784.32,24541826.14,33190080.91,,,,,,,False,False,False
SEDE NOVA,RS,2024,PEQUENO PORTE,1861609.02,27646895.08,31256309.24,,,,,,,False,False,False
SEGREDO,RS,2019,PEQUENO PORTE,1953770.06,20105456.26,32623211.33,,,,,,,False,False,False
SEGREDO,RS,2020,PEQUENO PORTE,2110761.04,23242499.43,30765776.23,,,,,,,False,False,False
SEGREDO,RS,2021,PEQUENO PORTE,1992128.76,24401339.15,30636940.46,,,,,,,False,False,False
SEGREDO,RS,2022,PEQUENO PORTE,2499017.46,25763308.21,31626138.91,,,,,,,False,False,False
SEGREDO,RS,2023,PEQUENO PORTE,3342117.08,28235528.63,33691545.879999995,,,,,,,False,False,False
SEGREDO,RS,2024,PEQUENO PORTE,3452237.9,32458483.74,32983870.46,,,,,,,False,False,False
SENADOR ELOI DE SOUZA,RN,2019,PEQUENO PORTE,1406088.48,1146278.27,29980758.52,,,,,,,False,False,False
SENADOR ELOI DE SOUZA,RN,2020,PEQUENO PORTE,1158130.9,1113388.95,29930251.48,,,,,,,False,False,False
SENADOR ELOI DE SOUZA,RN,2021,PEQUENO PORTE,1272608.8,1044314.39,29863872.31,,,,,,,False,False,False
SENADOR ELOI DE SOUZA,RN,2022,PEQUENO PORTE,2092053.11,695151.5399999999,29897749.54,,,,,,,False,False,False
SENADOR ELOI DE SOUZA,RN,2023,PEQUENO PORTE,1963273.38,137003.38,29879303.39,,,,,,,False,False,False
SENADOR ELOI DE SOUZA,RN,2024,PEQUENO PORTE,1281751.95,116199.5,29866240.59,,,,,,,False,False,False
SENHORA DO PORTO,MG,2019,PEQUENO PORTE,331218.47,6706905.07,31017972.58,,,,,,,False,False,False
SENHORA DO PORTO,MG,2020,PEQUENO PORTE,606434.02,7030502.470000002,29924649.86,,,,,,,False,False,False
SENHORA DO PORTO,MG,2021,PEQUENO PORTE,790504.56,6722590.11,30397339.81,,,,,,,False,False,False
SENHORA DO PORTO,MG,2022,PEQUENO PORTE,968544.76,6437517.8,30661057.08,,,,,,,False,False,False
SENHORA DO PORTO,MG,2023,PEQUENO PORTE,1117191.02,6356148.57,30704325.06,,,,,,,False,False,False
SENHORA DO PORTO,MG,2024,PEQUENO PORTE,1247070.81,6698935.12,30525279.9,,,,,,,False,False,False
SEROPEDICA,RJ,2019,MÉDIO PORTE,13353805.38,9709843.09,30999661.64,,,,,,,False,False,False
SEROPEDICA,RJ,2020,MÉDIO PORTE,12494731.6,11826096.39,30943479.029999997,,,,,,,False,False,False
SEROPEDICA,RJ,2021,MÉDIO PORTE,12775865.58,367391.42,30044079.41,,,,,,,False,False,False
SEROPEDICA,RJ,2022,MÉDIO PORTE,21225862.18,24885470.63,30915416.79,,,,,,,False,False,False
SEROPEDICA,RJ,2023,MÉDIO PORTE,18503270.55,23540388.17,31482160.27,,,,,,,False,False,False
SEROPEDICA,RJ,2024,MÉDIO PORTE,14378405.09,25846705.01,30236259.66,2021-12-03 00:00:00,2021-01-04 00:00:00,2024-01-12 00:00:00,I,,I,False,False,False
SERRA,ES,2019,GRANDE PORTE,85511272.27,296695280.45,81786650.47999999,,,,,,,False,False,False
SERRA,ES,2020,GRANDE PORTE,121968556.1,335070420.95,64175196.36,,,,,,,False,False,False
SERRA,ES,2021,GRANDE PORTE,125117488.53,378742161.0900001,28746778.75,,,,,,,False,False,False
SERRA,ES,2022,GRANDE PORTE,146030551.23,365661592.13,52400313.599999994,,,,,,,False,False,False
SERRA,ES,2023,GRANDE PORTE,193370657.65,404015340.23,98793790.85,,,,,,,False,False,False
SERRA,ES,2024,GRANDE PORTE,216104899.76,490144127.69,23415278.119999997,2022-10-03 00:00:00,2022-09-21 00:00:00,2023-03-20 00:00:00,II,,II,False,False,False
SERRA BRANCA,PB,2019,MÉDIO PORTE,3831296.82,3805.37,29909051.33,,,,,,,False,False,False
SERRA BRANCA,PB,2020,MÉDIO PORTE,3006440.72,173135.61,29865360.46,,,,,,,False,False,False
SERRA BRANCA,PB,2021,MÉDIO PORTE,4111528.51,321376.07,29872390.55,,,,,,,False,False,False
SERRA BRANCA,PB,2022,MÉDIO PORTE,4621304.82,659282.1699999999,29922593.4,,,,,,,False,False,False
SERRA BRANCA,PB,2023,MÉDIO PORTE,5977087.93,1082882.94,29995556.63,,,,,,,False,False,False
SERRA BRANCA,PB,2024,PEQUENO PORTE,7607744.26,2741006.34,29974602.47,,,,,,,False,False,False
SERRA CAIADA (ANTIGO PRESIDENTE JUSCELINO),RN,2019,PEQUENO PORTE,2612508.51,6076787.16,30734139.169999998,,,,,,,False,False,False
SERRA CAIADA (ANTIGO PRESIDENTE JUSCELINO),RN,2020,PEQUENO PORTE,3028460.79,7349293.29,30204494.54,,,,,,,False,False,False
SERRA CAIADA (ANTIGO PRESIDENTE JUSCELINO),RN,2021,PEQUENO PORTE,2863556.7,7874751.61,29983731.95,,,,,,,False,False,False
SERRA CAIADA (ANTIGO PRESIDENTE JUSCELINO),RN,2022,PEQUENO PORTE,3944706.62,8825764.8,30354025.27,,,,,,,False,False,False
SERRA CAIADA (ANTIGO PRESIDENTE JUSCELINO),RN,2023,PEQUENO PORTE,4865162.31,11656719.1,31631277.97,,,,,,,False,False,False
SERRA CAIADA (ANTIGO PRESIDENTE JUSCELINO),RN,2024,PEQUENO PORTE,5230638.82,16139481.57,31134701.21,,,,,,,False,False,False
SERRA DO SALITRE,MG,2019,PEQUENO PORTE,2911020.71,20361534.29,31951802.08,,,,,,,False,False,False
SERRA DO SALITRE,MG,2020,MÉDIO PORTE,3257379.38,23512930.11,31249967.689999998,,,,,,,False,False,False
SERRA DO SALITRE,MG,2021,PEQUENO PORTE,3656857.35,27335003.27,30010624.939999998,,,,,,,False,False,False
SERRA DO SALITRE,MG,2022,PEQUENO PORTE,4809498.16,28514514.03,32710560.669999998,,,,,,,False,False,False
SERRA DO SALITRE,MG,2023,MÉDIO PORTE,5025962.41,30785209.42,34373322.23,,,,,,,False,False,False
SERRA DO SALITRE,MG,2024,PEQUENO PORTE,7232527.67,38407150.68,32449583.2,,,,,,,False,False,False
SERRA DOURADA,BA,2019,MÉDIO PORTE,3484495.07,1291794.37,30020187.83,,,,,,,False,False,False
SERRA DOURADA,BA,2020,MÉDIO PORTE,3181935.08,1042022.81,29946469.27,,,,,,,False,False,False
SERRA DOURADA,BA,2021,MÉDIO PORTE,4138476.22,1061308.01,29919650.16,,,,,,,False,False,False
SERRA DOURADA,BA,2022,MÉDIO PORTE,5184412.63,1234452.16,30016519.58,,,,,,,False,False,False
SERRA DOURADA,BA,2023,MÉDIO PORTE,5803643.5,1219032.09,30012698.83,,,,,,,False,False,False
SERRA DOURADA,BA,2024,MÉDIO PORTE,6914565.81,1188154.84,30006937.49,,,,,,,False,False,False
SERRA TALHADA,PE,2019,MÉDIO PORTE,16018088.17,2193601.12,30034204.81,,,,,,,False,False,False
SERRA TALHADA,PE,2020,MÉDIO PORTE,21026578.07,2071171.26,30052383.8,,,,,,,False,False,False
SERRA TALHADA,PE,2021,MÉDIO PORTE,22597105.56,2302412.33,29806118.84,,,,,,,False,False,False
SERRA TALHADA,PE,2022,MÉDIO PORTE,32997539.68,1971813.72,30065588.98,,,,,,,False,False,False
SERRA TALHADA,PE,2023,MÉDIO PORTE,34108620.49,1189685.02,30146153.279999997,,,,,,,False,False,False
SERRA TALHADA,PE,2024,MÉDIO PORTE,37772338.4,608209.49,29894856.56,,,,,,,False,False,False
SERTANIA,PE,2019,MÉDIO PORTE,4600588.49,9925850.66,31612156.59,,,,,,,False,False,False
SERTANIA,PE,2020,MÉDIO PORTE,6031577.4,13388111.05,29908797.939999998,,,,,,,False,False,False
SERTANIA,PE,2021,MÉDIO PORTE,7071883.84,17328254.43,30388089.07,,,,,,,False,False,False
SERTANIA,PE,2022,MÉDIO PORTE,8998869.05,17668723.98,31156066.33,,,,,,,False,False,False
SERTANIA,PE,2023,MÉDIO PORTE,9794959.2,13976021.65,31389090.64,,,,,,,False,False,False
SERTANIA,PE,2024,MÉDIO PORTE,11449567.79,8179405.73,30147283.08,,,,,,,False,False,False
SERTAO SANTANA,RS,2019,PEQUENO PORTE,3509055.18,18536637.19,32329079.689999998,,,,,,,False,False,False
SERTAO SANTANA,RS,2020,PEQUENO PORTE,3966863.69,22779233.99,31035703.169999998,,,,,,,False,False,False
SERTAO SANTANA,RS,2021,PEQUENO PORTE,3939712.99,26643555.12,29501536.49,,,,,,,False,False,False
SERTAO SANTANA,RS,2022,PEQUENO PORTE,3986604.21,29531663.33,32530985.619999997,,,,,,,False,False,False
SERTAO SANTANA,RS,2023,PEQUENO PORTE,3983099.23,34334395.93,34891596.39,,,,,,,False,False,False
SERTAO SANTANA,RS,2024,PEQUENO PORTE,2352788.41,41933491.17,32512037.099999998,,,,,,,False,False,False
SETE DE SETEMBRO,RS,2019,PEQUENO PORTE,1262644.87,13695029.99,31412894.779999997,,,,,,,False,False,False
SETE DE SETEMBRO,RS,2020,PEQUENO PORTE,1409269.6,15423139.41,30842381.16,,,,,,,False,False,False
SETE DE SETEMBRO,RS,2021,PEQUENO PORTE,2001805.57,16991492.33,30181505.45,,,,,,,False,False,False
SETE DE SETEMBRO,RS,2022,PEQUENO PORTE,1655639.62,17500130.24,31738509.41,,,,,,,False,False,False
SETE DE SETEMBRO,RS,2023,PEQUENO PORTE,1910227.89,20734211.33,32593310.38,,,,,,,False,False,False
SETE DE SETEMBRO,RS,2024,PEQUENO PORTE,2063222.68,24027007.65,31844648.369999997,,,,,,,False,False,False
SEVERINIA,SP,2019,MÉDIO PORTE,4455351.51,38741922.94,29872815.04,,,,,,,False,False,False
SEVERINIA,SP,2020,MÉDIO PORTE,5262919.57,48160168.03,29867554.24,,,,,,,False,False,False
SEVERINIA,SP,2021,MÉDIO PORTE,6780930.53,52505853.78,29868501.68,,,,,,,False,False,False
SEVERINIA,SP,2022,MÉDIO PORTE,7957780.53,55776953.17,29869428.31,,,,,,,False,False,False
SEVERINIA,SP,2023,MÉDIO PORTE,9018721.64,61565394.46,30051175.71,,,,,,,False,False,False
SEVERINIA,SP,2024,MÉDIO PORTE,9763281.47,76714498.17,29966757.09,,,,,,,False,False,False
SIDROLANDIA,MS,2019,MÉDIO PORTE,10674908.46,94937602.26999998,36992777.19,,,,,,,False,False,False
SIDROLANDIA,MS,2020,MÉDIO PORTE,15418263.42,104669657.46,35834374.74,,,,,,,False,False,False
SIDROLANDIA,MS,2021,MÉDIO PORTE,16387137.66,124147617.38,33737698.23,,,,,,,False,False,False
SIDROLANDIA,MS,2022,MÉDIO PORTE,21099996.82,134391186.68,45965188.3,,,,,,,False,False,False
SIDROLANDIA,MS,2023,MÉDIO PORTE,24217699.68,156140129.48,49821418.36,,,,,,,False,False,False
SIDROLANDIA,MS,2024,MÉDIO PORTE,23088921.52,181887276.2,47428470.769999996,2024-02-07 00:00:00,2024-01-11 00:00:00,,,,,False,False,False
SIGEFREDO PACHECO,PI,2019,PEQUENO PORTE,1480757.94,3952781.23,30120967.97,,,,,,,False,False,False
SIGEFREDO PACHECO,PI,2020,PEQUENO PORTE,1787361.82,4061060.75,30010013.9,,,,,,,False,False,False
SIGEFREDO PACHECO,PI,2021,PEQUENO PORTE,2063665.16,4750406.36,29988482.86,,,,,,,False,False,False
SIGEFREDO PACHECO,PI,2022,PEQUENO PORTE,2914988.01,4887202.47,30481635.65,,,,,,,False,False,False
SIGEFREDO PACHECO,PI,2023,PEQUENO PORTE,1746914.73,5856511.18,30601583.529999997,,,,,,,False,False,False
SIGEFREDO PACHECO,PI,2024,PEQUENO PORTE,3185703.95,6292266.48,30270255.61,,,,,,,False,False,False
SILVANIA,GO,2019,MÉDIO PORTE,7327872.87,9396946.79,30822642.23,,,,,,,False,False,False
SILVANIA,GO,2020,MÉDIO PORTE,8693256.69,9527839.92,30811551.009999998,,,,,,,False,False,False
SILVANIA,GO,2021,MÉDIO PORTE,8735266.24,10989076.93,30478309.59,,,,,,,False,False,False
SILVANIA,GO,2022,MÉDIO PORTE,9944999.68,11360831.14,30722182.98,,,,,,,False,False,False
SILVANIA,GO,2023,MÉDIO PORTE,11305885.03,11868344.39,31308499.58,,,,,,,False,False,False
SILVANIA,GO,2024,MÉDIO PORTE,10875258.82,12409044.77,30768565.98,,,,,,,False,False,False
SILVANOPOLIS,TO,2019,PEQUENO PORTE,1272162.02,871956.23,29958601.57,,,,,,,False,False,False
SILVANOPOLIS,TO,2020,PEQUENO PORTE,1468300.28,1904357.28,30031150.24,,,,,,,False,False,False
SILVANOPOLIS,TO,2021,PEQUENO PORTE,1436194.09,2830026.4,30057742.46,,,,,,,False,False,False
SILVANOPOLIS,TO,2022,PEQUENO PORTE,2044966.32,3915355.21,30120129.0,,,,,,,False,False,False
SILVANOPOLIS,TO,2023,PEQUENO PORTE,2653699.72,4836669.55,30628310.27,,,,,,,False,False,False
SILVANOPOLIS,TO,2024,PEQUENO PORTE,1953404.38,6650272.8,30427149.58,,,,,,,False,False,False
SILVEIRA MARTINS,RS,2019,PEQUENO PORTE,1583752.0,15348586.89,31674288.369999997,,,,,,,False,False,False
SILVEIRA MARTINS,RS,2020,PEQUENO PORTE,1918171.42,16921325.0,30740970.82,,,,,,,False,False,False
SILVEIRA MARTINS,RS,2021,PEQUENO PORTE,2207186.12,17559354.79,30135611.75,,,,,,,False,False,False
SILVEIRA MARTINS,RS,2022,PEQUENO PORTE,1450573.67,17851400.75,31285848.009999998,,,,,,,False,False,False
SILVEIRA MARTINS,RS,2023,PEQUENO PORTE,1752069.5,18835734.45,32328899.59,,,,,,,False,False,False
SILVEIRA MARTINS,RS,2024,PEQUENO PORTE,1924501.28,21238585.84,31688311.65,,,,,,,False,False,False
SIMOLANDIA,GO,2019,PEQUENO PORTE,919604.35,10376961.07,31273588.61,,,,,,,False,False,False
SIMOLANDIA,GO,2020,PEQUENO PORTE,1191311.53,11507579.39,30649935.93,,,,,,,False,False,False
SIMOLANDIA,GO,2021,PEQUENO PORTE,2145041.91,12673336.09,29897252.009999998,,,,,,,False,False,False
SIMOLANDIA,GO,2022,PEQUENO PORTE,2572241.5,13763726.69,31044495.89,,,,,,,False,False,False
SIMOLANDIA,GO,2023,PEQUENO PORTE,2342444.46,16332340.08,32191224.5,,,,,,,False,False,False
SIMOLANDIA,GO,2024,PEQUENO PORTE,2684058.11,18843009.43,30318546.83,,,,,,,False,False,False
SIQUEIRA CAMPOS,PR,2019,MÉDIO PORTE,5313456.91,30628093.85,33795188.3,,,,,,,False,False,False
SIQUEIRA CAMPOS,PR,2020,MÉDIO PORTE,5882428.68,38438673.73,32384014.369999997,,,,,,,False,False,False
SIQUEIRA CAMPOS,PR,2021,MÉDIO PORTE,6370419.9,45950059.79000001,30977420.0,,,,,,,False,False,False
SIQUEIRA CAMPOS,PR,2022,MÉDIO PORTE,8767536.73,51263506.8,35153214.78,,,,,,,False,False,False
SIQUEIRA CAMPOS,PR,2023,MÉDIO PORTE,8489279.49,60520084.87,38282362.61,,,,,,,False,False,False
SIQUEIRA CAMPOS,PR,2024,MÉDIO PORTE,9839648.16,74616436.12,34568725.97,,,,,,,False,False,False
SITIO D'ABADIA,GO,2019,PEQUENO PORTE,713702.54,5476411.04,30586313.869999997,,,,,,,False,False,False
SITIO D'ABADIA,GO,2020,PEQUENO PORTE,896708.13,6417459.11,30236468.349999998,,,,,,,False,False,False
SITIO D'ABADIA,GO,2021,PEQUENO PORTE,941065.45,7189534.77,29735870.24,,,,,,,False,False,False
SITIO D'ABADIA,GO,2022,PEQUENO PORTE,1098911.41,7418115.84,30467452.91,,,,,,,False,False,False
SITIO D'ABADIA,GO,2023,PEQUENO PORTE,1438742.33,8184247.48,31110969.97,,,,,,,False,False,False
SITIO D'ABADIA,GO,2024,PEQUENO PORTE,2451263.19,9621378.1,30048458.509999998,,,,,,,False,False,False
SOLEDADE,RS,2019,MÉDIO PORTE,7399916.82,29550101.28,33831268.7,,,,,,,False,False,False
SOLEDADE,RS,2020,MÉDIO PORTE,9727706.35,32824101.38,33125992.09,,,,,,,False,False,False
SOLEDADE,RS,2021,MÉDIO PORTE,13048210.82,35613920.42,31793994.0,,,,,,,False,False,False
SOLEDADE,RS,2022,MÉDIO PORTE,9021821.49,39702464.85,34084276.66,,,,,,,False,False,False
SOLEDADE,RS,2023,MÉDIO PORTE,6655095.93,41591589.38,35424818.85,,,,,,,False,False,False
SOLEDADE,RS,2024,MÉDIO PORTE,7135011.0,44780528.51,34356929.33,,,,,,,False,False,False
SOLIDAO,PE,2019,PEQUENO PORTE,2838983.93,218554.93,29884085.869999997,,,,,,,False,False,False
SOLIDAO,PE,2020,PEQUENO PORTE,3466543.36,260921.31,29867166.919999998,,,,,,,False,False,False
SOLIDAO,PE,2021,PEQUENO PORTE,2818355.29,263665.21,29864382.65,,,,,,,False,False,False
SOLIDAO,PE,2022,PEQUENO PORTE,3201584.77,217179.53,29888438.8,,,,,,,False,False,False
SOLIDAO,PE,2023,PEQUENO PORTE,3511908.16,504940.09,29947867.58,,,,,,,False,False,False
SOLIDAO,PE,2024,PEQUENO PORTE,3740699.01,838179.16,29944403.099999998,,,,,,,False,False,False
SOLONOPOLE,CE,2019,MÉDIO PORTE,3843656.79,11471892.67,31041045.81,,,,,,,False,False,False
SOLONOPOLE,CE,2020,MÉDIO PORTE,4757404.35,14891572.96,30149559.04,,,,,,,False,False,False
SOLONOPOLE,CE,2021,MÉDIO PORTE,4875296.84,19691629.31,30416531.099999998,,,,,,,False,False,False
SOLONOPOLE,CE,2022,MÉDIO PORTE,5297242.6,24160235.88,32899456.66,,,,,,,False,False,False
SOLONOPOLE,CE,2023,MÉDIO PORTE,6861442.84,33642620.84,32989699.53,,,,,,,False,False,False
SOLONOPOLE,CE,2024,MÉDIO PORTE,7405845.95,44256989.72,33363381.119999997,2023-03-06 00:00:00,2023-12-12 00:00:00,,,,,False,False,False
SUME,PB,2019,MÉDIO PORTE,4277107.73,4666075.51,30423088.849999998,,,,,,,False,False,False
SUME,PB,2020,MÉDIO PORTE,5000180.88,4416239.44,30317223.529999997,,,,,,,False,False,False
SUME,PB,2021,MÉDIO PORTE,6511482.64,5085970.36,29930121.24,,,,,,,False,False,False
SUME,PB,2022,MÉDIO PORTE,7294342.01,6416934.64,30542633.439999998,,,,,,,False,False,False
SUME,PB,2023,MÉDIO PORTE,8020588.89,8203709.88,31023561.84,,,,,,,False,False,False
SUME,PB,2024,MÉDIO PORTE,2846021.02,11058170.88,30001651.43,,,,,,,False,False,False
SUMIDOURO,RJ,2019,MÉDIO PORTE,3853440.07,80150624.07,34122478.44,,,,,,,False,False,False
SUMIDOURO,RJ,2020,MÉDIO PORTE,4391261.75,94756503.0,30201577.48,,,,,,,False,False,False
SUMIDOURO,RJ,2021,MÉDIO PORTE,6567504.71,101188925.69,30486160.46,,,,,,,False,False,False
SUMIDOURO,RJ,2022,MÉDIO PORTE,7238344.77,100187942.7,34473242.98,,,,,,,False,False,False
SUMIDOURO,RJ,2023,MÉDIO PORTE,7813436.0,104750978.69,31299586.619999997,,,,,,,False,False,False
SUMIDOURO,RJ,2024,MÉDIO PORTE,9204918.99,120204087.63,43500518.93,,,,,,,False,False,False
SUZANAPOLIS,SP,2019,PEQUENO PORTE,2435875.33,21841662.51,31315039.59,,,,,,,False,False,False
SUZANAPOLIS,SP,2020,PEQUENO PORTE,2603356.31,24344552.86,30641362.3,,,,,,,False,False,False
SUZANAPOLIS,SP,2021,PEQUENO PORTE,2792378.99,26640319.48,30836132.64,,,,,,,False,False,False
SUZANAPOLIS,SP,2022,PEQUENO PORTE,2749681.57,29082281.33,33386768.66,,,,,,,False,False,False
SUZANAPOLIS,SP,2023,PEQUENO PORTE,3407043.86,34312541.15,33853489.089999996,,,,,,,False,False,False
SUZANAPOLIS,SP,2024,PEQUENO PORTE,3968540.1,40946668.82,32215039.369999997,,,,,,,False,False,False
TABOAO DA SERRA,SP,2019,GRANDE PORTE,70926019.65,588680057.34,127544597.25,,,,,,,False,False,False
TABOAO DA SERRA,SP,2020,GRANDE PORTE,39400038.6,710515465.32,72880246.72999999,,,,,,,False,False,False
TABOAO DA SERRA,SP,2021,GRANDE PORTE,76191111.51,734521441.1800002,32961400.849999998,,,,,,,False,False,False
TABOAO DA SERRA,SP,2022,GRANDE PORTE,92653258.62,753368131.32,34028341.49,,,,,,,False,False,False
TABOAO DA SERRA,SP,2023,GRANDE PORTE,109676542.72,822452803.07,34736954.28,,,,,,,False,False,False
TABOAO DA SERRA,SP,2024,GRANDE PORTE,76557362.11,986855679.91,38885094.98,2018-12-11 00:00:00,2018-12-10 00:00:00,2021-10-01 00:00:00,II,2024-10-10 00:00:00,II,False,False,False
TACURU,MS,2019,PEQUENO PORTE,3082395.2,20260505.87,32160263.68,,,,,,,False,False,False
TACURU,MS,2020,PEQUENO PORTE,2664985.13,22572077.16,31628837.84,,,,,,,False,False,False
TACURU,MS,2021,PEQUENO PORTE,4315189.95,23529651.44,30752345.02,,,,,,,False,False,False
TACURU,MS,2022,PEQUENO PORTE,3821475.68,25790431.77,32320932.54,,,,,,,False,False,False
TACURU,MS,2023,PEQUENO PORTE,3953245.05,30253235.31,30222834.95,,,,,,,False,False,False
TACURU,MS,2024,PEQUENO PORTE,4027035.29,38811585.92,30789186.79,,,,,,,False,False,False
TAIACU,SP,2019,PEQUENO PORTE,2274356.8,24003247.89,34503254.769999996,,,,,,,False,False,False
TAIACU,SP,2020,PEQUENO PORTE,2141315.89,28978027.57,31146682.8,,,,,,,False,False,False
TAIACU,SP,2021,PEQUENO PORTE,1826665.3,30829161.83,29422915.33,,,,,,,False,False,False
TAIACU,SP,2022,PEQUENO PORTE,2247748.7,30163289.8,31746146.9,,,,,,,False,False,False
TAIACU,SP,2023,PEQUENO PORTE,2999787.49,30589835.55,34572419.589999996,,,,,,,False,False,False
TAIACU,SP,2024,PEQUENO PORTE,3322696.7,35407338.84,31100767.919999998,2024-07-08 00:00:00,2024-07-04 00:00:00,,,,,False,False,False
TAIO,SC,2019,PEQUENO PORTE,3495824.53,34620605.52,34487840.25,,,,,,,False,False,False
TAIO,SC,2020,MÉDIO PORTE,4095858.13,42615515.24,32975713.34,,,,,,,False,False,False
TAIO,SC,2021,MÉDIO PORTE,4667838.22,48558834.8,30191472.75,,,,,,,False,False,False
TAIO,SC,2022,MÉDIO PORTE,5213841.62,51136583.65000001,33384082.369999997,,,,,,,False,False,False
TAIO,SC,2023,MÉDIO PORTE,6098195.19,56352773.53,36123952.96,,,,,,,False,False,False
TAIO,SC,2024,MÉDIO PORTE,7198166.53,65446837.51,35495705.06,2020-11-27 00:00:00,2020-11-24 00:00:00,2022-01-12 00:00:00,I,2024-11-22 00:00:00,II,False,False,False
TAMBAU,SP,2019,MÉDIO PORTE,5821105.85,70402373.14,35154142.839999996,,,,,,,False,False,False
TAMBAU,SP,2020,MÉDIO PORTE,6905278.63,73238694.15,33250369.799999997,,,,,,,False,False,False
TAMBAU,SP,2021,MÉDIO PORTE,7483321.73,76622090.69,32318840.54,,,,,,,False,False,False
TAMBAU,SP,2022,MÉDIO PORTE,9711680.45,80389573.62,33714247.879999995,,,,,,,False,False,False
TAMBAU,SP,2023,MÉDIO PORTE,11000811.57,84298428.93,41836046.54,,,,,,,False,False,False
TAMBAU,SP,2024,MÉDIO PORTE,12353589.94,96711284.86,39691960.269999996,2023-07-24 00:00:00,2023-07-21 00:00:00,,,,,False,False,False
TAMBOARA,PR,2019,PEQUENO PORTE,1298133.51,1946807.44,30117822.779999997,,,,,,,False,False,False
TAMBOARA,PR,2020,PEQUENO PORTE,1379154.29,2384703.84,30019820.77,,,,,,,False,False,False
TAMBOARA,PR,2021,PEQUENO PORTE,1450633.15,2431430.15,29823394.52,,,,,,,False,False,False
TAMBOARA,PR,2022,PEQUENO PORTE,1943396.28,2264536.3,30027176.439999998,,,,,,,False,False,False
TAMBOARA,PR,2023,PEQUENO PORTE,2353053.4,2299908.53,30205307.16,,,,,,,False,False,False
TAMBOARA,PR,2024,PEQUENO PORTE,2823689.89,3754718.18,30058966.33,,,,,,,False,False,False
TANGARA,RN,2019,PEQUENO PORTE,1543968.23,4284932.3,29946215.099999998,,,,,,,False,False,False
TANGARA,RN,2020,PEQUENO PORTE,1642823.61,3963404.78,29882883.86,,,,,,,False,False,False
TANGARA,RN,2021,PEQUENO PORTE,4722844.82,4256124.92,30001481.45,,,,,,,False,False,False
TANGARA,RN,2022,PEQUENO PORTE,5126826.37,6617364.33,30603677.869999997,,,,,,,False,False,False
TANGARA,RN,2023,PEQUENO PORTE,3826544.05,8329331.38,29862452.79,,,,,,,False,False,False
TANGARA,RN,2024,PEQUENO PORTE,4450570.84,8101281.36,29862452.79,,,,,,,False,False,False
TANGARA DA SERRA,MT,2019,MÉDIO PORTE,23998679.76,88706652.54999998,30249888.71,,,,,,,False,False,False
TANGARA DA SERRA,MT,2020,MÉDIO PORTE,26643212.89,114491812.36,30346312.599999998,,,,,,,False,False,False
TANGARA DA SERRA,MT,2021,MÉDIO PORTE,26912896.33,138748403.09,29866911.11,,,,,,,False,False,False
TANGARA DA SERRA,MT,2022,MÉDIO PORTE,41222033.62,158614513.6,30003785.79,,,,,,,False,False,False
TANGARA DA SERRA,MT,2023,MÉDIO PORTE,47661657.2,183940089.33,29907409.14,,,,,,,False,False,False
TANGARA DA SERRA,MT,2024,MÉDIO PORTE,40658632.7,249134878.91,32365568.72,2024-06-10 00:00:00,2024-06-04 00:00:00,,,,,False,False,False
TAPEJARA,PR,2019,MÉDIO PORTE,3854395.96,40741347.09,36002093.62,,,,,,,False,False,False
TAPEJARA,PR,2020,MÉDIO PORTE,3624181.31,48094777.28,32739794.03,,,,,,,False,False,False
TAPEJARA,PR,2021,MÉDIO PORTE,5178762.07,51113681.28,29273275.41,,,,,,,False,False,False
TAPEJARA,PR,2022,MÉDIO PORTE,6411230.56,53157491.33000001,32089074.04,,,,,,,False,False,False
TAPEJARA,PR,2023,MÉDIO PORTE,6712870.14,56969340.18,42713376.34,,,,,,,False,False,False
TAPEJARA,PR,2024,MÉDIO PORTE,6980635.63,66513304.8,35898557.98,,,,,,,False,False,False
TAPERA,RS,2019,PEQUENO PORTE,4563859.04,22700457.03,32672033.54,,,,,,,False,False,False
TAPERA,RS,2020,PEQUENO PORTE,4886087.37,26600160.6,31621934.93,,,,,,,False,False,False
TAPERA,RS,2021,MÉDIO PORTE,4810985.38,29548884.81,30226173.83,,,,,,,False,False,False
TAPERA,RS,2022,MÉDIO PORTE,3536674.74,30785475.07,32859945.66,,,,,,,False,False,False
TAPERA,RS,2023,PEQUENO PORTE,2916057.22,32966592.69,35117652.129999995,,,,,,,False,False,False
TAPERA,RS,2024,PEQUENO PORTE,2110333.19,39007727.0,32381225.18,,,,,,,False,False,False
TAPES,RS,2019,MÉDIO PORTE,4786837.64,30007398.36,33410946.799999997,,,,,,,False,False,False
TAPES,RS,2020,MÉDIO PORTE,7180482.07,34032350.23,31880824.099999998,,,,,,,False,False,False
TAPES,RS,2021,MÉDIO PORTE,7258147.69,38931950.01000001,30437144.23,,,,,,,False,False,False
TAPES,RS,2022,MÉDIO PORTE,7718340.42,43407057.48,33193844.77,,,,,,,False,False,False
TAPES,RS,2023,MÉDIO PORTE,8039836.17,51217155.9,36645139.22,,,,,,,False,False,False
TAPES,RS,2024,PEQUENO PORTE,9204081.3,59664364.99,34337767.57,,,,,,,False,False,False
TAPIRA,PR,2019,PEQUENO PORTE,1398134.32,6347370.92,30281145.48,,,,,,,False,False,False
TAPIRA,PR,2020,PEQUENO PORTE,1360908.3,6313186.49,30407812.4,,,,,,,False,False,False
TAPIRA,PR,2021,PEQUENO PORTE,1789789.71,6940412.86,30337458.88,,,,,,,False,False,False
TAPIRA,PR,2022,PEQUENO PORTE,1968854.05,7498814.04,30781667.4,,,,,,,False,False,False
TAPIRA,PR,2023,PEQUENO PORTE,2133226.32,8797334.77,31178323.349999998,,,,,,,False,False,False
TAPIRA,PR,2024,PEQUENO PORTE,2374493.39,10379922.81,30864816.21,,,,,,,False,False,False
TAPIRAMUTA,BA,2019,PEQUENO PORTE,2623226.36,9464363.07,30854381.919999998,,,,,,,False,False,False
TAPIRAMUTA,BA,2020,MÉDIO PORTE,2137780.48,23728965.16,30788294.27,,,,,,,False,False,False
TAPIRAMUTA,BA,2021,PEQUENO PORTE,2996711.71,26509237.08,30299129.05,,,,,,,False,False,False
TAPIRAMUTA,BA,2022,PEQUENO PORTE,2513711.25,28487097.97,32729685.54,,,,,,,False,False,False
TAPIRAMUTA,BA,2023,MÉDIO PORTE,1007898.57,31756622.91,34171499.9,,,,,,,False,False,False
TAPIRAMUTA,BA,2024,PEQUENO PORTE,1756845.2,34333810.54,31940105.11,,,,,,,False,False,False
TAQUARA,RS,2019,MÉDIO PORTE,10315183.67,28835717.67,32879139.43,,,,,,,False,False,False
TAQUARA,RS,2020,MÉDIO PORTE,9975806.34,36506382.47,32232381.99,,,,,,,False,False,False
TAQUARA,RS,2021,MÉDIO PORTE,12059332.63,47387799.95,31346199.259999998,,,,,,,False,False,False
TAQUARA,RS,2022,MÉDIO PORTE,16925073.43,52760630.69000001,35552850.589999996,,,,,,,False,False,False
TAQUARA,RS,2023,MÉDIO PORTE,18443359.9,61378139.1,38547835.36,,,,,,,False,False,False
TAQUARA,RS,2024,MÉDIO PORTE,20693773.05,81601336.5,35620186.21,,,,,,,False,False,False
TAQUARAL DE GOIAS,GO,2019,PEQUENO PORTE,1291272.3,1355968.04,29990369.83,,,,,,,False,False,False
TAQUARAL DE GOIAS,GO,2020,PEQUENO PORTE,1738250.73,1391577.29,30035987.54,,,,,,,False,False,False
TAQUARAL DE GOIAS,GO,2021,PEQUENO PORTE,2017273.86,1552773.56,29939062.38,,,,,,,False,False,False
TAQUARAL DE GOIAS,GO,2022,PEQUENO PORTE,2016497.87,1718057.73,30014388.46,,,,,,,False,False,False
TAQUARAL DE GOIAS,GO,2023,PEQUENO PORTE,2847261.18,1955924.05,30013931.3,,,,,,,False,False,False
TAQUARAL DE GOIAS,GO,2024,PEQUENO PORTE,3226226.28,1825438.6,30053159.3,,,,,,,False,False,False
TAQUARITINGA,SP,2019,MÉDIO PORTE,18898028.81,17969453.26,29862452.79,,,,,,,False,False,False
TAQUARITINGA,SP,2020,MÉDIO PORTE,20035015.99,17281526.79,29862452.79,,,,,,,False,False,False
TAQUARITINGA,SP,2021,MÉDIO PORTE,29694080.25,10986793.36,29862452.79,,,,,,,False,False,False
TAQUARITINGA,SP,2022,MÉDIO PORTE,35333599.49,10076893.92,29862452.79,,,,,,,False,False,False
TAQUARITINGA,SP,2023,MÉDIO PORTE,14341845.77,5117895.28,29862452.79,,,,,,,False,False,False
TAQUARITINGA,SP,2024,MÉDIO PORTE,34685032.51,4652173.77,29862452.79,2024-12-17 00:00:00,2024-12-04 00:00:00,,,,,False,False,False
TAUA,CE,2019,MÉDIO PORTE,13052227.8,614075.1599999999,29988896.189999998,,,,,,,False,False,False
TAUA,CE,2020,MÉDIO PORTE,14999429.3,3136067.24,29992114.48,,,,,,,False,False,False
TAUA,CE,2021,MÉDIO PORTE,17269284.19,5618954.09,30123170.4,,,,,,,False,False,False
TAUA,CE,2022,MÉDIO PORTE,19178582.61,12530159.25,31447347.54,,,,,,,False,False,False
TAUA,CE,2023,MÉDIO PORTE,17739690.8,17061569.59,31732931.31,,,,,,,False,False,False
TAUA,CE,2024,MÉDIO PORTE,18354590.9,15416882.18,31072902.189999998,2023-03-28 00:00:00,2023-03-13 00:00:00,2024-01-20 00:00:00,I,,I,False,False,False
TAUBATE,SP,2019,GRANDE PORTE,98506603.82,306982467.06,37021713.17,,,,,,,False,False,False
TAUBATE,SP,2020,GRANDE PORTE,86319260.98,323671392.35,51321677.61,,,,,,,False,False,False
TAUBATE,SP,2021,GRANDE PORTE,120640695.74,268930918.52,42212224.85,,,,,,,False,False,False
TAUBATE,SP,2022,GRANDE PORTE,168337953.33,223830564.88,45487199.56,,,,,,,False,False,False
TAUBATE,SP,2023,GRANDE PORTE,148580119.75,206895549.3,55617439.06,,,,,,,False,False,False
TAUBATE,SP,2024,GRANDE PORTE,186782531.83,186655446.37,44711805.5,2021-03-31 00:00:00,2021-03-31 00:00:00,,,,,False,False,False
TEIXEIRA SOARES,PR,2019,PEQUENO PORTE,3775450.73,10490145.37,31069854.88,,,,,,,False,False,False
TEIXEIRA SOARES,PR,2020,PEQUENO PORTE,4387645.63,12539366.67,30531619.71,,,,,,,False,False,False
TEIXEIRA SOARES,PR,2021,PEQUENO PORTE,4707944.41,13448311.77,30100211.689999998,,,,,,,False,False,False
TEIXEIRA SOARES,PR,2022,PEQUENO PORTE,5196767.26,15109284.93,31286059.4,,,,,,,False,False,False
TEIXEIRA SOARES,PR,2023,PEQUENO PORTE,5884491.18,16941199.9,32106935.03,,,,,,,False,False,False
TEIXEIRA SOARES,PR,2024,PEQUENO PORTE,6185136.67,21768395.86,31673795.689999998,,,,,,,False,False,False
TELEMACO BORBA,PR,2019,MÉDIO PORTE,23443075.14,164581697.27,49735236.21,,,,,,,False,False,False
TELEMACO BORBA,PR,2020,MÉDIO PORTE,22979821.84,199447470.74,42226401.11,,,,,,,False,False,False
TELEMACO BORBA,PR,2021,MÉDIO PORTE,24597557.71,223693278.29,30556756.7,,,,,,,False,False,False
TELEMACO BORBA,PR,2022,MÉDIO PORTE,32833236.44,237712966.28,45280900.46,,,,,,,False,False,False
TELEMACO BORBA,PR,2023,MÉDIO PORTE,37553514.73,270219191.14,66060542.9,,,,,,,False,False,False
TELEMACO BORBA,PR,2024,MÉDIO PORTE,35736666.38,329124616.31,46647408.33,,,,,,,False,False,False
TENENTE ANANIAS,RN,2019,PEQUENO PORTE,1394009.46,925435.54,29908177.27,,,,,,,False,False,False
TENENTE ANANIAS,RN,2020,PEQUENO PORTE,2537810.6,260233.63,29876627.23,,,,,,,False,False,False
TENENTE ANANIAS,RN,2021,PEQUENO PORTE,2954963.54,477777.27,29863778.21,,,,,,,False,False,False
TENENTE ANANIAS,RN,2022,PEQUENO PORTE,3744363.28,838068.0199999999,29947500.64,,,,,,,False,False,False
TENENTE ANANIAS,RN,2023,PEQUENO PORTE,3746814.74,1593273.44,30036977.529999997,,,,,,,False,False,False
TENENTE ANANIAS,RN,2024,PEQUENO PORTE,5086669.89,454228.77,29956124.939999998,,,,,,,False,False,False
TERENOS,MS,2019,MÉDIO PORTE,5215783.52,32584850.57,32952473.49,,,,,,,False,False,False
TERENOS,MS,2020,MÉDIO PORTE,5447702.04,37023294.28,31482558.63,,,,,,,False,False,False
TERENOS,MS,2021,MÉDIO PORTE,5931647.51,41388298.8,30316382.63,,,,,,,False,False,False
TERENOS,MS,2022,MÉDIO PORTE,6681353.23,43973366.04,33515127.97,,,,,,,False,False,False
TERENOS,MS,2023,MÉDIO PORTE,8937415.04,49051262.81,37118200.519999996,,,,,,,False,False,False
TERENOS,MS,2024,MÉDIO PORTE,10247043.9,59072543.61,32177111.939999998,,,,,,,False,False,False
TERESINA,PI,2019,GRANDE PORTE,208249423.58,495552536.31,94829611.17,,,,,,,False,False,False
TERESINA,PI,2020,GRANDE PORTE,114144112.61,506950368.64,64500964.949999996,,,,,,,False,False,False
TERESINA,PI,2021,GRANDE PORTE,259532794.76,357733572.06,47553412.66,,,,,,,False,False,False
TERESINA,PI,2022,GRANDE PORTE,334815635.44,499044035.66,72729768.46000001,,,,,,,False,False,False
TERESINA,PI,2023,GRANDE PORTE,335197706.62,409976985.89,72627005.28,,,,,,,False,False,False
TERESINA,PI,2024,GRANDE PORTE,372461115.26,451013349.43,33539700.53,2022-11-10 00:00:00,2022-10-18 00:00:00,2023-01-20 00:00:00,I,2024-11-01 00:00:00,III,False,False,False
TERRA DE AREIA,RS,2019,PEQUENO PORTE,3989202.15,14436940.02,31781924.23,,,,,,,False,False,False
TERRA DE AREIA,RS,2020,PEQUENO PORTE,4488381.48,17278564.47,30772882.95,,,,,,,False,False,False
TERRA DE AREIA,RS,2021,PEQUENO PORTE,5118338.7,20305238.08,30101619.3,,,,,,,False,False,False
TERRA DE AREIA,RS,2022,PEQUENO PORTE,5974408.16,22718542.67,32233798.7,,,,,,,False,False,False
TERRA DE AREIA,RS,2023,PEQUENO PORTE,5544945.14,27461835.91,33676718.33,,,,,,,False,False,False
TERRA DE AREIA,RS,2024,PEQUENO PORTE,3455734.07,33434678.64,32139679.049999997,,,,,,,False,False,False
TERRA NOVA,PE,2019,PEQUENO PORTE,2901297.39,5273605.550000001,30222383.21,,,,,,,False,False,False
TERRA NOVA,PE,2020,PEQUENO PORTE,2675241.07,4689955.33,30142090.509999998,,,,,,,False,False,False
TERRA NOVA,PE,2021,PEQUENO PORTE,3421934.67,3855350.360000001,29967334.88,,,,,,,False,False,False
TERRA NOVA,PE,2022,PEQUENO PORTE,3515572.11,3575996.23,29891515.189999998,,,,,,,False,False,False
TERRA NOVA,PE,2023,PEQUENO PORTE,4052977.71,3125666.8,30191831.259999998,,,,,,,False,False,False
TERRA NOVA,PE,2024,PEQUENO PORTE,6241257.23,2704154.22,30087563.779999997,,,,,,,False,False,False
TERRA NOVA DO NORTE,MT,2019,PEQUENO PORTE,3039364.46,6620282.95,30935204.98,,,,,,,False,False,False
TERRA NOVA DO NORTE,MT,2020,PEQUENO PORTE,3508045.16,8813718.35,30601334.21,,,,,,,False,False,False
TERRA NOVA DO NORTE,MT,2021,PEQUENO PORTE,3052332.82,10703032.27,29977480.86,,,,,,,False,False,False
TERRA NOVA DO NORTE,MT,2022,PEQUENO PORTE,4282254.64,11298662.57,30797013.45,,,,,,,False,False,False
TERRA NOVA DO NORTE,MT,2023,PEQUENO PORTE,4875480.63,13078747.5,31915332.63,,,,,,,False,False,False
TERRA NOVA DO NORTE,MT,2024,PEQUENO PORTE,7494819.11,15578417.28,31275087.63,,,,,,,False,False,False
TERRA RICA,PR,2019,MÉDIO PORTE,4749731.58,32426393.14,34291588.51,,,,,,,False,False,False
TERRA RICA,PR,2020,MÉDIO PORTE,4913269.5,35557433.66,33867173.92,,,,,,,False,False,False
TERRA RICA,PR,2021,MÉDIO PORTE,5799039.95,38039495.75,30644938.529999997,,,,,,,False,False,False
TERRA RICA,PR,2022,MÉDIO PORTE,8813631.2,37332215.16,34056709.06,,,,,,,False,False,False
TERRA RICA,PR,2023,MÉDIO PORTE,9061366.95,41896382.08,35897304.8,,,,,,,False,False,False
TERRA RICA,PR,2024,MÉDIO PORTE,9381727.0,44402678.79,31582575.57,,,,,,,False,False,False
TEUTONIA,RS,2019,MÉDIO PORTE,11080568.17,26272675.73,33742613.75,,,,,,,False,False,False
TEUTONIA,RS,2020,MÉDIO PORTE,12455969.62,38400016.28,32162632.52,,,,,,,False,False,False
TEUTONIA,RS,2021,MÉDIO PORTE,11355226.21,50549574.85,31010408.91,,,,,,,False,False,False
TEUTONIA,RS,2022,MÉDIO PORTE,13236807.42,58385765.34,35503178.26,,,,,,,False,False,False
TEUTONIA,RS,2023,MÉDIO PORTE,15850118.08,73468808.25,40237513.81,,,,,,,False,False,False
TEUTONIA,RS,2024,MÉDIO PORTE,13498764.87,94931435.42,37533938.5,,,,,,,False,False,False
TIJUCAS DO SUL,PR,2019,MÉDIO PORTE,4204091.26,13922985.21,32607846.919999998,,,,,,,False,False,False
TIJUCAS DO SUL,PR,2020,MÉDIO PORTE,4858652.5,19283676.61,31634513.27,,,,,,,False,False,False
TIJUCAS DO SUL,PR,2021,MÉDIO PORTE,5282723.04,26357918.09,30295615.5,,,,,,,False,False,False
TIJUCAS DO SUL,PR,2022,MÉDIO PORTE,6398632.72,30902555.8,31528108.3,,,,,,,False,False,False
TIJUCAS DO SUL,PR,2023,MÉDIO PORTE,7157905.26,38144210.59,35350446.48,,,,,,,False,False,False
TIJUCAS DO SUL,PR,2024,MÉDIO PORTE,8244698.53,49483482.39,35684014.62,,,,,,,False,False,False
TIMBAUBA,PE,2019,MÉDIO PORTE,9355884.57,202526.27,29868232.13,,,,,,,False,False,False
TIMBAUBA,PE,2020,MÉDIO PORTE,10033118.42,140300.12,29866836.34,,,,,,,False,False,False
TIMBAUBA,PE,2021,MÉDIO PORTE,9229236.97,118363.63,29864359.82,,,,,,,False,False,False
TIMBAUBA,PE,2022,MÉDIO PORTE,11960266.21,96532.3,29867673.7,,,,,,,False,False,False
TIMBAUBA,PE,2023,MÉDIO PORTE,15152140.09,108592.12,29871680.61,,,,,,,False,False,False
TIMBAUBA,PE,2024,MÉDIO PORTE,18483321.27,107861.79,29864282.599999998,,,,,,,False,False,False
TIMBO GRANDE,SC,2019,PEQUENO PORTE,2977695.86,5112351.699999999,30590644.16,,,,,,,False,False,False
TIMBO GRANDE,SC,2020,PEQUENO PORTE,3510259.38,5992774.720000002,30497759.22,,,,,,,False,False,False
TIMBO GRANDE,SC,2021,PEQUENO PORTE,4066972.1,7756038.470000002,30267465.869999997,,,,,,,False,False,False
TIMBO GRANDE,SC,2022,PEQUENO PORTE,4084578.43,9563211.73,31194070.07,,,,,,,False,False,False
TIMBO GRANDE,SC,2023,PEQUENO PORTE,3238746.53,12690089.28,31835183.75,,,,,,,False,False,False
TIMBO GRANDE,SC,2024,PEQUENO PORTE,4519224.3,16520304.33,31528860.21,,,,,,,False,False,False
TOCANTINS,MG,2019,PEQUENO PORTE,2774091.22,11755048.92,30997905.8,,,,,,,False,False,False
TOCANTINS,MG,2020,PEQUENO PORTE,2783186.58,11181106.54,30592831.71,,,,,,,False,False,False
TOCANTINS,MG,2021,PEQUENO PORTE,3002475.87,9909496.69,30285929.09,,,,,,,False,False,False
TOCANTINS,MG,2022,PEQUENO PORTE,3252028.86,9437131.78,30734786.65,,,,,,,False,False,False
TOCANTINS,MG,2023,PEQUENO PORTE,3446304.12,8318405.84,30828192.06,,,,,,,False,False,False
TOCANTINS,MG,2024,PEQUENO PORTE,4843213.19,6709606.9,30436275.45,,,,,,,False,False,False
TORIXOREU,MT,2019,PEQUENO PORTE,680410.79,2224781.52,29985495.81,,,,,,,False,False,False
TORIXOREU,MT,2020,PEQUENO PORTE,684241.2,2004089.54,29903311.74,,,,,,,False,False,False
TORIXOREU,MT,2021,PEQUENO PORTE,1421318.52,1381160.81,29870688.77,,,,,,,False,False,False
TORIXOREU,MT,2022,PEQUENO PORTE,1840831.12,320189.06,29876202.18,,,,,,,False,False,False
TORIXOREU,MT,2023,PEQUENO PORTE,2615520.42,130522.91,29877895.86,,,,,,,False,False,False
TORIXOREU,MT,2024,PEQUENO PORTE,2553228.16,275983.57,29895744.84,2022-11-04 00:00:00,2022-10-13 00:00:00,,,,,False,False,False
TRAJANO DE MORAES,RJ,2019,MÉDIO PORTE,4127338.72,13703930.09,31518612.46,,,,,,,False,False,False
TRAJANO DE MORAES,RJ,2020,MÉDIO PORTE,2233224.04,14510566.21,31195572.46,,,,,,,False,False,False
TRAJANO DE MORAES,RJ,2021,MÉDIO PORTE,5164623.43,11456856.21,30003937.06,,,,,,,False,False,False
TRAJANO DE MORAES,RJ,2022,MÉDIO PORTE,6269963.46,13884269.8,31135417.71,,,,,,,False,False,False
TRAJANO DE MORAES,RJ,2023,MÉDIO PORTE,7236783.31,18571136.44,32145927.81,,,,,,,False,False,False
TRAJANO DE MORAES,RJ,2024,MÉDIO PORTE,7485438.93,17352620.23,30834165.23,,,,,,,False,False,False
TRES ARROIOS,RS,2019,PEQUENO PORTE,1787414.15,30289587.48999999,33288585.049999997,,,,,,,False,False,False
TRES ARROIOS,RS,2020,PEQUENO PORTE,1911544.53,33462075.61,31955159.66,,,,,,,False,False,False
TRES ARROIOS,RS,2021,PEQUENO PORTE,2031324.53,35301865.59,30011256.21,,,,,,,False,False,False
TRES ARROIOS,RS,2022,PEQUENO PORTE,1751894.68,35282870.31,32949142.38,,,,,,,False,False,False
TRES ARROIOS,RS,2023,PEQUENO PORTE,1781300.81,37452876.61,34836484.1,,,,,,,False,False,False
TRES ARROIOS,RS,2024,PEQUENO PORTE,873370.41,40802879.91,31428586.25,2021-10-07 00:00:00,2021-09-24 00:00:00,,,,,False,False,False
TRES CORACOES,MG,2019,MÉDIO PORTE,9460159.76,4017104.61,30741028.36,,,,,,,False,False,False
TRES CORACOES,MG,2020,MÉDIO PORTE,10100683.54,6368703.93,30941551.06,,,,,,,False,False,False
TRES CORACOES,MG,2021,MÉDIO PORTE,15563667.28,7448500.81,29947691.81,,,,,,,False,False,False
TRES CORACOES,MG,2022,MÉDIO PORTE,18100868.74,9630417.83,31417694.54,,,,,,,False,False,False
TRES CORACOES,MG,2023,MÉDIO PORTE,21500158.64,16030903.21,31969283.38,,,,,,,False,False,False
TRES CORACOES,MG,2024,MÉDIO PORTE,18832563.63,21397154.23,32206343.78,,,,,,,False,False,False
TRES DE MAIO,RS,2019,MÉDIO PORTE,11815080.65,50837630.08000001,35373254.42,,,,,,,False,False,False
TRES DE MAIO,RS,2020,MÉDIO PORTE,13090479.37,57970419.15,33249345.06,,,,,,,False,False,False
TRES DE MAIO,RS,2021,MÉDIO PORTE,13446281.97,62362606.74,31244177.34,,,,,,,False,False,False
TRES DE MAIO,RS,2022,MÉDIO PORTE,9637609.85,62470806.93,34600535.9,,,,,,,False,False,False
TRES DE MAIO,RS,2023,MÉDIO PORTE,8277797.98,65503797.11,38311581.09,,,,,,,False,False,False
TRES DE MAIO,RS,2024,MÉDIO PORTE,7788485.29,69889716.18,45811544.75,,,,,,,False,False,False
TRES FORQUILHAS,RS,2019,PEQUENO PORTE,1888713.47,23045480.86,32331695.259999998,,,,,,,False,False,False
TRES FORQUILHAS,RS,2020,PEQUENO PORTE,1164922.84,27096544.31,31355127.99,,,,,,,False,False,False
TRES FORQUILHAS,RS,2021,PEQUENO PORTE,1947771.84,29083157.59,29355779.419999998,,,,,,,False,False,False
TRES FORQUILHAS,RS,2022,PEQUENO PORTE,2241028.9,30055998.56,31857045.65,,,,,,,False,False,False
TRES FORQUILHAS,RS,2023,PEQUENO PORTE,3133791.75,34182469.32,33203659.169999998,,,,,,,False,False,False
TRES FORQUILHAS,RS,2024,PEQUENO PORTE,3070480.34,40293460.85,31817716.05,,,,,,,False,False,False
TRES MARIAS,MG,2019,MÉDIO PORTE,6165030.42,62133818.47,39836166.1,,,,,,,False,False,False
TRES MARIAS,MG,2020,MÉDIO PORTE,7730277.35,69792368.52000001,34201380.71,,,,,,,False,False,False
TRES MARIAS,MG,2021,MÉDIO PORTE,9681817.75,74156508.09,33408083.32,,,,,,,False,False,False
TRES MARIAS,MG,2022,MÉDIO PORTE,11783460.27,77491795.21000001,37453482.45,,,,,,,False,False,False
TRES MARIAS,MG,2023,MÉDIO PORTE,14897874.29,84205880.63,45035859.34,,,,,,,False,False,False
TRES MARIAS,MG,2024,MÉDIO PORTE,13603247.58,97931400.72,40239180.12,2018-12-19 00:00:00,2018-12-17 00:00:00,2021-09-03 00:00:00,II,2025-02-07 00:00:00,II,False,False,False
TRES PALMEIRAS,RS,2019,PEQUENO PORTE,1486557.94,20286638.05,31764442.56,,,,,,,False,False,False
TRES PALMEIRAS,RS,2020,PEQUENO PORTE,1546207.6,22460164.66,31079569.18,,,,,,,False,False,False
TRES PALMEIRAS,RS,2021,PEQUENO PORTE,1727102.32,23669299.65,30512037.259999998,,,,,,,False,False,False
TRES PALMEIRAS,RS,2022,PEQUENO PORTE,1552533.17,24403951.54,32185611.11,,,,,,,False,False,False
TRES PALMEIRAS,RS,2023,PEQUENO PORTE,1642006.7,26227353.55,33167651.09,,,,,,,False,False,False
TRES PALMEIRAS,RS,2024,PEQUENO PORTE,1916582.9,28965390.55,32209150.11,,,,,,,False,False,False
TRES PASSOS,RS,2019,MÉDIO PORTE,10193252.55,55573522.94000001,39389310.87,,,,,,,False,False,False
TRES PASSOS,RS,2020,MÉDIO PORTE,11485926.8,66393772.31,34024247.51,,,,,,,False,False,False
TRES PASSOS,RS,2021,MÉDIO PORTE,11334213.93,72557082.56,29405926.259999998,,,,,,,False,False,False
TRES PASSOS,RS,2022,MÉDIO PORTE,10430585.19,72583411.81,36213708.269999996,,,,,,,False,False,False
TRES PASSOS,RS,2023,MÉDIO PORTE,7452863.14,78367639.47,39983789.48,,,,,,,False,False,False
TRES PASSOS,RS,2024,MÉDIO PORTE,7869530.02,86984136.7,36121751.2,,,,,,,False,False,False
TRES PONTAS,MG,2019,MÉDIO PORTE,13590437.44,61996095.18,36045499.71,,,,,,,False,False,False
TRES PONTAS,MG,2020,MÉDIO PORTE,16110716.15,67683629.56,36285358.129999995,,,,,,,False,False,False
TRES PONTAS,MG,2021,MÉDIO PORTE,19380791.46,69003950.89,32041501.02,,,,,,,False,False,False
TRES PONTAS,MG,2022,MÉDIO PORTE,22576633.91,73144116.74000001,37113636.54,,,,,,,False,False,False
TRES PONTAS,MG,2023,MÉDIO PORTE,27211265.17,80967054.73,39536767.79,,,,,,,False,False,False
TRES PONTAS,MG,2024,MÉDIO PORTE,25260354.58,89738743.66,36531042.79,,,,,,,False,False,False
TRES RANCHOS,GO,2019,PEQUENO PORTE,1087764.91,1597886.96,29952487.779999997,,,,,,,False,False,False
TRES RANCHOS,GO,2020,PEQUENO PORTE,1332426.92,1478583.82,29920620.72,,,,,,,False,False,False
TRES RANCHOS,GO,2021,PEQUENO PORTE,1590287.7,2077946.22,29917561.04,,,,,,,False,False,False
TRES RANCHOS,GO,2022,PEQUENO PORTE,1766853.41,2235609.05,30095817.919999998,,,,,,,False,False,False
TRES RANCHOS,GO,2023,PEQUENO PORTE,2362007.27,2352303.98,30138355.849999998,,,,,,,False,False,False
TRES RANCHOS,GO,2024,PEQUENO PORTE,2864358.05,2645653.79,30088780.029999997,,,,,,,False,False,False
TRINDADE,GO,2019,MÉDIO PORTE,14598683.72,33047910.73,33720112.05,,,,,,,False,False,False
TRINDADE,GO,2020,MÉDIO PORTE,17563511.82,39411067.12,32715910.169999998,,,,,,,False,False,False
TRINDADE,GO,2021,MÉDIO PORTE,17148189.03,48534594.99,31470572.48,,,,,,,False,False,False
TRINDADE,GO,2022,MÉDIO PORTE,21653140.12,53408340.09,35568202.08,,,,,,,False,False,False
TRINDADE,GO,2023,MÉDIO PORTE,26099617.68,62990343.46,38158287.08,,,,,,,False,False,False
TRINDADE,GO,2024,MÉDIO PORTE,31818827.2,77963150.39,36693581.76,,,,,,,False,False,False
TRINDADE DO SUL,RS,2019,PEQUENO PORTE,2614144.28,16118311.42,31918840.74,,,,,,,False,False,False
TRINDADE DO SUL,RS,2020,PEQUENO PORTE,2104565.24,18110486.51,30801454.57,,,,,,,False,False,False
TRINDADE DO SUL,RS,2021,PEQUENO PORTE,2642552.68,19579062.28,30202177.349999998,,,,,,,False,False,False
TRINDADE DO SUL,RS,2022,PEQUENO PORTE,3452723.17,21183576.28,32031038.29,,,,,,,False,False,False
TRINDADE DO SUL,RS,2023,PEQUENO PORTE,4021868.24,24638783.3,32780297.53,,,,,,,False,False,False
TRINDADE DO SUL,RS,2024,PEQUENO PORTE,4529551.56,29193494.31,31823430.24,,,,,,,False,False,False
TRIUNFO,PE,2019,MÉDIO PORTE,4935347.9,2031278.07,29959788.189999998,,,,,,,False,False,False
TRIUNFO,PE,2020,MÉDIO PORTE,5868864.51,57160.94,29868162.029999997,,,,,,,False,False,False
TRIUNFO,PE,2021,MÉDIO PORTE,6549238.84,106417.03,29892679.45,,,,,,,False,False,False
TRIUNFO,PE,2022,MÉDIO PORTE,8996991.95,823519.34,29998521.43,,,,,,,False,False,False
TRIUNFO,PE,2023,MÉDIO PORTE,10468182.94,1874618.29,30146279.779999997,,,,,,,False,False,False
TRIUNFO,PE,2024,MÉDIO PORTE,13159388.08,3029053.4,30123345.71,2022-09-23 00:00:00,2022-09-20 00:00:00,2024-03-26 00:00:00,I,,I,False,False,False
TUCUNDUVA,RS,2019,PEQUENO PORTE,2230859.02,20276795.32,32738299.16,,,,,,,False,False,False
TUCUNDUVA,RS,2020,PEQUENO PORTE,2666838.91,22185138.21,31376564.72,,,,,,,False,False,False
TUCUNDUVA,RS,2021,PEQUENO PORTE,3416228.51,22849817.49,29557452.66,,,,,,,False,False,False
TUCUNDUVA,RS,2022,PEQUENO PORTE,4087372.1,22454792.02,31808824.77,,,,,,,False,False,False
TUCUNDUVA,RS,2023,PEQUENO PORTE,5027971.61,23352633.61,32983960.07,,,,,,,False,False,False
TUCUNDUVA,RS,2024,PEQUENO PORTE,5583662.57,25739357.54,30828322.88,,,,,,,False,False,False
TUNAS DO PARANA,PR,2019,PEQUENO PORTE,1574329.36,22419179.36,31273405.279999997,,,,,,,False,False,False
TUNAS DO PARANA,PR,2020,PEQUENO PORTE,1638279.23,24575590.15,30681097.32,,,,,,,False,False,False
TUNAS DO PARANA,PR,2021,PEQUENO PORTE,1741143.07,26147201.98,30713656.47,,,,,,,False,False,False
TUNAS DO PARANA,PR,2022,PEQUENO PORTE,1931471.72,27374692.46,33280702.7,,,,,,,False,False,False
TUNAS DO PARANA,PR,2023,PEQUENO PORTE,2302593.63,31102319.36,33701097.23,,,,,,,False,False,False
TUNAS DO PARANA,PR,2024,PEQUENO PORTE,1940385.06,36248999.3,31665052.73,,,,,,,False,False,False
TUPANATINGA,PE,2019,MÉDIO PORTE,3933586.51,15137810.06,32144198.95,,,,,,,False,False,False
TUPANATINGA,PE,2020,MÉDIO PORTE,4067097.45,14232445.09,31703006.349999998,,,,,,,False,False,False
TUPANATINGA,PE,2021,MÉDIO PORTE,4332491.2,10472716.04,30589818.759999998,,,,,,,False,False,False
TUPANATINGA,PE,2022,MÉDIO PORTE,5761325.38,6209227.15,30280295.689999998,,,,,,,False,False,False
TUPANATINGA,PE,2023,MÉDIO PORTE,7368846.51,2752212.23,29862452.79,,,,,,,False,False,False
TUPANATINGA,PE,2024,MÉDIO PORTE,12124899.23,441744.16,29862452.79,,,,,,,False,False,False
TUPANCIRETA,RS,2019,MÉDIO PORTE,10658563.43,52511631.98999999,35951362.01,,,,,,,False,False,False
TUPANCIRETA,RS,2020,MÉDIO PORTE,6830935.48,64120776.29000001,34061952.8,,,,,,,False,False,False
TUPANCIRETA,RS,2021,MÉDIO PORTE,11811254.34,74962952.04,31806975.54,,,,,,,False,False,False
TUPANCIRETA,RS,2022,MÉDIO PORTE,13736457.33,82019815.39,37789449.82,,,,,,,False,False,False
TUPANCIRETA,RS,2023,MÉDIO PORTE,13214566.38,95496034.47,43233599.53,,,,,,,False,False,False
TUPANCIRETA,RS,2024,MÉDIO PORTE,13801857.29,112841565.1,37313908.42,,,,,,,False,False,False
TUPANDI,RS,2019,PEQUENO PORTE,2483999.08,20688601.62,32558315.08,,,,,,,False,False,False
TUPANDI,RS,2020,PEQUENO PORTE,2997175.35,24540382.1,31057177.96,,,,,,,False,False,False
TUPANDI,RS,2021,PEQUENO PORTE,3164008.03,27419186.88,30234806.89,,,,,,,False,False,False
TUPANDI,RS,2022,PEQUENO PORTE,4167001.63,29419460.17,32154342.39,,,,,,,False,False,False
TUPANDI,RS,2023,PEQUENO PORTE,4872123.0,33858016.01,34691527.75,,,,,,,False,False,False
TUPANDI,RS,2024,PEQUENO PORTE,5571968.57,41033775.66,32369777.64,,,,,,,False,False,False
TUPARENDI,RS,2019,PEQUENO PORTE,3727503.24,19378222.79,31783852.86,,,,,,,False,False,False
TUPARENDI,RS,2020,PEQUENO PORTE,3740593.49,21157547.22,30999529.84,,,,,,,False,False,False
TUPARENDI,RS,2021,PEQUENO PORTE,3839807.54,21640827.63,30350859.93,,,,,,,False,False,False
TUPARENDI,RS,2022,PEQUENO PORTE,5504950.35,21647674.48,32215210.33,,,,,,,False,False,False
TUPARENDI,RS,2023,PEQUENO PORTE,5339410.83,24389718.84,32973088.689999998,,,,,,,False,False,False
TUPARENDI,RS,2024,PEQUENO PORTE,3317145.58,27416892.45,32082424.599999998,,,,,,,False,False,False
TURMALINA,MG,2019,PEQUENO PORTE,3075550.94,22375506.79,32089815.98,,,,,,,False,False,False
TURMALINA,MG,2020,MÉDIO PORTE,3861404.71,25040581.68,31675991.38,,,,,,,False,False,False
TURMALINA,MG,2021,MÉDIO PORTE,5285048.18,28671308.22,30404281.279999997,,,,,,,False,False,False
TURMALINA,MG,2022,MÉDIO PORTE,5854862.01,31743722.11,33147805.25,,,,,,,False,False,False
TURMALINA,MG,2023,MÉDIO PORTE,6392524.16,36518348.58,34650814.76,,,,,,,False,False,False
TURMALINA,MG,2024,MÉDIO PORTE,6128127.16,41487494.24,32649481.45,,,,,,,False,False,False
TURMALINA,SP,2019,PEQUENO PORTE,2137114.77,4404464.0,30456833.2,,,,,,,False,False,False
TURMALINA,SP,2020,PEQUENO PORTE,2017955.17,4963231.91,30084476.9,,,,,,,False,False,False
TURMALINA,SP,2021,PEQUENO PORTE,2924983.06,5502579.0,29929620.49,,,,,,,False,False,False
TURMALINA,SP,2022,PEQUENO PORTE,3144383.53,5966474.62,30496240.68,,,,,,,False,False,False
TURMALINA,SP,2023,PEQUENO PORTE,4269589.31,7024625.08,30791125.72,,,,,,,False,False,False
TURMALINA,SP,2024,PEQUENO PORTE,2766057.67,8534225.69,30298793.84,,,,,,,False,False,False
TURVELANDIA,GO,2019,PEQUENO PORTE,1933114.99,14469147.88,31387371.55,,,,,,,False,False,False
TURVELANDIA,GO,2020,PEQUENO PORTE,2068126.03,15291801.68,30750818.189999998,,,,,,,False,False,False
TURVELANDIA,GO,2021,PEQUENO PORTE,2036209.03,15312905.55,30309949.7,,,,,,,False,False,False
TURVELANDIA,GO,2022,PEQUENO PORTE,2299047.23,16193248.11,31308663.349999998,,,,,,,False,False,False
TURVELANDIA,GO,2023,PEQUENO PORTE,2892253.3,16973184.98,32077841.619999997,,,,,,,False,False,False
TURVELANDIA,GO,2024,PEQUENO PORTE,4973615.37,17497807.27,31638953.43,,,,,,,False,False,False
UBERABA,MG,2019,GRANDE PORTE,55861359.99,332841530.17,82045269.3,,,,,,,False,False,False
UBERABA,MG,2020,GRANDE PORTE,62676896.51,411651108.68,90270455.43,,,,,,,False,False,False
UBERABA,MG,2021,GRANDE PORTE,78112839.52,466882715.44,34940359.66,,,,,,,False,False,False
UBERABA,MG,2022,GRANDE PORTE,86108766.7,536986663.99,74104605.56,,,,,,,False,False,False
UBERABA,MG,2023,GRANDE PORTE,99251541.99,653666741.49,129855187.77000001,,,,,,,False,False,False
UBERABA,MG,2024,GRANDE PORTE,105923160.52,796392907.45,121700177.83000001,2024-10-18 00:00:00,2024-10-17 00:00:00,2024-12-30 00:00:00,II,,II,False,False,False
UBERLANDIA,MG,2019,GRANDE PORTE,200691007.71,734958210.3299999,45696657.64,,,,,,,False,False,False
UBERLANDIA,MG,2020,GRANDE PORTE,113057149.58,748661149.04,57333431.849999994,,,,,,,False,False,False
UBERLANDIA,MG,2021,GRANDE PORTE,257447556.9,683770308.36,38890541.2,,,,,,,False,False,False
UBERLANDIA,MG,2022,GRANDE PORTE,311725341.05,678363078.48,87047591.68,,,,,,,False,False,False
UBERLANDIA,MG,2023,GRANDE PORTE,276894745.7,799438812.95,139680032.32,,,,,,,False,False,False
UBERLANDIA,MG,2024,GRANDE PORTE,254005656.5,944782339.02,124015241.91,2022-08-08 00:00:00,2022-07-12 00:00:00,2024-03-20 00:00:00,I,,I,False,False,False
UBIRETAMA,RS,2019,PEQUENO PORTE,1500454.89,12319068.24,31347298.79,,,,,,,False,False,False
UBIRETAMA,RS,2020,PEQUENO PORTE,1644050.26,14230626.25,31012698.49,,,,,,,False,False,False
UBIRETAMA,RS,2021,PEQUENO PORTE,1719739.52,16018337.69,30011509.4,,,,,,,False,False,False
UBIRETAMA,RS,2022,PEQUENO PORTE,1900949.38,16826364.8,31532035.38,,,,,,,False,False,False
UBIRETAMA,RS,2023,PEQUENO PORTE,2119911.3,19121714.83,32446580.58,,,,,,,False,False,False
UBIRETAMA,RS,2024,PEQUENO PORTE,1808922.89,22355478.05,31012522.21,,,,,,,False,False,False
UIRAPURU,GO,2019,PEQUENO PORTE,1489081.36,1237423.9,29970617.74,,,,,,,False,False,False
UIRAPURU,GO,2020,PEQUENO PORTE,1689627.93,1653890.89,29957942.3,,,,,,,False,False,False
UIRAPURU,GO,2021,PEQUENO PORTE,1920020.11,2571599.31,29916321.75,,,,,,,False,False,False
UIRAPURU,GO,2022,PEQUENO PORTE,2081921.81,2833796.61,30119083.73,,,,,,,False,False,False
UIRAPURU,GO,2023,PEQUENO PORTE,2046459.1,3083981.08,30229254.099999998,,,,,,,False,False,False
UIRAPURU,GO,2024,PEQUENO PORTE,2512864.66,3193388.47,30111088.349999998,,,,,,,False,False,False
UMBURANAS,BA,2019,MÉDIO PORTE,2199194.83,6992866.029999999,30266512.98,,,,,,,False,False,False
UMBURANAS,BA,2020,MÉDIO PORTE,1960010.18,6146872.8,30081077.169999998,,,,,,,False,False,False
UMBURANAS,BA,2021,MÉDIO PORTE,3257002.19,7961811.6,30131904.99,,,,,,,False,False,False
UMBURANAS,BA,2022,MÉDIO PORTE,4062396.39,9851667.57,30806408.95,,,,,,,False,False,False
UMBURANAS,BA,2023,MÉDIO PORTE,2563147.15,12454362.89,31334941.98,,,,,,,False,False,False
UMBURANAS,BA,2024,MÉDIO PORTE,2803520.58,13286690.41,30790401.98,,,,,,,False,False,False
UMUARAMA,PR,2019,MÉDIO PORTE,19612392.99,59146721.20000001,36059154.269999996,,,,,,,False,False,False
UMUARAMA,PR,2020,MÉDIO PORTE,15719725.13,71608899.46,36124306.339999996,,,,,,,False,False,False
UMUARAMA,PR,2021,MÉDIO PORTE,23397721.52,130568313.42,30164887.48,,,,,,,False,False,False
UMUARAMA,PR,2022,MÉDIO PORTE,30191601.03,84891463.51,32862198.939999998,,,,,,,False,False,False
UMUARAMA,PR,2023,MÉDIO PORTE,34979604.62,98039230.28,42016451.239999995,,,,,,,False,False,False
UMUARAMA,PR,2024,MÉDIO PORTE,40334389.45,116854535.19,43842637.23,2020-06-08 00:00:00,2020-05-26 00:00:00,,,,,False,False,False
UNAI,MG,2019,MÉDIO PORTE,20924966.19,71650930.46000001,39115983.379999995,,,,,,,False,False,False
UNAI,MG,2020,MÉDIO PORTE,22509177.0,82445414.4,34052234.98,,,,,,,False,False,False
UNAI,MG,2021,MÉDIO PORTE,23291363.51,91058590.86,29659620.869999997,,,,,,,False,False,False
UNAI,MG,2022,MÉDIO PORTE,32201525.57,97173618.98,30292334.47,,,,,,,False,False,False
UNAI,MG,2023,MÉDIO PORTE,37192869.39,114420375.44,29929426.57,,,,,,,False,False,False
UNAI,MG,2024,MÉDIO PORTE,42333750.22,149254829.49,38806480.45,,,,,,,False,False,False
UNIAO DA VITORIA,PR,2019,MÉDIO PORTE,20296366.58,37039251.06,35976409.62,,,,,,,False,False,False
UNIAO DA VITORIA,PR,2020,MÉDIO PORTE,15569398.98,25903652.23,32524526.77,,,,,,,False,False,False
UNIAO DA VITORIA,PR,2021,MÉDIO PORTE,16934325.88,13008010.33,30172607.849999998,,,,,,,False,False,False
UNIAO DA VITORIA,PR,2022,MÉDIO PORTE,18006075.87,12187872.59,30231597.169999998,,,,,,,False,False,False
UNIAO DA VITORIA,PR,2023,MÉDIO PORTE,20486476.18,6965704.76,30163866.61,,,,,,,False,False,False
UNIAO DA VITORIA,PR,2024,MÉDIO PORTE,17944227.9,12107027.79,30427843.5,,,,,,,False,False,False
UNIAO PAULISTA,SP,2019,PEQUENO PORTE,1129322.11,10857596.79,31222947.08,,,,,,,False,False,False
UNIAO PAULISTA,SP,2020,PEQUENO PORTE,1345824.48,12408604.34,30999866.22,,,,,,,False,False,False
UNIAO PAULISTA,SP,2021,PEQUENO PORTE,1507815.86,12739148.62,30795025.47,,,,,,,False,False,False
UNIAO PAULISTA,SP,2022,PEQUENO PORTE,1333547.3,14023132.0,31410694.64,,,,,,,False,False,False
UNIAO PAULISTA,SP,2023,PEQUENO PORTE,1381155.86,15963295.05,31807835.58,,,,,,,False,False,False
UNIAO PAULISTA,SP,2024,PEQUENO PORTE,1134693.7,17942911.65,31209173.66,,,,,,,False,False,False
URANIA,SP,2019,PEQUENO PORTE,1721004.52,112185.39,29862552.34,,,,,,,False,False,False
URANIA,SP,2020,PEQUENO PORTE,1951626.32,155050.12,29869670.52,,,,,,,False,False,False
URANIA,SP,2021,PEQUENO PORTE,2308674.04,378485.68,30208630.41,,,,,,,False,False,False
URANIA,SP,2022,PEQUENO PORTE,2620135.48,432162.51,29905574.509999998,,,,,,,False,False,False
URANIA,SP,2023,PEQUENO PORTE,2990734.92,656065.12,29954552.08,,,,,,,False,False,False
URANIA,SP,2024,PEQUENO PORTE,2745298.2,983579.29,29959011.869999997,,,,,,,False,False,False
URUACU,GO,2019,MÉDIO PORTE,3321246.05,13080044.1,30773048.08,,,,,,,False,False,False
URUACU,GO,2020,MÉDIO PORTE,5416482.26,11915438.2,30651127.33,,,,,,,False,False,False
URUACU,GO,2021,MÉDIO PORTE,6200762.9,10880442.16,30721128.869999997,,,,,,,False,False,False
URUACU,GO,2022,MÉDIO PORTE,8037801.83,15014144.35,31544662.36,,,,,,,False,False,False
URUACU,GO,2023,MÉDIO PORTE,8794202.88,18558114.05,32162270.509999998,,,,,,,False,False,False
URUACU,GO,2024,MÉDIO PORTE,12268206.62,23373420.11,32075996.64,,,,,,,False,False,False
URUCUIA,MG,2019,PEQUENO PORTE,1426935.54,17549557.05,32050973.009999998,,,,,,,False,False,False
URUCUIA,MG,2020,PEQUENO PORTE,1503313.66,20429919.89,31832408.39,,,,,,,False,False,False
URUCUIA,MG,2021,PEQUENO PORTE,1992154.58,22403659.62,30486425.91,,,,,,,False,False,False
URUCUIA,MG,2022,PEQUENO PORTE,2114553.85,25022981.52,32403936.049999997,,,,,,,False,False,False
URUCUIA,MG,2023,PEQUENO PORTE,3257709.26,29088978.0,33634472.589999996,,,,,,,False,False,False
URUCUIA,MG,2024,PEQUENO PORTE,3624725.1,35000081.49,32798298.81,,,,,,,False,False,False
URUTAI,GO,2019,PEQUENO PORTE,1349842.53,2313544.43,30028022.88,,,,,,,False,False,False
URUTAI,GO,2020,PEQUENO PORTE,1490207.73,2349908.43,29966307.32,,,,,,,False,False,False
URUTAI,GO,2021,PEQUENO PORTE,1567519.07,1793838.64,30077660.39,,,,,,,False,False,False
URUTAI,GO,2022,PEQUENO PORTE,1958919.31,1114899.29,29928887.169999998,,,,,,,False,False,False
URUTAI,GO,2023,PEQUENO PORTE,2221308.85,469190.84,29922622.65,,,,,,,False,False,False
URUTAI,GO,2024,PEQUENO PORTE,2422410.12,346101.24,29874845.49,,,,,,,False,False,False
VALE DE SAO DOMINGOS,MT,2019,PEQUENO PORTE,993467.71,5222341.39,30239878.52,,,,,,,False,False,False
VALE DE SAO DOMINGOS,MT,2020,PEQUENO PORTE,1281578.99,6091538.98,30131497.4,,,,,,,False,False,False
VALE DE SAO DOMINGOS,MT,2021,PEQUENO PORTE,1359329.48,7294143.28,29793007.8,,,,,,,False,False,False
VALE DE SAO DOMINGOS,MT,2022,PEQUENO PORTE,2156920.26,8187959.14,30663385.869999997,,,,,,,False,False,False
VALE DE SAO DOMINGOS,MT,2023,PEQUENO PORTE,1640492.53,9827524.61,31367797.759999998,,,,,,,False,False,False
VALE DE SAO DOMINGOS,MT,2024,PEQUENO PORTE,2084652.4,12497936.97,30797011.669999998,,,,,,,False,False,False
VALE DO ANARI,RO,2019,PEQUENO PORTE,2385400.66,14433398.3,31883120.27,,,,,,,False,False,False
VALE DO ANARI,RO,2020,PEQUENO PORTE,2960810.57,18204131.73,30591759.669999998,,,,,,,False,False,False
VALE DO ANARI,RO,2021,PEQUENO PORTE,3107919.93,21333003.1,30695791.97,,,,,,,False,False,False
VALE DO ANARI,RO,2022,PEQUENO PORTE,3894955.06,24237762.1,32379257.06,,,,,,,False,False,False
VALE DO ANARI,RO,2023,PEQUENO PORTE,4298324.72,31200688.79,34047060.29,,,,,,,False,False,False
VALE DO ANARI,RO,2024,PEQUENO PORTE,3080532.05,39379827.99,32943342.21,2022-08-22 00:00:00,2022-08-12 00:00:00,,,,,False,False,False
VALE DO PARAISO,RO,2019,PEQUENO PORTE,1396618.94,14129177.27,31321260.4,,,,,,,False,False,False
VALE DO PARAISO,RO,2020,PEQUENO PORTE,1533145.32,16210583.56,30569206.169999998,,,,,,,False,False,False
VALE DO PARAISO,RO,2021,PEQUENO PORTE,1888933.96,17949113.44,30418202.39,,,,,,,False,False,False
VALE DO PARAISO,RO,2022,PEQUENO PORTE,2338042.26,19542213.1,31861312.369999997,,,,,,,False,False,False
VALE DO PARAISO,RO,2023,PEQUENO PORTE,2307689.56,22544110.68,32790692.31,,,,,,,False,False,False
VALE DO PARAISO,RO,2024,PEQUENO PORTE,2305279.22,26747791.59,31526199.419999998,,,,,,,False,False,False
VALE DO SOL,RS,2019,PEQUENO PORTE,2491833.48,35202656.16,34848254.46,,,,,,,False,False,False
VALE DO SOL,RS,2020,PEQUENO PORTE,2850052.08,41203635.87,31795276.16,,,,,,,False,False,False
VALE DO SOL,RS,2021,PEQUENO PORTE,2873928.34,44279930.85,29537554.27,,,,,,,False,False,False
VALE DO SOL,RS,2022,PEQUENO PORTE,3835127.66,44171090.15000001,32929729.86,,,,,,,False,False,False
VALE DO SOL,RS,2023,PEQUENO PORTE,4304620.93,48505624.71,36179177.2,,,,,,,False,False,False
VALE DO SOL,RS,2024,PEQUENO PORTE,4418773.83,56145901.0,33281846.169999998,,,,,,,False,False,False
VALE REAL,RS,2019,PEQUENO PORTE,2373961.33,17576049.17,32144062.71,,,,,,,False,False,False
VALE REAL,RS,2020,PEQUENO PORTE,2650797.83,21001649.79,30962985.23,,,,,,,False,False,False
VALE REAL,RS,2021,PEQUENO PORTE,2749710.22,23741920.53,30437048.89,,,,,,,False,False,False
VALE REAL,RS,2022,PEQUENO PORTE,2915349.69,25888280.79,32492525.119999997,,,,,,,False,False,False
VALE REAL,RS,2023,PEQUENO PORTE,3212362.57,29921943.99,33094543.36,,,,,,,False,False,False
VALE REAL,RS,2024,PEQUENO PORTE,3656158.96,34748005.22,32619825.11,,,,,,,False,False,False
VALE VERDE,RS,2019,PEQUENO PORTE,1280843.12,15220138.76,31536310.7,,,,,,,False,False,False
VALE VERDE,RS,2020,PEQUENO PORTE,1441238.29,17597252.91,30884262.869999997,,,,,,,False,False,False
VALE VERDE,RS,2021,PEQUENO PORTE,1511972.85,19319773.79,30386364.22,,,,,,,False,False,False
VALE VERDE,RS,2022,PEQUENO PORTE,1691435.78,20580075.28,31779411.68,,,,,,,False,False,False
VALE VERDE,RS,2023,PEQUENO PORTE,1717063.68,23148420.42,32999395.08,,,,,,,False,False,False
VALE VERDE,RS,2024,PEQUENO PORTE,1859670.71,26648137.94,31420241.72,,,,,,,False,False,False
VALENCA,RJ,2019,MÉDIO PORTE,17231563.33,42014550.13,34772145.57,,,,,,,False,False,False
VALENCA,RJ,2020,MÉDIO PORTE,12238287.11,55036210.90000001,35232221.4,,,,,,,False,False,False
VALENCA,RJ,2021,MÉDIO PORTE,20935734.88,65945159.01,34144914.11,,,,,,,False,False,False
VALENCA,RJ,2022,MÉDIO PORTE,22289884.27,82176631.2,40462246.97,,,,,,,False,False,False
VALENCA,RJ,2023,MÉDIO PORTE,22541152.47,105507320.45,44120268.2,,,,,,,False,False,False
VALENCA,RJ,2024,MÉDIO PORTE,20258282.65,128635523.8,40626000.58,,,,,,,False,False,False
VALENCA DO PIAUI,PI,2019,PEQUENO PORTE,2210995.45,3730347.15,30159030.009999998,,,,,,,False,False,False
VALENCA DO PIAUI,PI,2020,PEQUENO PORTE,1838396.29,4987747.57,30041088.169999998,,,,,,,False,False,False
VALENCA DO PIAUI,PI,2021,PEQUENO PORTE,3258237.54,4645789.46,30057366.83,,,,,,,False,False,False
VALENCA DO PIAUI,PI,2022,PEQUENO PORTE,4579830.54,5234289.83,30437600.74,,,,,,,False,False,False
VALENCA DO PIAUI,PI,2023,PEQUENO PORTE,4476369.45,6489663.66,30804554.89,,,,,,,False,False,False
VALENCA DO PIAUI,PI,2024,MÉDIO PORTE,5346247.4,11877135.14,30936764.36,,,,,,,False,False,False
VARGEM ALTA,ES,2019,MÉDIO PORTE,6197794.92,33583235.43,35464991.0,,,,,,,False,False,False
VARGEM ALTA,ES,2020,MÉDIO PORTE,6721718.54,42668949.59,32430659.89,,,,,,,False,False,False
VARGEM ALTA,ES,2021,MÉDIO PORTE,7003643.61,49146923.68,28531187.34,,,,,,,False,False,False
VARGEM ALTA,ES,2022,MÉDIO PORTE,7540101.66,50695294.51000001,32487172.07,,,,,,,False,False,False
VARGEM ALTA,ES,2023,MÉDIO PORTE,7810770.18,56515161.85,38451023.239999995,,,,,,,False,False,False
VARGEM ALTA,ES,2024,PEQUENO PORTE,8279636.34,68342070.17,34652867.82,,,,,,,False,False,False
VARGEM GRANDE DO SUL,SP,2019,MÉDIO PORTE,13830022.1,39512746.74,37106502.06,,,,,,,False,False,False
VARGEM GRANDE DO SUL,SP,2020,MÉDIO PORTE,11157669.98,48059780.0,35832532.82,,,,,,,False,False,False
VARGEM GRANDE DO SUL,SP,2021,MÉDIO PORTE,17397616.2,48078812.03,33021043.75,,,,,,,False,False,False
VARGEM GRANDE DO SUL,SP,2022,MÉDIO PORTE,25044575.84,50482265.40000001,36104480.51,,,,,,,False,False,False
VARGEM GRANDE DO SUL,SP,2023,MÉDIO PORTE,22841641.76,58276535.33,38518267.11,,,,,,,False,False,False
VARGEM GRANDE DO SUL,SP,2024,MÉDIO PORTE,23777086.04,71465998.31,35778341.56,,,,,,,False,False,False
VARJAO DE MINAS,MG,2019,PEQUENO PORTE,1589883.48,8229689.590000001,31102173.89,,,,,,,False,False,False
VARJAO DE MINAS,MG,2020,PEQUENO PORTE,1773519.5,10243255.82,30399639.349999998,,,,,,,False,False,False
VARJAO DE MINAS,MG,2021,PEQUENO PORTE,2088367.24,12017725.84,29940959.57,,,,,,,False,False,False
VARJAO DE MINAS,MG,2022,PEQUENO PORTE,2233027.53,13247398.06,31029654.91,,,,,,,False,False,False
VARJAO DE MINAS,MG,2023,PEQUENO PORTE,1568635.61,14971798.97,31997251.71,,,,,,,False,False,False
VARJAO DE MINAS,MG,2024,PEQUENO PORTE,2860067.85,17280133.55,30886560.189999998,,,,,,,False,False,False
VARRE-SAI,RJ,2019,MÉDIO PORTE,4211623.14,53248897.9,36273914.81,,,,,,,False,False,False
VARRE-SAI,RJ,2020,MÉDIO PORTE,5123623.72,60490963.18,32724216.56,,,,,,,False,False,False
VARRE-SAI,RJ,2021,MÉDIO PORTE,5294281.77,63927100.29000001,33132437.33,,,,,,,False,False,False
VARRE-SAI,RJ,2022,MÉDIO PORTE,6031029.0,63373851.97,35407177.67,,,,,,,False,False,False
VARRE-SAI,RJ,2023,MÉDIO PORTE,6419229.88,66349410.84,40787774.11,,,,,,,False,False,False
VARRE-SAI,RJ,2024,MÉDIO PORTE,6847787.82,77403138.77,35746990.79,2023-06-27 00:00:00,2023-02-01 00:00:00,2023-06-13 00:00:00,I,,I,False,False,False
VARZEA DA PALMA,MG,2019,MÉDIO PORTE,3625752.78,44564005.69,33168051.9,,,,,,,False,False,False
VARZEA DA PALMA,MG,2020,MÉDIO PORTE,3189838.9,49997560.86,34782602.19,,,,,,,False,False,False
VARZEA DA PALMA,MG,2021,MÉDIO PORTE,8439518.26,51693465.63,30397008.75,,,,,,,False,False,False
VARZEA DA PALMA,MG,2022,MÉDIO PORTE,9563145.46,54977324.99,36962508.04,,,,,,,False,False,False
VARZEA DA PALMA,MG,2023,MÉDIO PORTE,7574467.03,62511294.02,38645618.739999995,,,,,,,False,False,False
VARZEA DA PALMA,MG,2024,MÉDIO PORTE,6649897.17,69305633.72,34580221.16,,,,,,,False,False,False
VARZEA PAULISTA,SP,2019,MÉDIO PORTE,18919707.04,141661275.82,45817734.7,,,,,,,False,False,False
VARZEA PAULISTA,SP,2020,MÉDIO PORTE,19220622.83,161310423.49,40031618.76,,,,,,,False,False,False
VARZEA PAULISTA,SP,2021,MÉDIO PORTE,22353878.33,183401005.6,31127351.439999998,,,,,,,False,False,False
VARZEA PAULISTA,SP,2022,MÉDIO PORTE,24260713.25,204685649.15,45558867.3,,,,,,,False,False,False
VARZEA PAULISTA,SP,2023,MÉDIO PORTE,28256378.48,232997605.98,62913330.61,,,,,,,False,False,False
VARZEA PAULISTA,SP,2024,MÉDIO PORTE,33664613.53,288027304.62,49043107.39,,,,,,,False,False,False
VERA,MT,2019,PEQUENO PORTE,2978805.15,23488428.27,29862452.79,,,,,,,False,False,False
VERA,MT,2020,PEQUENO PORTE,3531537.97,27139144.1,29862452.79,,,,,,,False,False,False
VERA,MT,2021,PEQUENO PORTE,3766742.43,30248599.7,29862452.79,,,,,,,False,False,False
VERA,MT,2022,PEQUENO PORTE,3959383.21,32596585.63,31369006.369999997,,,,,,,False,False,False
VERA,MT,2023,PEQUENO PORTE,5182083.16,36573517.18,34918091.56,,,,,,,False,False,False
VERA,MT,2024,PEQUENO PORTE,4737243.34,43968594.11,31965840.53,,,,,,,False,False,False
VERA CRUZ,RS,2019,MÉDIO PORTE,7749735.41,77735871.16,40861548.519999996,,,,,,,False,False,False
VERA CRUZ,RS,2020,MÉDIO PORTE,8358124.53,89594321.15,35585262.35,,,,,,,False,False,False
VERA CRUZ,RS,2021,MÉDIO PORTE,7265451.35,97409519.79,30580058.32,,,,,,,False,False,False
VERA CRUZ,RS,2022,MÉDIO PORTE,7443016.36,98526164.87,37881739.33,,,,,,,False,False,False
VERA CRUZ,RS,2023,MÉDIO PORTE,8710824.92,106665439.85,44127836.25,,,,,,,False,False,False
VERA CRUZ,RS,2024,MÉDIO PORTE,9712950.68,119848242.56,33103377.78,,,,,,,False,False,False
VERA MENDES,PI,2019,PEQUENO PORTE,737290.24,3663425.31,30113216.82,,,,,,,False,False,False
VERA MENDES,PI,2020,PEQUENO PORTE,865262.25,4289939.99,30104731.48,,,,,,,False,False,False
VERA MENDES,PI,2021,PEQUENO PORTE,1176280.98,5193701.37,29987789.619999997,,,,,,,False,False,False
VERA MENDES,PI,2022,PEQUENO PORTE,1977233.45,6089008.53,30632356.919999998,,,,,,,False,False,False
VERA MENDES,PI,2023,PEQUENO PORTE,1963750.78,7674112.67,30531144.439999998,,,,,,,False,False,False
VERA MENDES,PI,2024,PEQUENO PORTE,2282235.88,7646147.94,30581930.93,,,,,,,False,False,False
VERANOPOLIS,RS,2019,MÉDIO PORTE,11044572.74,92463001.13000004,44363249.739999995,,,,,,,False,False,False
VERANOPOLIS,RS,2020,MÉDIO PORTE,13232088.98,106443714.11,41474693.42,,,,,,,False,False,False
VERANOPOLIS,RS,2021,MÉDIO PORTE,12241634.78,114123622.06,34051534.71,,,,,,,False,False,False
VERANOPOLIS,RS,2022,MÉDIO PORTE,14153899.9,113795582.33,38760326.65,,,,,,,False,False,False
VERANOPOLIS,RS,2023,MÉDIO PORTE,17288110.79,121542781.0,45499484.879999995,,,,,,,False,False,False
VERANOPOLIS,RS,2024,MÉDIO PORTE,15957416.05,137490608.57,40731517.58,,,,,,,False,False,False
VERDEJANTE,PE,2019,PEQUENO PORTE,2854526.46,34810.95,29862566.81,,,,,,,False,False,False
VERDEJANTE,PE,2020,PEQUENO PORTE,3131227.69,94191.85,29862452.79,,,,,,,False,False,False
VERDEJANTE,PE,2021,PEQUENO PORTE,3340926.59,8835.14,29863580.81,,,,,,,False,False,False
VERDEJANTE,PE,2022,PEQUENO PORTE,6574401.24,302244.49,29863220.68,,,,,,,False,False,False
VERDEJANTE,PE,2023,PEQUENO PORTE,7143132.4,112895.44,29862452.79,,,,,,,False,False,False
VERDEJANTE,PE,2024,PEQUENO PORTE,7586313.39,74187.51,29862452.79,,,,,,,False,False,False
VEREDINHA,MG,2019,PEQUENO PORTE,876167.03,9409108.56,30770611.04,,,,,,,False,False,False
VEREDINHA,MG,2020,PEQUENO PORTE,1070139.89,10544632.05,30573977.04,,,,,,,False,False,False
VEREDINHA,MG,2021,PEQUENO PORTE,1441329.66,11914918.1,30188708.119999997,,,,,,,False,False,False
VEREDINHA,MG,2022,PEQUENO PORTE,2165304.15,13276145.76,31229276.49,,,,,,,False,False,False
VEREDINHA,MG,2023,PEQUENO PORTE,2754092.1,16218563.86,31861356.31,,,,,,,False,False,False
VEREDINHA,MG,2024,PEQUENO PORTE,2988160.69,19774718.7,30653729.54,,,,,,,False,False,False
VERTENTE DO LERIO,PE,2019,PEQUENO PORTE,1912324.33,10570336.28,31110669.419999998,,,,,,,False,False,False
VERTENTE DO LERIO,PE,2020,PEQUENO PORTE,1417847.59,11725359.19,30884487.18,,,,,,,False,False,False
VERTENTE DO LERIO,PE,2021,PEQUENO PORTE,2382234.0,12787224.83,29890839.18,,,,,,,False,False,False
VERTENTE DO LERIO,PE,2022,PEQUENO PORTE,2859959.51,12765436.21,30726927.419999998,,,,,,,False,False,False
VERTENTE DO LERIO,PE,2023,PEQUENO PORTE,3380414.82,13854258.69,31906389.88,,,,,,,False,False,False
VERTENTE DO LERIO,PE,2024,PEQUENO PORTE,3645282.35,15893260.83,31443932.529999997,,,,,,,False,False,False
VESPASIANO,MG,2019,MÉDIO PORTE,15330681.51,114170023.4,49624477.58,,,,,,,False,False,False
VESPASIANO,MG,2020,MÉDIO PORTE,16032295.01,134952037.32,41617755.89,,,,,,,False,False,False
VESPASIANO,MG,2021,MÉDIO PORTE,17664416.65,144217296.61,31342189.77,,,,,,,False,False,False
VESPASIANO,MG,2022,MÉDIO PORTE,23217365.7,142322098.83,41862241.82,,,,,,,False,False,False
VESPASIANO,MG,2023,MÉDIO PORTE,25743329.99,148716414.9,52092844.28,,,,,,,False,False,False
VESPASIANO,MG,2024,MÉDIO PORTE,19570367.92,173573726.6,35401866.55,,,,,,,False,False,False
VIADUTOS,RS,2019,PEQUENO PORTE,1762911.76,22963667.05,32640699.27,,,,,,,False,False,False
VIADUTOS,RS,2020,PEQUENO PORTE,1972780.3,26031793.09,30977611.669999998,,,,,,,False,False,False
VIADUTOS,RS,2021,PEQUENO PORTE,2282211.38,27402832.18,30206533.279999997,,,,,,,False,False,False
VIADUTOS,RS,2022,PEQUENO PORTE,2700352.31,28237062.54,32349941.97,,,,,,,False,False,False
VIADUTOS,RS,2023,PEQUENO PORTE,3306237.93,31268632.9,34538532.47,,,,,,,False,False,False
VIADUTOS,RS,2024,PEQUENO PORTE,3602519.99,36422838.01,31107170.98,,,,,,,False,False,False
VICENCIA,PE,2019,MÉDIO PORTE,7443686.24,4246639.76,30199271.07,,,,,,,False,False,False
VICENCIA,PE,2020,MÉDIO PORTE,8848363.31,2569383.9,29994608.099999998,,,,,,,False,False,False
VICENCIA,PE,2021,MÉDIO PORTE,10477047.58,1217635.51,29884829.95,,,,,,,False,False,False
VICENCIA,PE,2022,MÉDIO PORTE,15273429.66,1771910.92,30011495.48,,,,,,,False,False,False
VICENCIA,PE,2023,MÉDIO PORTE,17338564.28,1337084.12,30379530.509999998,,,,,,,False,False,False
VICENCIA,PE,2024,MÉDIO PORTE,17959147.17,3264631.08,30197854.349999998,2022-08-05 00:00:00,2022-08-04 00:00:00,,,,,False,False,False
VICENTINA,MS,2019,PEQUENO PORTE,1117728.71,7783877.470000001,30716081.099999998,,,,,,,False,False,False
VICENTINA,MS,2020,PEQUENO PORTE,936591.17,8865438.370000001,31285246.419999998,,,,,,,False,False,False
VICENTINA,MS,2021,PEQUENO PORTE,2145611.23,10156571.27,30494900.029999997,,,,,,,False,False,False
VICENTINA,MS,2022,PEQUENO PORTE,2448823.16,11479930.15,31247502.33,,,,,,,False,False,False
VICENTINA,MS,2023,PEQUENO PORTE,1438386.93,13568487.41,32037007.73,,,,,,,False,False,False
VICENTINA,MS,2024,PEQUENO PORTE,2209132.62,15022484.99,31150962.45,,,,,,,False,False,False
VICENTINOPOLIS,GO,2019,PEQUENO PORTE,2596717.58,10218912.64,31091473.21,,,,,,,False,False,False
VICENTINOPOLIS,GO,2020,PEQUENO PORTE,3378060.67,10775062.27,30556216.56,,,,,,,False,False,False
VICENTINOPOLIS,GO,2021,PEQUENO PORTE,4321933.39,11138903.93,30289813.56,,,,,,,False,False,False
VICENTINOPOLIS,GO,2022,PEQUENO PORTE,5110299.75,11986468.82,30996362.919999998,,,,,,,False,False,False
VICENTINOPOLIS,GO,2023,PEQUENO PORTE,5741250.73,13500896.48,31556479.509999998,,,,,,,False,False,False
VICENTINOPOLIS,GO,2024,PEQUENO PORTE,6194564.41,15027723.62,31063345.509999998,,,,,,,False,False,False
VICOSA,MG,2019,MÉDIO PORTE,14189243.03,46427656.83,34220083.629999995,,,,,,,False,False,False
VICOSA,MG,2020,MÉDIO PORTE,14451077.47,56126390.29000001,34053976.96,,,,,,,False,False,False
VICOSA,MG,2021,MÉDIO PORTE,16116950.78,68433825.57,27872335.41,,,,,,,False,False,False
VICOSA,MG,2022,MÉDIO PORTE,16192952.53,71109820.03,35434296.49,,,,,,,False,False,False
VICOSA,MG,2023,MÉDIO PORTE,17939194.51,84366912.94,43863267.86,,,,,,,False,False,False
VICOSA,MG,2024,MÉDIO PORTE,20118095.38,107252099.25,34279757.78,2021-09-27 00:00:00,2021-09-27 00:00:00,2024-07-04 00:00:00,I,,I,False,False,False
VICTOR GRAEFF,RS,2019,PEQUENO PORTE,3047152.46,19042283.36,31917302.34,,,,,,,False,False,False
VICTOR GRAEFF,RS,2020,PEQUENO PORTE,3240578.55,21268329.06,30946359.71,,,,,,,False,False,False
VICTOR GRAEFF,RS,2021,PEQUENO PORTE,3209811.5,24901795.36,30599524.49,,,,,,,False,False,False
VICTOR GRAEFF,RS,2022,PEQUENO PORTE,3631668.56,26493470.23,33126874.45,,,,,,,False,False,False
VICTOR GRAEFF,RS,2023,PEQUENO PORTE,3867788.84,30440772.6,33761127.0,,,,,,,False,False,False
VICTOR GRAEFF,RS,2024,PEQUENO PORTE,4432283.56,34683475.71,33392428.58,,,,,,,False,False,False
VILA BELA DA SANTISSIMA TRINDADE,MT,2019,MÉDIO PORTE,5561611.66,26601673.09999999,32817028.669999998,,,,,,,False,False,False
VILA BELA DA SANTISSIMA TRINDADE,MT,2020,MÉDIO PORTE,6138414.96,31613401.68,32194871.98,,,,,,,False,False,False
VILA BELA DA SANTISSIMA TRINDADE,MT,2021,MÉDIO PORTE,6097670.67,35812235.49,29778559.169999998,,,,,,,False,False,False
VILA BELA DA SANTISSIMA TRINDADE,MT,2022,MÉDIO PORTE,7035214.58,37754012.90000001,33296594.189999998,,,,,,,False,False,False
VILA BELA DA SANTISSIMA TRINDADE,MT,2023,MÉDIO PORTE,10487563.77,43196848.62,36235964.69,,,,,,,False,False,False
VILA BELA DA SANTISSIMA TRINDADE,MT,2024,MÉDIO PORTE,6952507.27,52631995.52,32313818.47,,,,,,,False,False,False
VILA BOA,GO,2019,PEQUENO PORTE,1151879.29,4459527.56,34178759.269999996,,,,,,,False,False,False
VILA BOA,GO,2020,PEQUENO PORTE,2072787.3,4541265.91,30115552.849999998,,,,,,,False,False,False
VILA BOA,GO,2021,PEQUENO PORTE,2793645.96,5756463.94,29901601.3,,,,,,,False,False,False
VILA BOA,GO,2022,PEQUENO PORTE,3190562.8,6470269.16,30421401.029999997,,,,,,,False,False,False
VILA BOA,GO,2023,PEQUENO PORTE,2819022.57,7664645.13,30907779.2,,,,,,,False,False,False
VILA BOA,GO,2024,PEQUENO PORTE,3241953.87,8591220.67,30331359.18,,,,,,,False,False,False
VILA FLORES,RS,2019,PEQUENO PORTE,2366403.79,24283916.8,31960903.169999998,,,,,,,False,False,False
VILA FLORES,RS,2020,PEQUENO PORTE,2741011.63,28306545.64,31009101.18,,,,,,,False,False,False
VILA FLORES,RS,2021,PEQUENO PORTE,2702330.23,30428433.12,30270635.7,,,,,,,False,False,False
VILA FLORES,RS,2022,PEQUENO PORTE,3070211.08,31557582.67,33189797.009999998,,,,,,,False,False,False
VILA FLORES,RS,2023,PEQUENO PORTE,3787782.56,35477545.41,33746207.629999995,,,,,,,False,False,False
VILA FLORES,RS,2024,PEQUENO PORTE,4366746.15,40394720.11,33441942.71,,,,,,,False,False,False
VILA LANGARO,RS,2019,PEQUENO PORTE,1643420.56,16425589.76,31853009.96,,,,,,,False,False,False
VILA LANGARO,RS,2020,PEQUENO PORTE,2032781.76,19313045.5,30897462.08,,,,,,,False,False,False
VILA LANGARO,RS,2021,PEQUENO PORTE,2002776.78,21828828.09,30517918.18,,,,,,,False,False,False
VILA LANGARO,RS,2022,PEQUENO PORTE,2277396.97,23872489.22,32363671.41,,,,,,,False,False,False
VILA LANGARO,RS,2023,PEQUENO PORTE,2476608.12,27343480.35,33864804.17,,,,,,,False,False,False
VILA LANGARO,RS,2024,PEQUENO PORTE,2126685.65,32299005.55,32537567.91,,,,,,,False,False,False
VILA MARIA,RS,2019,PEQUENO PORTE,1922523.91,23365866.35,32480432.34,,,,,,,False,False,False
VILA MARIA,RS,2020,PEQUENO PORTE,2067939.87,26611019.91,30261193.77,,,,,,,False,False,False
VILA MARIA,RS,2021,PEQUENO PORTE,2163103.02,28836327.83,30383704.3,,,,,,,False,False,False
VILA MARIA,RS,2022,PEQUENO PORTE,2359983.42,29730616.47,32875793.97,,,,,,,False,False,False
VILA MARIA,RS,2023,PEQUENO PORTE,2640800.62,33431096.68,34283055.68,,,,,,,False,False,False
VILA MARIA,RS,2024,PEQUENO PORTE,3333431.21,38307663.81,32957516.61,,,,,,,False,False,False
VILA NOVA DO PIAUI,PI,2019,PEQUENO PORTE,871679.88,1850357.42,30000891.09,,,,,,,False,False,False
VILA NOVA DO PIAUI,PI,2020,PEQUENO PORTE,858077.47,2382812.33,29990341.99,,,,,,,False,False,False
VILA NOVA DO PIAUI,PI,2021,PEQUENO PORTE,1028949.6,3037264.07,29906796.3,,,,,,,False,False,False
VILA NOVA DO PIAUI,PI,2022,PEQUENO PORTE,1974605.27,3753244.630000001,30283836.119999997,,,,,,,False,False,False
VILA NOVA DO PIAUI,PI,2023,PEQUENO PORTE,1622059.1,5386210.46,30636615.34,,,,,,,False,False,False
VILA NOVA DO PIAUI,PI,2024,PEQUENO PORTE,2513615.28,6768658.85,30387947.15,2022-02-07 00:00:00,2021-12-14 00:00:00,,,,,False,False,False
VILA NOVA DO SUL,RS,2019,PEQUENO PORTE,2759336.7,12195812.75,31257908.4,,,,,,,False,False,False
VILA NOVA DO SUL,RS,2020,PEQUENO PORTE,2890077.99,14818692.61,30737320.89,,,,,,,False,False,False
VILA NOVA DO SUL,RS,2021,PEQUENO PORTE,2760959.72,17216080.89,30154152.529999997,,,,,,,False,False,False
VILA NOVA DO SUL,RS,2022,PEQUENO PORTE,3680490.22,18622526.44,31591924.81,,,,,,,False,False,False
VILA NOVA DO SUL,RS,2023,PEQUENO PORTE,3292665.27,21744481.95,32858607.89,,,,,,,False,False,False
VILA NOVA DO SUL,RS,2024,PEQUENO PORTE,2588839.61,25860707.56,31226863.08,,,,,,,False,False,False
VIRADOURO,SP,2019,MÉDIO PORTE,4649851.78,45589621.59,36190528.54,,,,,,,False,False,False
VIRADOURO,SP,2020,MÉDIO PORTE,5188683.9,56283755.03,32627825.45,,,,,,,False,False,False
VIRADOURO,SP,2021,MÉDIO PORTE,5379466.12,62047296.66,28733168.08,,,,,,,False,False,False
VIRADOURO,SP,2022,MÉDIO PORTE,6829545.68,62229945.44,30420640.23,,,,,,,False,False,False
VIRADOURO,SP,2023,MÉDIO PORTE,7885071.26,66922447.66,40103114.89,,,,,,,False,False,False
VIRADOURO,SP,2024,MÉDIO PORTE,10452832.05,78981886.65,34741806.28,2021-02-12 00:00:00,2021-02-11 00:00:00,2022-02-15 00:00:00,II,,II,False,False,False
VIRGINOPOLIS,MG,2019,PEQUENO PORTE,1315055.43,7867221.28,30902152.279999997,,,,,,,False,False,False
VIRGINOPOLIS,MG,2020,PEQUENO PORTE,1493620.17,7870330.48,30297906.5,,,,,,,False,False,False
VIRGINOPOLIS,MG,2021,PEQUENO PORTE,1801880.58,7128410.45,30083031.8,,,,,,,False,False,False
VIRGINOPOLIS,MG,2022,PEQUENO PORTE,1844149.88,5654433.73,30369210.08,,,,,,,False,False,False
VIRGINOPOLIS,MG,2023,PEQUENO PORTE,2570356.27,4225769.63,30289417.39,,,,,,,False,False,False
VIRGINOPOLIS,MG,2024,PEQUENO PORTE,3535279.0,3754167.34,30213846.47,,,,,,,False,False,False
VISTA GAUCHA,RS,2019,PEQUENO PORTE,1030004.58,14268198.75,30987223.56,,,,,,,False,False,False
VISTA GAUCHA,RS,2020,PEQUENO PORTE,1111312.75,16602464.06,31149966.759999998,,,,,,,False,False,False
VISTA GAUCHA,RS,2021,PEQUENO PORTE,1023766.94,18480324.09,30868623.21,,,,,,,False,False,False
VISTA GAUCHA,RS,2022,PEQUENO PORTE,1112155.82,19819853.64,32121532.84,,,,,,,False,False,False
VISTA GAUCHA,RS,2023,PEQUENO PORTE,1117130.91,22005715.28,32798237.58,,,,,,,False,False,False
VISTA GAUCHA,RS,2024,PEQUENO PORTE,1229911.45,23749901.62,32181966.53,,,,,,,False,False,False
VOLTA REDONDA,RJ,2019,GRANDE PORTE,18712418.65,73979981.78,40076331.09,,,,,,,False,False,False
VOLTA REDONDA,RJ,2020,GRANDE PORTE,25402084.05,92332697.91,46651173.72,,,,,,,False,False,False
VOLTA REDONDA,RJ,2021,GRANDE PORTE,31269077.02,114911733.55,40229420.2,,,,,,,False,False,False
VOLTA REDONDA,RJ,2022,GRANDE PORTE,35784017.97,139643619.74,53953321.46,,,,,,,False,False,False
VOLTA REDONDA,RJ,2023,GRANDE PORTE,37506274.16,194592182.35,65494503.05,,,,,,,False,False,False
VOLTA REDONDA,RJ,2024,GRANDE PORTE,41284056.2,269620934.87,53908584.3,,,,,,,False,False,False
WENCESLAU BRAZ,PR,2019,MÉDIO PORTE,3046630.93,20295381.2,35466446.76,,,,,,,False,False,False
WENCESLAU BRAZ,PR,2020,MÉDIO PORTE,3471523.96,25552555.64,33403154.11,,,,,,,False,False,False
WENCESLAU BRAZ,PR,2021,MÉDIO PORTE,3887006.1,27006328.89,31363355.24,,,,,,,False,False,False
WENCESLAU BRAZ,PR,2022,MÉDIO PORTE,4894149.38,26280456.56,31867300.97,,,,,,,False,False,False
WENCESLAU BRAZ,PR,2023,MÉDIO PORTE,6838784.58,28258339.01,34705658.74,,,,,,,False,False,False
WENCESLAU BRAZ,PR,2024,MÉDIO PORTE,731545.92,31215286.95,30157726.68,,,,,,,False,False,False
XANGRI-LA,RS,2019,MÉDIO PORTE,14335247.26,37456018.7,35471223.42,,,,,,,False,False,False
XANGRI-LA,RS,2020,MÉDIO PORTE,17105078.68,51907863.47000001,32404150.22,,,,,,,False,False,False
XANGRI-LA,RS,2021,MÉDIO PORTE,21092184.66,66238847.75,31763220.05,,,,,,,False,False,False
XANGRI-LA,RS,2022,MÉDIO PORTE,17414344.59,85293120.97,38717852.32,,,,,,,False,False,False
XANGRI-LA,RS,2023,MÉDIO PORTE,17889605.25,111438212.35,43611094.8,,,,,,,False,False,False
XANGRI-LA,RS,2024,MÉDIO PORTE,18760100.52,145417786.91,44280127.26,2023-09-11 00:00:00,2023-08-29 00:00:00,,,,,False,False,False
